Id,MedHouseVal
37137,0.4475624084097021
37138,1.1752113935123845
37139,3.561358128886617
37140,2.759770343681687
37141,1.9488219821023733
37142,2.950770050333631
37143,1.9029890829453961
37144,2.1151645905128973
37145,1.0520067982893337
37146,0.9124939288327596
37147,2.0680137984084013
37148,1.6623083983531899
37149,1.4920369922249535
37150,1.7472027151495126
37151,1.8847766788960527
37152,2.9777216610409383
37153,1.5872578237179056
37154,1.9918216526853527
37155,1.8958704991596989
37156,0.6973394398207233
37157,2.455954897086059
37158,1.6564405896547072
37159,1.3708282237483331
37160,0.33963226487588116
37161,2.1822993645753783
37162,2.5474475017933784
37163,2.7595214124703915
37164,1.7671435483560742
37165,3.0988499986301363
37166,2.113034540968748
37167,5.34232608366402
37168,7.145741677221622
37169,1.4182724862188465
37170,0.3660342276273312
37171,2.6657148531247046
37172,4.057552370995474
37173,2.7154751389436598
37174,1.707098081915376
37175,1.2568496817639314
37176,2.523869502470106
37177,2.167966989260229
37178,1.4619852266125406
37179,1.7264761289474677
37180,3.376283317398787
37181,2.3992664622499333
37182,0.8628649320706998
37183,2.2883895403224415
37184,3.220282902950096
37185,2.639852125572318
37186,2.398747648117549
37187,1.7094354884594907
37188,2.7495427743447465
37189,1.386897781134202
37190,2.2777524597551277
37191,2.1528365615002585
37192,0.9949656455233651
37193,2.9754463681766907
37194,1.1320210226393144
37195,2.4218582566142217
37196,1.6107912120757106
37197,1.2130080044739984
37198,1.811242244584669
37199,2.0571127951719888
37200,3.4595068345233884
37201,2.654213731295556
37202,2.579924129208649
37203,2.109687190834407
37204,2.171266896917558
37205,2.592367658030959
37206,2.3288694731422055
37207,2.096000591323829
37208,0.986458554767843
37209,2.7011559920418833
37210,3.9347789445616783
37211,3.358561017057596
37212,1.1383869654668501
37213,2.784699739418599
37214,1.6351503412890054
37215,1.1131164459567344
37216,1.78693861812949
37217,1.8613100236842897
37218,2.316115254541401
37219,1.1912045811143912
37220,2.650164528357344
37221,1.2286449696933346
37222,1.5583948077533378
37223,1.871098764806625
37224,2.728670982895359
37225,1.9329281394996087
37226,3.934543117710163
37227,2.195185285845845
37228,0.2703451934054115
37229,1.963035622760401
37230,2.2430245916140166
37231,0.5530633720736233
37232,3.6310778372887142
37233,1.3507208807030437
37234,0.39519259568215404
37235,1.8859665515646498
37236,2.9179260921207657
37237,2.611685857572077
37238,3.6450508418123206
37239,1.124391430774736
37240,0.9273522063065869
37241,2.0181046866399868
37242,2.9262675140875345
37243,2.483152018457254
37244,0.6569008118404014
37245,2.7320956898920983
37246,1.6992308113358163
37247,1.4279388171474707
37248,1.7439332208432603
37249,2.968916835035266
37250,0.9363897865316204
37251,2.1413980359890843
37252,1.6661960560750018
37253,2.1864365942274517
37254,1.9224135678154823
37255,2.2011214661568133
37256,2.120873733970541
37257,3.683988490863058
37258,2.043267650068593
37259,2.982401923972411
37260,1.9563375381089685
37261,2.1518919903609657
37262,2.3785093052336066
37263,1.7728317368164284
37264,1.8053397714358326
37265,3.3806547006274386
37266,2.220915749611194
37267,2.919729357661396
37268,1.2461214440269757
37269,0.8524329257630043
37270,1.6561928346991266
37271,2.606752179514139
37272,1.1795581562683495
37273,2.1286568361528992
37274,1.656152661980883
37275,2.6357310854376124
37276,1.2955633317792348
37277,2.0084995177884437
37278,1.9175318334359233
37279,2.8885370170669376
37280,2.6996207174519284
37281,3.606697950000232
37282,1.905433701895518
37283,2.8218903012022665
37284,3.7699665536946867
37285,1.9478582811179308
37286,2.776137253247491
37287,2.1177604769383436
37288,1.1324324360149163
37289,1.1254678373367284
37290,1.398500441581895
37291,2.0141585158636985
37292,1.6125217348729919
37293,1.3979042038105547
37294,1.701387992941541
37295,0.3537164496810945
37296,0.9482531737547859
37297,0.8819724116964807
37298,1.996612207431987
37299,2.743905301495552
37300,1.781989150666071
37301,2.1730495473035916
37302,0.34840843057021686
37303,3.214461736271886
37304,2.73955966324084
37305,1.1997932646935396
37306,1.9635292568922509
37307,2.154140526544886
37308,4.181338383488637
37309,2.7438679059708733
37310,1.903548730007742
37311,2.348644159353661
37312,1.7417771021543302
37313,2.520646245021055
37314,2.595953202860173
37315,0.9547815723963637
37316,1.1671688237283888
37317,3.6334032709649122
37318,2.5558315468504134
37319,1.6969916576492636
37320,1.1730431433025075
37321,1.7802099263914926
37322,1.892753802236058
37323,2.236397297412573
37324,1.2565587106638176
37325,1.9683882271567583
37326,1.5285547947227514
37327,1.9599665183809662
37328,1.6262978967369506
37329,1.4664717610635591
37330,1.0881036503934283
37331,2.357438833871761
37332,0.9622079093331237
37333,2.3963390404743805
37334,1.8947070247917424
37335,1.8579877088322334
37336,1.7365491916442224
37337,0.5081069434422787
37338,1.689138536588871
37339,1.247575452104904
37340,1.9710405323279971
37341,2.672525587175336
37342,1.9721778402894685
37343,1.6422798633606206
37344,2.346458039592619
37345,5.268099500451733
37346,1.499689307816432
37347,1.946961714080075
37348,0.922805993533899
37349,1.454869988596002
37350,1.8638967523172383
37351,2.4682459584230614
37352,2.098795661488211
37353,1.927784782314646
37354,2.7409073655342056
37355,1.5490936903460906
37356,1.0970496890262211
37357,2.85066905052566
37358,3.822160950722676
37359,3.3944359209413975
37360,0.9702989147040242
37361,2.4564109827547753
37362,0.4655821227228927
37363,0.786597075015699
37364,3.1607882231959366
37365,2.914285541912193
37366,1.2586725636013796
37367,1.7535416503273709
37368,1.5167355974000216
37369,1.656282317268527
37370,0.8793669573122003
37371,1.0752803984185704
37372,1.1109508420445735
37373,0.5098527412180616
37374,1.3332275659806783
37375,1.581020776542104
37376,2.4453443344315744
37377,2.6180481618063567
37378,2.320314656418482
37379,0.9788179296529051
37380,0.7794739404230597
37381,0.49211698852693075
37382,0.9198360798804188
37383,3.848177394189726
37384,2.093209029946159
37385,2.5425838372791603
37386,1.105272395177586
37387,1.6210581482029198
37388,3.4809520375771186
37389,2.934982762678949
37390,3.403603467239229
37391,2.3655282126688846
37392,0.6930044517985294
37393,4.132968897747617
37394,3.250003611429449
37395,2.1623565457211313
37396,2.5157175994226932
37397,1.2314828087551533
37398,1.6744002235692932
37399,1.5719478477916269
37400,2.2825474286706537
37401,1.0723544924789081
37402,0.9892278122773988
37403,1.682293269104349
37404,2.174853731534057
37405,1.3343164351755519
37406,3.106922224954829
37407,1.8829689166269503
37408,2.086047819563241
37409,2.4780213732870706
37410,1.8035044607442856
37411,1.3157322793405015
37412,1.078176284693626
37413,7.342072106238049
37414,0.3541163587021714
37415,1.822914426937281
37416,1.5987046549299464
37417,3.4320108939593226
37418,2.7165430695203554
37419,4.252562547333731
37420,2.8164850156224404
37421,1.5143008358338292
37422,3.001656520480587
37423,2.9607619536008727
37424,1.960107814108241
37425,2.59075587869426
37426,1.8528118498403714
37427,2.5846084348546015
37428,1.726006265799235
37429,1.29648173267055
37430,1.5837644708945149
37431,2.436332566300834
37432,1.9770749075696727
37433,3.902292165320304
37434,2.2278585420096917
37435,1.5536946346245344
37436,2.1465057901482183
37437,2.112983342845297
37438,1.9965279017008584
37439,2.116242674722635
37440,1.1745820886972922
37441,2.028999536475169
37442,2.782613909073376
37443,1.4955514301884492
37444,2.454106716873511
37445,2.270995394614424
37446,3.102374687513546
37447,2.218712113816565
37448,2.858198771916591
37449,1.6862950533434855
37450,1.7100842451197025
37451,2.6850815903378873
37452,2.7983719638587914
37453,1.813917042916863
37454,1.452239495916757
37455,2.1609516589191458
37456,1.3560885026354867
37457,1.4198797874242075
37458,0.2790951801877952
37459,1.2600142675469286
37460,1.9969175747797436
37461,1.8370559847585994
37462,2.7259021232040226
37463,2.637338719127399
37464,1.6008055796614897
37465,1.8886296296184781
37466,1.4782453667448436
37467,1.5673568354324345
37468,4.160230340632921
37469,2.0554771790662585
37470,3.211822869954588
37471,2.572883990484577
37472,3.22277136602672
37473,1.718023662515364
37474,0.9790857217114564
37475,1.262939288312296
37476,1.5482639174687804
37477,1.7097292320399617
37478,1.8268882460138514
37479,2.0605708642996987
37480,1.0059237521112792
37481,1.6502156357358686
37482,1.4655165873160314
37483,4.788795814015195
37484,1.370172487068423
37485,3.3466884068140956
37486,2.4926859199980385
37487,3.3903424063439047
37488,2.26009118292275
37489,1.8365915278736509
37490,1.9839201485938602
37491,1.7630434690496344
37492,2.671177731528722
37493,0.8626010093776841
37494,1.5597475016147726
37495,2.7795637380514506
37496,0.642030843621427
37497,1.974284479602403
37498,1.1870086823491306
37499,1.093767699669236
37500,2.505983501483044
37501,2.659789160549707
37502,3.4460038543517086
37503,1.7053626733759941
37504,2.5976683226965775
37505,2.5365363737118756
37506,3.268850836394442
37507,1.7216691178964183
37508,1.763333989751935
37509,1.8691962533476172
37510,1.641288523529127
37511,1.8325323578886241
37512,2.656179997886717
37513,1.338347543961497
37514,2.5433065367103893
37515,2.23562233308121
37516,2.6831931436545915
37517,4.6576265347840575
37518,2.02310684789515
37519,2.2678813186699713
37520,2.166244312822009
37521,1.3242883700336137
37522,2.736584335476252
37523,2.7766094864757562
37524,2.3987246876113772
37525,1.1449148895547978
37526,1.545245704169517
37527,3.7065134822242456
37528,2.863869051804656
37529,2.331439954428234
37530,1.8782330398627067
37531,1.6019770625707253
37532,2.067761361601029
37533,3.8275104497297434
37534,2.758370564264105
37535,2.1699917864839193
37536,2.139314000186964
37537,1.6466704257473808
37538,0.8242591334111395
37539,1.7343163927506637
37540,3.3947986910632295
37541,1.812974005187293
37542,1.8807469325400916
37543,2.7115055790963396
37544,1.9513619016821906
37545,0.4271789886313897
37546,1.5204714177498673
37547,3.5533700462010174
37548,1.1454918001903636
37549,1.9085561132692845
37550,3.5099690027967796
37551,0.7543663662191094
37552,2.6430921920777593
37553,2.037393406548894
37554,2.0006962336013743
37555,0.8232379197508664
37556,1.0829293680804142
37557,1.4050791755882486
37558,1.1761275469233894
37559,1.9129738959599365
37560,2.0181980019312817
37561,3.3019892984876904
37562,1.7057526275225214
37563,2.1428941717455956
37564,2.810772212381437
37565,3.5269821092390856
37566,1.4363679403332625
37567,2.7252498719958993
37568,2.0992109665477514
37569,0.6089138276424748
37570,3.225599134806373
37571,2.6886384728276056
37572,3.8960634876964093
37573,1.6505220252451522
37574,3.9222200325140903
37575,1.7875089630138206
37576,3.142955146136252
37577,1.5869414090863216
37578,1.0145386499461324
37579,1.97836420104084
37580,1.7747286749735878
37581,0.7177117115373335
37582,2.5527632702759746
37583,0.7722019514445719
37584,1.8338290577399974
37585,2.2573921233392227
37586,1.0858419669177763
37587,1.440847470908416
37588,2.2282948946837777
37589,2.3849957004429
37590,2.034349047640788
37591,3.0474760416627404
37592,0.9410000080504233
37593,4.353335514170894
37594,1.218691294006824
37595,0.6824531246843506
37596,2.9481346571570555
37597,1.5738753004564217
37598,2.4692452264974563
37599,2.2894635023963588
37600,1.8530067133979458
37601,1.14890139014215
37602,1.7873901131154923
37603,2.2173888788197686
37604,1.2215340364275278
37605,1.0713741824407066
37606,2.568427591827131
37607,2.0584818020918902
37608,1.61841918361948
37609,1.683612140324719
37610,0.8988447237598507
37611,2.3326266962975097
37612,1.817088048174682
37613,1.430166857858893
37614,1.4801944723674794
37615,1.2122893920958546
37616,2.3575768311926453
37617,1.9213361497410375
37618,2.0348081763330867
37619,1.5735920760390272
37620,1.5123924218067302
37621,1.3340044611111637
37622,2.028023642062564
37623,2.0163326824426875
37624,3.760827185524292
37625,3.318411074652232
37626,1.4647143101842701
37627,2.7599653963196715
37628,2.539150471636262
37629,1.8430127810971157
37630,1.5248464838229197
37631,2.1962767112906647
37632,1.9291766001949426
37633,1.9136197951091702
37634,1.5524182729992688
37635,2.038405799325936
37636,1.5266919951371776
37637,1.955415270414946
37638,2.236178354416218
37639,2.006693760401177
37640,1.6863360350022418
37641,1.3827664092936516
37642,1.8339493240441627
37643,1.6504082182044755
37644,0.8780437101736496
37645,1.1636107491004424
37646,0.9798791095375847
37647,1.2421762471448616
37648,1.9140430298884752
37649,3.093865622948691
37650,1.4314248068240971
37651,3.046393783927556
37652,2.1024328330352375
37653,2.776007446793969
37654,2.8508081939238537
37655,2.9411472541562134
37656,2.0374899364980195
37657,0.8055036573307319
37658,1.50903259130326
37659,2.6682830200898096
37660,1.6037679813284953
37661,1.9833827699502535
37662,2.128964764214622
37663,1.696192111535595
37664,1.0088563263872814
37665,1.5831379173731435
37666,2.3165223373458446
37667,3.7906752131072423
37668,1.7237737947810174
37669,1.8062190914689253
37670,2.297853162555363
37671,2.3985997578874176
37672,1.4820770399683738
37673,1.8374001324755938
37674,2.0695339886171595
37675,1.4377865464359658
37676,1.3143875987967277
37677,0.8134005691519093
37678,1.0628725106769608
37679,1.3106334358382696
37680,3.1766490543979415
37681,1.6740447225602466
37682,2.363730519937775
37683,2.861244625490677
37684,1.4507098726779475
37685,1.0645600976060337
37686,1.144281235718985
37687,2.8905754008270605
37688,1.4242946600167414
37689,1.4004601401348467
37690,2.988599733195322
37691,4.625200589503095
37692,4.115567705601734
37693,1.539462141807448
37694,1.5518199641831103
37695,2.3299732107731046
37696,2.0686145421221127
37697,2.559044959522822
37698,2.02308450489749
37699,1.2113854444396708
37700,0.9364279317889412
37701,2.812240470325321
37702,5.092251333794856
37703,-0.2678678536076333
37704,1.2633982684719456
37705,2.3714948210046103
37706,2.944994849209742
37707,3.0354807636296073
37708,2.255422009091042
37709,4.595645301891402
37710,5.777221411257557
37711,2.40997019672772
37712,3.3396975916218423
37713,2.144752090909165
37714,0.9620547262847339
37715,2.629560185520269
37716,2.2209855850712117
37717,2.349726624841786
37718,2.8076957996787257
37719,2.6898872999911347
37720,2.3576275485796216
37721,2.3862543796304294
37722,1.81463429112069
37723,2.332148262438828
37724,3.035493884600527
37725,2.818252275740491
37726,1.6909555135321312
37727,5.205967735054124
37728,0.5906981026966704
37729,6.046071506587154
37730,2.1179797083881766
37731,1.4805162461480137
37732,1.4138082999842396
37733,2.588367108992145
37734,2.2243649628032003
37735,0.8917055962483147
37736,4.287441733374536
37737,1.4593057462990018
37738,1.7813477850044706
37739,1.1659832834283037
37740,1.812503517135788
37741,1.616645983919554
37742,2.1929244562354384
37743,1.7619828702657259
37744,1.2773578578042333
37745,2.510145636598665
37746,1.5740548672907906
37747,2.5877245755506166
37748,1.0336324493830773
37749,1.1009538312355716
37750,1.4805925028402172
37751,3.0602563151633078
37752,0.9500947170751246
37753,3.6891197157852957
37754,2.263460676467105
37755,3.368237048559088
37756,1.6378771325050394
37757,1.2061930206297404
37758,1.7934554626679358
37759,1.7469927051450398
37760,2.82013661547807
37761,1.2914205740515214
37762,1.358596551464096
37763,1.6170901162070592
37764,5.045631612997809
37765,2.373900066564431
37766,1.5400875353040178
37767,2.375969712920522
37768,2.8401889469660517
37769,2.4771841583254997
37770,0.9497721454275023
37771,0.619665253829595
37772,2.1134626450907135
37773,2.6549693686789766
37774,4.101848436019068
37775,1.2450347128378851
37776,2.4155533274573955
37777,0.8705028843242886
37778,1.923151987493803
37779,3.1564885567299257
37780,1.6376287346152694
37781,2.358333706844668
37782,2.827822798747249
37783,2.9681395406891156
37784,0.8321138439307703
37785,1.672208520266814
37786,2.228658090872017
37787,2.3743844068345936
37788,2.279053395107468
37789,3.1862171542454973
37790,2.651750019596335
37791,3.397482981222616
37792,2.322569454859959
37793,0.8673694284298605
37794,1.8150279717413156
37795,2.1908713729553355
37796,1.8851553849870584
37797,2.1908325105875477
37798,3.3898637507201883
37799,2.0162360103327117
37800,2.7124884167824987
37801,2.4332660909066632
37802,3.2187410880337524
37803,2.409019064390421
37804,1.9808450772001578
37805,1.9334128267801347
37806,2.4884832418270264
37807,3.351319712005946
37808,1.3957637844773956
37809,1.8409018112352413
37810,0.039179194358084146
37811,1.9776970266023568
37812,1.6089885374283526
37813,2.1766292472521656
37814,1.6544726731414912
37815,2.3790410590055586
37816,2.271715192420892
37817,1.3317228326297652
37818,2.1750126973565074
37819,0.34140063644656493
37820,1.8293912213775272
37821,2.9665108454402684
37822,2.3960149041826213
37823,2.87605846975363
37824,1.2307165149913502
37825,1.9937482837073333
37826,1.0397326470932597
37827,1.4273233293797034
37828,2.6793170706807032
37829,2.6719556542983725
37830,2.10774495010466
37831,1.8952933016822016
37832,1.7099460345855633
37833,2.997961514731813
37834,1.1449620146977466
37835,3.3712223061100417
37836,2.1806320143812457
37837,1.6497212700829138
37838,0.9857971559688465
37839,2.288826257307619
37840,1.0210520150198974
37841,2.122010272042033
37842,0.8174464040638938
37843,4.143808032817475
37844,1.5229875696775537
37845,2.0827741104705595
37846,1.0050491349245476
37847,1.9215414804271518
37848,3.1358439738718573
37849,2.430013444672717
37850,2.093469037682567
37851,1.5425839432022883
37852,2.2679649301223677
37853,3.336162917744552
37854,2.0983837449046163
37855,2.8493848580017485
37856,0.8143753134921567
37857,1.1880597587518977
37858,2.254856493027056
37859,2.3724318802796986
37860,2.571853822188899
37861,2.373758932535239
37862,0.8941544045342411
37863,2.7383521583663253
37864,2.278818206866461
37865,0.8417767712481563
37866,1.8626146703785764
37867,2.605143216543773
37868,2.6686507792333316
37869,3.2009784960114303
37870,2.380795147208204
37871,1.0022763743231664
37872,3.090331483863089
37873,1.8437315394464378
37874,1.8134156199444291
37875,1.8815888511542624
37876,2.416566398396583
37877,5.068256257359067
37878,1.9559138659008468
37879,2.1999520060218885
37880,0.7076010578106349
37881,2.198498487234467
37882,2.1593800381750725
37883,1.633321023429552
37884,1.7662124183615262
37885,2.6605596790581387
37886,1.9137079662100334
37887,1.3243876866703204
37888,1.301377399241737
37889,2.633934580427315
37890,1.5221856810528536
37891,1.8288981378297748
37892,1.5101383909426858
37893,0.8428107979597712
37894,3.880970209665108
37895,2.1886127818372003
37896,2.3211961175527662
37897,2.0815072170857647
37898,2.634260467508227
37899,1.848760603495954
37900,3.702077558432933
37901,0.7067243495449418
37902,0.6586989565617642
37903,4.046655476964439
37904,3.0922011442925594
37905,3.952514554641681
37906,2.7477620274680774
37907,1.6737804610539513
37908,1.6472475879122115
37909,2.0371550271762118
37910,2.2832370669140687
37911,2.8665858178422425
37912,1.665555246054474
37913,2.0138561399894925
37914,2.7586151979314337
37915,2.009460834891243
37916,1.9068947620783732
37917,2.0896648630592907
37918,0.9064286536941353
37919,2.3181663783813917
37920,7.360256146125437
37921,1.210602302753962
37922,2.0549424124948175
37923,1.4117383837136543
37924,1.3960097577302761
37925,1.1927818118779925
37926,2.1258042955691323
37927,1.1981079731957252
37928,1.0697858169891177
37929,1.5457764247084143
37930,1.450556955047837
37931,1.7360213655541585
37932,2.7447701620590195
37933,1.3839665980267029
37934,3.406180157279259
37935,1.4489764799518525
37936,1.6120010585552507
37937,1.1482390287486695
37938,2.138278302365933
37939,2.108630384151077
37940,1.9175446021202092
37941,3.2884030117858245
37942,1.4337416159326182
37943,1.967076856126937
37944,2.539513613476231
37945,2.3933353612929196
37946,1.3976261502043528
37947,1.9945833991537825
37948,2.2017477702978496
37949,3.997980655589714
37950,2.0995479812451237
37951,1.085294707685101
37952,1.4824819991369935
37953,0.8340147786342129
37954,2.136742935500422
37955,1.569626224287056
37956,0.6092925526513113
37957,1.7153259678308714
37958,2.690108891339044
37959,1.7265012526049688
37960,2.150328176804898
37961,1.1239873736577266
37962,1.6365818407515533
37963,3.5888595702824233
37964,1.4262100506350421
37965,2.308001155819909
37966,3.0361464801141906
37967,3.146815193560137
37968,2.5827482397220365
37969,1.6203540339610285
37970,1.506890800515336
37971,2.8845266472235878
37972,2.336826112371213
37973,1.391271018157937
37974,1.525440769961314
37975,2.110189180864353
37976,2.4160205385076026
37977,3.017772108615297
37978,1.3405334321303641
37979,1.4017640818279489
37980,1.3121616796183844
37981,0.6651170230529004
37982,2.181448994406118
37983,2.081719922200257
37984,0.9452088140551496
37985,2.6179457414932656
37986,1.7683867808404372
37987,0.007665453642424325
37988,2.884735586185734
37989,1.7048769052455768
37990,2.185379460095028
37991,2.0629776610843322
37992,2.2594885080737157
37993,1.6200947612710905
37994,0.44009047647369925
37995,1.8254169857099214
37996,2.2476993669422
37997,2.6667759692969355
37998,1.0474058904584496
37999,2.11654483297459
38000,1.7955243114685615
38001,3.210120147123895
38002,1.8332162772235066
38003,2.1452150660913745
38004,2.3114192494910313
38005,-0.42655938011827743
38006,2.3422979281163236
38007,2.256199503729121
38008,1.0685036989560004
38009,2.5384937750980967
38010,1.5288202949298935
38011,0.6097870125325855
38012,1.588729098845846
38013,4.890410986992542
38014,3.3683972409285516
38015,1.776297024347869
38016,1.4825414892199902
38017,2.2735036138883373
38018,2.1773620366841158
38019,3.368025030530177
38020,2.016931265924427
38021,0.8947809315019839
38022,0.7911857210964257
38023,2.9152793520224307
38024,3.262192392216164
38025,1.7884072473193342
38026,1.5785823830234804
38027,1.8098175425033318
38028,1.450771195003263
38029,2.728225503695633
38030,2.240964675092883
38031,2.0111244423641494
38032,0.22387841062634806
38033,1.839309828099232
38034,2.6010348515888495
38035,0.9424616086497295
38036,0.7407715649548123
38037,2.8442464662876006
38038,1.9373222536767045
38039,1.5517414801016756
38040,1.2527795375528257
38041,1.415887184656917
38042,2.0868970976165073
38043,2.0782229166754647
38044,2.6959278623538694
38045,1.1618224525906555
38046,1.7878640847354532
38047,1.5397290795160572
38048,1.6234064878817378
38049,1.952794233718194
38050,1.7123831970708352
38051,1.5360311177182737
38052,0.6664603257114123
38053,0.9404895889081217
38054,0.6801026965225674
38055,1.384376364294937
38056,1.684329231399623
38057,2.208742072280515
38058,1.9448987415833585
38059,2.256532306530225
38060,1.8919242729788621
38061,1.6282814041981837
38062,2.8617783397817647
38063,2.304580370222048
38064,3.3097147095470163
38065,2.6822183557636876
38066,2.386054243885127
38067,1.7535714949935866
38068,1.1473084867817818
38069,1.7252173318419253
38070,2.221342279394314
38071,1.8728721360686293
38072,3.0397531477147623
38073,2.2801839838343483
38074,2.206427423221456
38075,1.7313334522034438
38076,1.8932794448740893
38077,2.413447183467042
38078,2.3734330405113155
38079,3.9836771327040097
38080,2.075275318831089
38081,2.601002759592177
38082,2.791336387109027
38083,1.5767931390840104
38084,3.471726459427387
38085,2.3820802539791472
38086,1.2142168442699628
38087,0.4394122846925086
38088,2.2286871372362356
38089,2.5129796994437896
38090,2.707714255800937
38091,1.4921845116386763
38092,2.1333763963211396
38093,2.242778235423309
38094,1.7752598625175509
38095,2.442775104894622
38096,3.7205113825233767
38097,1.5535837710136775
38098,1.6796555946971168
38099,1.4672714992414697
38100,3.7946411665914894
38101,3.1851084627342985
38102,1.6521885928615845
38103,2.2784420606317823
38104,1.9259537832710265
38105,2.0265378134759757
38106,3.57256361225091
38107,1.9949927609590645
38108,2.880994952550516
38109,1.3561253959178075
38110,1.8761253961776774
38111,1.9713735613351204
38112,5.074240961740308
38113,2.604688394757936
38114,3.193042706915165
38115,2.6495028658424147
38116,1.698886652688202
38117,5.401367681571713
38118,1.7132085825104397
38119,2.095389777709343
38120,1.9527367822267792
38121,1.8746136230727686
38122,1.0307366220036087
38123,3.061884737591704
38124,1.343424535095025
38125,1.8034088418702865
38126,1.5876591916086724
38127,1.4163768097917284
38128,3.3834050349243583
38129,1.405777966798567
38130,0.8124276182940164
38131,1.3373446271782896
38132,0.4882394244506614
38133,1.3113085694013193
38134,1.4239326741490075
38135,1.9251342756214598
38136,1.941889336978086
38137,2.7618703067242336
38138,2.0098159967789115
38139,2.655872334589688
38140,3.3239444572027494
38141,2.602994383433348
38142,1.016368488988256
38143,2.5522315156666195
38144,1.3024203167982265
38145,1.376718618441224
38146,2.2865042839666714
38147,1.6491871625062586
38148,1.3898057114409639
38149,2.5858541279519045
38150,2.386629121029692
38151,3.1600497251925077
38152,1.360352855674364
38153,3.833633328662124
38154,1.8819550904719833
38155,3.2003016257091375
38156,1.8988060952905528
38157,1.870514659094546
38158,0.6511776843673189
38159,1.3266249152076597
38160,1.368544398258365
38161,2.3842984156061036
38162,2.176600983410971
38163,1.3464483279410757
38164,2.2065419872317804
38165,2.5664722894824195
38166,2.311888520445194
38167,0.8009392232706816
38168,0.7092784539987775
38169,2.1874092222207295
38170,1.0911492522814328
38171,1.3202169250441358
38172,1.776944451314776
38173,3.9694186128171225
38174,1.6666131163322433
38175,1.589958856870787
38176,1.5922847591803588
38177,3.539039495300514
38178,2.200676279191498
38179,1.4915805470265724
38180,1.4114187484653513
38181,1.0193916747855951
38182,2.7746323007050435
38183,2.4069031874938105
38184,1.1902231095480857
38185,2.63354267347723
38186,4.3128460720473925
38187,2.2965217721735485
38188,0.6250045734512568
38189,0.9477186264869104
38190,2.2893243663961016
38191,1.2445599376286651
38192,2.0301377284514217
38193,2.1205356806171025
38194,2.514372213873422
38195,1.532064606421919
38196,2.1852136996532963
38197,2.5179158213171746
38198,4.019887545516042
38199,0.869655696792293
38200,1.6109291718259016
38201,1.1375575973119894
38202,1.9044415902506202
38203,2.355896005475259
38204,1.3336309584497172
38205,1.9327544929336398
38206,2.0590060458162327
38207,2.341229591644826
38208,2.5627427836641345
38209,1.4758232713927768
38210,2.1795191384812043
38211,1.2716311499776936
38212,2.2269036433694964
38213,3.132993503726574
38214,1.437196162967325
38215,1.2877494530497628
38216,2.658196712237853
38217,3.045080238171984
38218,0.6995020296412875
38219,1.9679339664098165
38220,1.8175364010714148
38221,1.2690194743290988
38222,2.1952692238580767
38223,2.6027201631590415
38224,1.0771575047168085
38225,1.4691309359425944
38226,2.2291016726230453
38227,3.3585523951380694
38228,2.06881609799607
38229,2.5309175914372517
38230,1.0746383609784047
38231,1.959400341880162
38232,1.868542173759721
38233,2.7994443999001604
38234,3.064038799618004
38235,1.834011050979754
38236,2.4404817316546144
38237,2.597538731480384
38238,2.223703552261739
38239,2.835449746018085
38240,3.0260756023405904
38241,1.3432278876754893
38242,1.561486334842101
38243,2.4755300617286906
38244,1.823541889520861
38245,2.0444208084698445
38246,2.564093278344835
38247,1.07523209738347
38248,7.208212127262733
38249,2.4262780236338344
38250,3.2517137145363293
38251,0.4118163268834749
38252,2.744439739601553
38253,2.5237890704528994
38254,2.2309347238236725
38255,0.928873521698037
38256,2.0149305524955423
38257,1.0564748333139704
38258,2.9242586226284217
38259,1.7778825161882494
38260,1.1858436674494257
38261,2.237597669928867
38262,1.4265143207754463
38263,2.887479616972854
38264,3.324686992484537
38265,1.259279819083794
38266,2.1609297962911214
38267,1.2990684550845515
38268,0.43764121292253577
38269,1.8851088244390013
38270,1.8578933282973438
38271,4.064826513210697
38272,2.275392942990763
38273,4.38867869580217
38274,2.823066000902571
38275,2.0937395737375013
38276,3.0847263406302403
38277,1.1484340822362356
38278,1.8335057830286843
38279,1.9989667473224273
38280,1.87556250661369
38281,1.3906725822433401
38282,0.22001524285404628
38283,2.6502422150830967
38284,1.5126576854413827
38285,1.017599650731583
38286,1.5533713859046685
38287,2.3034520181116918
38288,1.5516665954282374
38289,1.8306679972038538
38290,3.078254338727511
38291,1.4315560837939358
38292,1.2770592361839377
38293,2.0630696385319354
38294,0.9871829227634379
38295,2.7465987471364457
38296,1.2208821883933965
38297,2.002403999584999
38298,1.5433462044415265
38299,2.621852373266158
38300,1.895234292028583
38301,1.5304489673995647
38302,2.652650226310463
38303,1.6351450383205162
38304,2.1743076059629374
38305,2.1650305835764385
38306,1.590886420971131
38307,3.1170316395245052
38308,2.1004021436449563
38309,2.2052940042362366
38310,1.4650379799743334
38311,3.0402232198637194
38312,2.7112681340868363
38313,1.792888498649468
38314,2.912035993723123
38315,1.7701340718637297
38316,1.9921717810403052
38317,2.8892691053912785
38318,1.3820083611927672
38319,2.279357445986278
38320,1.8574434671461404
38321,2.3787221225751054
38322,2.799527439109305
38323,1.4535189212410131
38324,1.351073221482956
38325,1.9298105423774103
38326,1.4594259632160274
38327,3.318121729068075
38328,2.2516268576315994
38329,2.3387195699062033
38330,1.936334062763649
38331,2.937619137895858
38332,2.4512417735031278
38333,1.8667918177012197
38334,2.758430045483564
38335,2.0653833473547607
38336,3.2172948667808754
38337,1.315866566502919
38338,1.6661375886795255
38339,1.071663670733983
38340,2.10211205615618
38341,2.3031906546185823
38342,1.7905081963691032
38343,1.9756525507293645
38344,2.0594763235634943
38345,1.09100940447248
38346,1.9451106790283177
38347,2.352930950187691
38348,2.5902549926444465
38349,2.156683351360691
38350,2.4625552311404704
38351,0.5839198010966555
38352,0.6224343724593666
38353,1.4189022640144344
38354,1.1013741640485932
38355,2.80207320693782
38356,0.8085404199166106
38357,3.212472045544608
38358,4.343039336408623
38359,2.0720504770145283
38360,2.2162105128116636
38361,1.8944922464838
38362,3.330795736064246
38363,2.268992324089986
38364,2.323205948682478
38365,5.80869508623816
38366,1.4248260520707419
38367,2.5903593411802603
38368,1.8105994721774223
38369,2.85375212030371
38370,3.446354562508809
38371,2.04870763982548
38372,2.2355865850936425
38373,1.7930314160614529
38374,1.6856087786607006
38375,2.279720723212897
38376,1.098587639058806
38377,2.316834949690218
38378,0.7663947361702697
38379,0.8958236583825112
38380,1.5736648218727396
38381,2.185930097993527
38382,1.2770982690249681
38383,2.057682185336688
38384,1.6337423623444138
38385,2.061272473358599
38386,2.1852976094443406
38387,3.437325290628131
38388,2.367864491689005
38389,2.096210934820583
38390,4.393608333436781
38391,4.461189215287611
38392,0.49197906206872233
38393,1.9402638823738698
38394,-0.12852714301961754
38395,2.3775012752222864
38396,1.1152885585325194
38397,1.6092184534240985
38398,2.714514182332408
38399,1.5928420318849916
38400,2.071362208184489
38401,1.6208885470102103
38402,2.3082117651659786
38403,1.4707822101176902
38404,2.9328961445046815
38405,2.9324552033352376
38406,2.0709573025850574
38407,1.061233385243419
38408,2.5769179931605493
38409,3.3904665278027295
38410,2.6578161888401723
38411,3.384761501483524
38412,1.5118971363553584
38413,1.7256141861285457
38414,1.2817074600002698
38415,1.980787832549325
38416,3.026544365421749
38417,2.4088537730005726
38418,1.5626420024537069
38419,2.3866921718886402
38420,2.933386240110117
38421,2.454806637632231
38422,1.2429219826707012
38423,0.7312559782787105
38424,1.4243103657956624
38425,3.0388132706106035
38426,2.181213318471052
38427,2.077180112377043
38428,1.4547887504666335
38429,1.3122495960288205
38430,2.245409501016411
38431,1.3703702933740445
38432,1.1539204264559828
38433,2.94652073403968
38434,1.5727878408241551
38435,2.5229871778541337
38436,2.273599933760984
38437,2.510299453190875
38438,3.145274574355419
38439,3.5192368794613245
38440,1.5853322738324493
38441,3.524232125392345
38442,2.6339255732729328
38443,2.4675998531699506
38444,1.8908738019284783
38445,3.2132842248257987
38446,1.872359801095648
38447,1.8318261059768801
38448,1.5331427719507573
38449,1.893425408756407
38450,2.092835387291615
38451,2.1166776560852867
38452,3.2204090876206024
38453,1.425528962392903
38454,2.4049771825473982
38455,2.583859761257706
38456,2.6875522784122694
38457,1.0377929492288018
38458,2.5054059952378793
38459,3.0760613766162805
38460,0.7414839691224557
38461,0.9986189318397933
38462,1.2162734659180217
38463,1.4282328970850244
38464,1.500353758330256
38465,1.3488738013721644
38466,1.9100725891781352
38467,0.472001017571948
38468,1.7080567275777483
38469,2.0011722766277984
38470,1.9163816579538633
38471,1.1043225775704357
38472,2.4218453590274933
38473,1.5237935168291443
38474,1.998324073789668
38475,2.0482076368051736
38476,1.701254057594248
38477,1.572564598598035
38478,1.0779809004075886
38479,0.8114319888164729
38480,1.4891034532411709
38481,2.1713305408912547
38482,1.6322570378982704
38483,2.540253614719788
38484,0.8481534484537931
38485,1.3903893762154311
38486,1.0793736736956276
38487,2.136991920767251
38488,1.9426903582483135
38489,1.9502481119131616
38490,2.71229521271286
38491,0.6040613975050917
38492,0.9245709923434902
38493,0.7411892096721502
38494,1.5594641656889792
38495,2.5552648577160397
38496,2.204878143174632
38497,1.391141565047441
38498,1.490776256830678
38499,2.2477166904357375
38500,1.7451819576078123
38501,1.8641430553939813
38502,1.7199758912566736
38503,1.3255940056312596
38504,2.1129349450435626
38505,1.7287644593340303
38506,3.159730373457485
38507,1.7000504397800498
38508,1.310608035426327
38509,1.123495853265382
38510,1.9822951309436476
38511,2.091217649270355
38512,1.3810909224152255
38513,2.4926509821047205
38514,1.7891326672973733
38515,2.967183192597844
38516,1.7015465343592524
38517,0.6044116179808228
38518,1.7183925990813478
38519,2.588593840707148
38520,2.414444630964134
38521,1.414455692463541
38522,2.7775851205862594
38523,3.171740373941745
38524,3.2563420592010033
38525,1.3590608074020665
38526,3.516158600835979
38527,3.188001644193889
38528,2.2401055856967673
38529,2.0012955729239508
38530,1.6438160482804278
38531,2.323892992218653
38532,2.5915893111491854
38533,2.858137263757783
38534,1.476965352898361
38535,1.348929186897621
38536,3.4583864400003748
38537,2.0836115852205523
38538,0.8011693928471644
38539,2.3994689161312337
38540,1.7488562026171266
38541,1.7566328916033385
38542,0.8898340833081875
38543,1.7905622995819641
38544,1.5860208030253844
38545,1.8051962482009145
38546,1.8528886360840673
38547,2.6458747378525658
38548,2.5564793226307785
38549,2.7598844406900582
38550,1.6413873180740524
38551,4.880094565655327
38552,1.7930660215877054
38553,1.869367197856846
38554,0.5129490072811507
38555,1.3350911169437865
38556,1.8958111685504946
38557,3.051459213557564
38558,2.217271200482422
38559,3.2223320646948395
38560,1.1378034661516807
38561,-0.017355721261729684
38562,2.746140272836321
38563,2.495337340400326
38564,0.20271397602184038
38565,-0.4405298450781956
38566,1.8700728299553262
38567,2.201976307206216
38568,3.2562824369936294
38569,1.2821720921551716
38570,2.1532791203431287
38571,2.11718757290177
38572,0.9705939266978447
38573,2.4036498899281398
38574,1.6761477498746657
38575,0.9975777272639448
38576,1.6616779531024264
38577,1.7059398466310682
38578,1.0660584759914258
38579,1.5368682099306596
38580,0.4908903135108744
38581,3.195135845191359
38582,1.976708278554483
38583,2.7760447004997744
38584,2.3568801923113014
38585,1.9061329138202083
38586,3.675359836239778
38587,1.868841901885304
38588,3.2427035844967875
38589,1.4335921402388863
38590,0.48406738775866387
38591,1.5687459923447307
38592,3.208967527444038
38593,1.8978511649810343
38594,1.0124604656770018
38595,2.7948777086407404
38596,2.2537090828816346
38597,3.3991358570103216
38598,0.6367125979656123
38599,2.24771815314962
38600,3.0274390837120677
38601,1.4362585058498425
38602,1.7163163745669365
38603,2.0276135327318485
38604,2.513302277519557
38605,1.1561470130363247
38606,2.328943770832474
38607,1.843856625582859
38608,1.572520139538895
38609,2.3459869368130626
38610,0.7577936043856397
38611,1.5867240494745545
38612,1.382861067462386
38613,2.730043441640511
38614,1.3643412208501928
38615,3.293496271848113
38616,1.4146760846385362
38617,0.9208799832782759
38618,1.610245777356269
38619,2.878335345143256
38620,0.8237026240141248
38621,1.7873391057587824
38622,2.1085038672681833
38623,1.5863414549982409
38624,1.664535963904747
38625,1.1900485163235572
38626,1.9168552500744696
38627,1.7139573738006817
38628,2.243193292831023
38629,1.9877459400751505
38630,2.173640916002185
38631,2.042833327926914
38632,1.696305927811025
38633,1.698075380230577
38634,2.067936237622746
38635,1.4781849403458054
38636,1.9530395955884643
38637,1.6714972233238186
38638,3.1501228810927984
38639,1.2632089681249639
38640,2.743879410387116
38641,3.199769959661552
38642,1.1919499185523819
38643,3.753720623169613
38644,2.792766655806332
38645,2.1782041926507105
38646,2.275459128287409
38647,1.8070673032947582
38648,2.5978015605602067
38649,2.353750252993869
38650,1.9897300903923778
38651,2.7036017533833103
38652,1.53776887562816
38653,3.155895007515767
38654,1.3113929825328512
38655,2.2101205980521073
38656,1.487724807859891
38657,1.5405039178823117
38658,1.8234807878815005
38659,1.599011732192757
38660,2.8697500858452116
38661,1.58573772495496
38662,2.235573833679261
38663,3.1622159756673085
38664,2.578861852246227
38665,1.6733699175252283
38666,2.130140832182164
38667,2.1219529177793177
38668,0.8805038867350703
38669,1.941247276255936
38670,1.5044317931106193
38671,0.9705955980568604
38672,1.7229431956848131
38673,1.715674802908083
38674,0.5216332331703057
38675,3.816101675660562
38676,0.8634721310725482
38677,0.6198748479790694
38678,2.431574574837846
38679,2.8748807214651677
38680,2.1388188183493284
38681,2.40767151909278
38682,2.110465759018453
38683,1.7087344654919008
38684,2.2898946718092077
38685,2.969084486379117
38686,2.037266102436128
38687,2.2910294049586852
38688,1.7254868716970861
38689,1.9453321647141522
38690,1.4919594542439114
38691,1.3792747432313917
38692,3.269206486808315
38693,2.000438277477322
38694,0.7543325842259634
38695,0.9997378506140677
38696,1.929422097471793
38697,0.7805286169160865
38698,1.4313958884921405
38699,0.9856923437315999
38700,1.570399519819368
38701,2.2283862291979304
38702,2.6407859237461366
38703,1.25089946494937
38704,0.918770299274108
38705,1.1870285032922823
38706,2.739077059399264
38707,1.4390935025105094
38708,1.0951241074838975
38709,1.4340689938722662
38710,2.4786217917704363
38711,1.6239103553565926
38712,2.63728536239028
38713,3.8675160051052018
38714,1.8540004229190572
38715,2.7171343999937108
38716,1.4604705362728154
38717,1.9513802336568844
38718,2.025987165642789
38719,2.179854121517728
38720,1.6847671397638493
38721,3.19505026844233
38722,2.1738893394082766
38723,0.9457753658968144
38724,1.5209089082273763
38725,1.1859760719412051
38726,1.4120457192580957
38727,2.339382561302898
38728,2.6767391316901694
38729,1.5318495461057609
38730,2.5070227152227957
38731,3.253948139124674
38732,1.8452458986773834
38733,2.360806564435947
38734,2.9457434364538813
38735,4.921223195027935
38736,3.2811135915522414
38737,2.2738850122641168
38738,2.66414753647409
38739,0.9826283285280155
38740,1.8681354640129584
38741,3.2299181491263553
38742,0.27948897336870004
38743,0.6555125375435082
38744,1.5357766007157352
38745,2.3623259951902256
38746,1.481488978373946
38747,1.2597504362971392
38748,2.0479782352618514
38749,1.1788100245157764
38750,1.9095823802900185
38751,2.899246259473493
38752,2.1739290341618656
38753,1.7205889195465858
38754,1.9607668608311855
38755,2.1164687744685082
38756,0.6516771069046143
38757,2.7704822254933603
38758,1.4475431197516926
38759,1.3107942484781532
38760,3.6486625232259513
38761,3.3781891310138548
38762,1.0380258206947985
38763,2.028252498869797
38764,1.7559390859983282
38765,2.7339200731116193
38766,1.4008560229883855
38767,0.7686765555431947
38768,1.9034023658404067
38769,1.6525080435490835
38770,4.071141199383796
38771,2.1491617683298045
38772,1.8493130682629442
38773,1.9356674463250698
38774,0.9186396720238008
38775,1.2049674875806602
38776,1.8305743112729758
38777,1.8837271326719787
38778,1.05067916521962
38779,3.3346220345560695
38780,2.800949420378366
38781,1.9265473825470067
38782,1.2605216605878624
38783,2.8431111364719612
38784,1.9407285270392691
38785,3.7145707217456305
38786,1.4547011054209236
38787,2.9508957792848847
38788,3.13732153789514
38789,-0.11826143846666781
38790,1.1491024648056722
38791,1.881528542496028
38792,2.0210291572250654
38793,0.49999541370764433
38794,2.4103792226988077
38795,2.393502499980535
38796,3.4768108263230175
38797,1.4489068994374676
38798,-0.19226714021277047
38799,1.785150342341538
38800,1.5185045827641233
38801,2.3225425852201056
38802,2.7106259853341257
38803,1.73093705406513
38804,2.3096485581800295
38805,1.4198484988259068
38806,2.9587805000438365
38807,2.9658970305039603
38808,2.6467181521210748
38809,2.4911511723930744
38810,1.648938913461535
38811,3.2686917564121245
38812,2.4124611414599215
38813,1.202224372926004
38814,3.1641294145444903
38815,1.8609233513096441
38816,1.150491550528784
38817,0.5386680529667487
38818,1.2371995636312505
38819,2.411561917212829
38820,2.760293808635474
38821,1.850015068405952
38822,1.3705355509641564
38823,2.257431866161305
38824,0.2426270820170231
38825,2.5836492356301903
38826,1.6393382286591844
38827,2.0987063432833537
38828,1.517082190903551
38829,2.4198809315497556
38830,2.004951965218858
38831,2.915572607937314
38832,2.2439436040161667
38833,2.2143394186476613
38834,1.3635793261080167
38835,0.8941841650113389
38836,4.035139817799532
38837,1.6891260472451606
38838,1.2638577630411163
38839,1.3769152450246125
38840,2.158088352827413
38841,0.5086329814669668
38842,2.726876923206099
38843,1.5715667649333014
38844,2.4365271335629615
38845,1.7537829208336078
38846,3.0611717695461778
38847,1.9173115546319792
38848,1.8968562603751167
38849,2.1684203714156496
38850,2.702488788357286
38851,1.883287028631365
38852,1.7200071774558907
38853,0.5660914816826548
38854,2.6332174969094098
38855,2.5794531196665957
38856,2.167573407886721
38857,3.256863619381697
38858,1.48366357591172
38859,1.4519468636115462
38860,0.3806303180804562
38861,2.795505821985543
38862,0.9638999705987814
38863,1.8442415569625936
38864,1.2054753088721029
38865,2.3221477877468573
38866,3.327820074194001
38867,2.661710146780308
38868,2.0988428792712597
38869,1.1540966659752954
38870,2.248369287180502
38871,1.4423433483908212
38872,1.8452937642947589
38873,1.6483918380236915
38874,1.1590977964936258
38875,2.1457263134360147
38876,2.1178320648499636
38877,2.675348416992854
38878,0.7437397854216101
38879,2.1624129250189696
38880,2.9361605778102486
38881,2.2218920928025057
38882,3.08847871007184
38883,2.0385092044021604
38884,3.034227962187167
38885,1.3873745206333652
38886,3.3968717390172785
38887,2.0547812230540927
38888,3.9225048253291064
38889,2.1980137761732763
38890,2.6620604316090066
38891,2.292426275341448
38892,3.0446981362928796
38893,1.4300331570450382
38894,2.093375202812183
38895,2.582080728704213
38896,1.7548172867613943
38897,1.777692215476364
38898,4.026767046658989
38899,3.3930175593792384
38900,0.4496996035448859
38901,3.054953633447319
38902,2.048271330478741
38903,1.564042593229665
38904,0.8258733805845182
38905,0.7514670522237594
38906,2.336373017115882
38907,3.922465560711757
38908,1.601219799261976
38909,1.8853120129534418
38910,1.5170462385305683
38911,2.6860488081716483
38912,1.2412324785126927
38913,2.4917833168333985
38914,1.9034530405497634
38915,3.3723281388949005
38916,1.5498339008234225
38917,1.5757111483744666
38918,1.2733097680080263
38919,1.1343546010073027
38920,2.859457493077997
38921,1.251899087111795
38922,1.7871246537099665
38923,1.2858664836383866
38924,1.6990871051825707
38925,2.7148538695234663
38926,1.983008924683375
38927,3.031168613366887
38928,2.360846080836808
38929,1.4971419885849784
38930,3.0059911094114895
38931,2.835055655821165
38932,2.763980483625936
38933,1.6454496600135258
38934,0.7774811168559665
38935,1.218455812374195
38936,1.8681545705842666
38937,1.5980328469236582
38938,2.068638956572073
38939,2.7168204619401024
38940,1.4019539293949066
38941,3.014768569299605
38942,2.7918226475040484
38943,1.4764492177850386
38944,1.857085720598029
38945,2.7369149515831737
38946,2.7695676308401147
38947,0.9342159467199522
38948,2.3620369125308756
38949,1.7075240053578824
38950,2.1746036058279543
38951,2.573978246299909
38952,2.8023481949280082
38953,1.5108500254903348
38954,2.2581981131713533
38955,1.8308897184257376
38956,2.449675062197855
38957,2.3753582170110334
38958,1.5515499845644243
38959,1.7296421311292605
38960,3.378880434388705
38961,1.4191032719085257
38962,2.314543637848402
38963,2.06890283840724
38964,1.3801722281743594
38965,1.9284685980827163
38966,0.3371019731233176
38967,1.9047499737827707
38968,4.320781444025705
38969,1.7552018927463067
38970,2.1895464625233885
38971,2.0850589034384797
38972,1.0469851150259046
38973,2.072004960931544
38974,1.958510377382133
38975,2.454806342601259
38976,1.7993440522595563
38977,2.455610471279968
38978,1.9979145632375008
38979,1.4408773524970258
38980,2.0541318118524643
38981,1.690128726002456
38982,2.7775667289828334
38983,1.9415102060184637
38984,1.2549632214149469
38985,1.98649029557032
38986,2.218440653911223
38987,1.8878716367678336
38988,1.200690664266034
38989,3.0126378243907865
38990,1.825462729430349
38991,1.5422027300793957
38992,2.2758446920919155
38993,2.0392266225443265
38994,3.635893000929862
38995,2.403984063488295
38996,1.4728289996053405
38997,2.1480958340013174
38998,0.6669611643195026
38999,3.0694119853666493
39000,1.4758453308438604
39001,2.3974059940654087
39002,2.529306419589851
39003,2.653355149186737
39004,1.2822887312160631
39005,0.925669171468499
39006,2.156320583725069
39007,1.0049110439009539
39008,2.9595529835880114
39009,2.2209915051273583
39010,2.0812935421345102
39011,0.4378669367953165
39012,0.25723886287036635
39013,2.5555092945490614
39014,1.4959637994833486
39015,1.5051951823148642
39016,2.6543657153981286
39017,1.3469010880985763
39018,2.2123550706413084
39019,2.895988603989913
39020,2.0694632959954475
39021,2.429484696124227
39022,3.7291232850931095
39023,3.895571342275865
39024,0.7702423677836308
39025,1.364061555451073
39026,2.891963275365292
39027,1.4296851295530644
39028,2.6121725840486008
39029,3.1151496810939534
39030,2.07177499998015
39031,2.297333505687291
39032,0.8900559276888131
39033,0.9786614761362173
39034,1.5745337750132435
39035,2.178239374535636
39036,2.081543110159778
39037,3.0837443406579013
39038,1.5295498032755788
39039,1.652429537635605
39040,2.696488091052103
39041,0.6429350858264655
39042,1.8102673126039122
39043,3.80888054066331
39044,4.063456753723067
39045,1.9043448976174844
39046,2.2448167709937366
39047,3.0564283746583953
39048,2.4712428322556974
39049,2.599048385918735
39050,0.7878494283027848
39051,2.571665346439346
39052,3.4494970897515813
39053,1.499049045260783
39054,7.536004131990744
39055,2.511760385199402
39056,1.1045505086240581
39057,4.1144458425252495
39058,2.0067399490462847
39059,3.772635084945236
39060,2.327806610794525
39061,1.846857337206373
39062,2.196233072610994
39063,0.6191371827116043
39064,1.7191108250493699
39065,2.55695976418928
39066,2.0092563427999153
39067,2.765873292722574
39068,1.4778282163881045
39069,1.2937450515594904
39070,2.3226067144151656
39071,0.5299476291665712
39072,1.7549298669628115
39073,1.6869767062860888
39074,2.200628206773999
39075,1.9634782464841862
39076,0.754530402752458
39077,2.275744991606736
39078,2.1843796162667957
39079,0.9768912133651568
39080,1.9835201288086708
39081,0.8508734664383439
39082,2.539506572288232
39083,2.610176100258535
39084,1.967616229882097
39085,1.0719418933386038
39086,4.212392808896446
39087,2.133185421103164
39088,2.971676794145253
39089,2.9125564893166285
39090,2.334606738530475
39091,2.111981344703608
39092,2.2188838122301178
39093,2.732112745217769
39094,2.050075317506078
39095,2.7986417714686738
39096,2.654050622303245
39097,1.9094009823465967
39098,1.6365850044566344
39099,3.6040602428767485
39100,2.276634150841545
39101,3.7036170159901047
39102,0.8863520408367691
39103,2.7312331167131916
39104,2.458106187753316
39105,2.2510652553581636
39106,1.287226314580046
39107,0.4362792319367017
39108,1.6683849829813227
39109,2.0946124452197665
39110,3.1700479756518902
39111,0.893864241234688
39112,2.9763483284831125
39113,2.750307974206329
39114,2.361562666927277
39115,1.6475755355430906
39116,2.177735500883273
39117,1.8370399384331506
39118,1.0488856350733897
39119,1.6118730647718706
39120,1.4318777918088017
39121,1.6095955318700987
39122,2.0081491454821716
39123,1.7903719960048292
39124,2.9324617409318847
39125,2.0062121245787736
39126,0.19724612394737306
39127,1.918449346009588
39128,2.508156415092955
39129,2.112978204174709
39130,0.9134642889789433
39131,1.9683512650370218
39132,2.255107230766484
39133,2.1534830843551305
39134,2.0462772306143364
39135,2.243349727814973
39136,0.7972215513028544
39137,1.5205857168120431
39138,0.8697882571529689
39139,1.8620688068153228
39140,1.6183261540537117
39141,2.4522248742872605
39142,2.7945319080504305
39143,0.7325121742627445
39144,2.3515345348469694
39145,2.1312326569667164
39146,1.6364847665802316
39147,1.976239742727529
39148,2.3747710676994274
39149,2.7436375166243963
39150,1.7407352184383953
39151,0.6518926170760366
39152,1.706785076263202
39153,4.204385768850301
39154,1.680963902803306
39155,2.672064720407171
39156,1.9453729486964448
39157,2.1384134051521
39158,3.43256817201204
39159,2.4416963994990297
39160,2.931907684220782
39161,2.167928139037521
39162,1.8576488456217604
39163,3.4926173658234276
39164,1.9139135994534797
39165,2.724473512073331
39166,2.035802313989265
39167,1.1444286979830878
39168,2.4258333934370597
39169,1.8983188226550567
39170,1.7968774621540646
39171,1.2555118506402607
39172,1.90936829005458
39173,2.279157474078069
39174,0.9503515920552417
39175,2.1948650935440313
39176,0.9389058995685744
39177,0.6301450731887357
39178,1.6059466693529458
39179,2.9595154060522617
39180,2.3301163306761197
39181,2.1075953202094695
39182,1.9001697728583906
39183,0.9520047822228932
39184,2.131033420619552
39185,0.4867765140348652
39186,1.312611661595163
39187,2.47027834839691
39188,1.5052744423938407
39189,2.9892951907798633
39190,2.477781895036678
39191,1.0187986649823628
39192,1.7293304837439933
39193,3.1637025543515307
39194,0.9522663060828052
39195,2.8320785580007097
39196,2.4085113789064607
39197,5.780639173471577
39198,2.067588551354639
39199,2.271217780050506
39200,1.9217670372864646
39201,2.002612309819227
39202,2.057416828464156
39203,2.14261368049835
39204,1.8595585500815375
39205,3.0362300922271004
39206,1.2150243762137052
39207,2.5129034254113307
39208,3.063836423620785
39209,2.25872623229877
39210,2.4540988798217356
39211,1.8993415578204562
39212,0.8286150709667481
39213,1.2691152921652815
39214,1.9904508553423597
39215,1.3449518522946349
39216,2.261968991253603
39217,3.6558398938442807
39218,3.109233768204078
39219,2.4059469288038926
39220,2.3031649706311725
39221,2.5217008599815784
39222,2.641555864158704
39223,2.2449066162367757
39224,2.459506126523827
39225,1.5716859673070687
39226,1.9297526124460163
39227,2.0744897612027273
39228,2.185966489136547
39229,1.1191742804559226
39230,1.2265666072222885
39231,2.0920875406529973
39232,1.5756532064302107
39233,1.5654721253251722
39234,2.2177527880657735
39235,2.2256524788955545
39236,1.9894033501641104
39237,0.9813268441548999
39238,3.5745894660158655
39239,1.7078152160799789
39240,2.139459058769802
39241,0.5849122817813637
39242,0.796253208792983
39243,1.0047361248767857
39244,1.8862114207347602
39245,1.0516583909288855
39246,2.758609345954902
39247,2.4025519408296034
39248,2.1378985251470652
39249,2.456209120598416
39250,3.0065427864590077
39251,0.7846804316584439
39252,3.9416130899380164
39253,1.98010428198495
39254,2.6376054045767106
39255,2.011959768456805
39256,2.959036353424416
39257,4.569080321067425
39258,2.4186188797006665
39259,1.765519370653422
39260,1.8122367675125162
39261,2.3634662002691513
39262,1.5225420437075243
39263,0.6993774024410797
39264,2.0007183555590586
39265,2.5167662557255923
39266,0.9017309559295228
39267,2.4595146941567307
39268,2.1669752235076842
39269,1.0063905279336325
39270,2.22398351877618
39271,1.5895669177789387
39272,0.6213215722944625
39273,2.1046286940408123
39274,2.7440133646615124
39275,1.9283270845456073
39276,1.1474544965278923
39277,1.829107808425988
39278,1.6885526436186424
39279,1.9081376180149618
39280,1.3580228776665848
39281,1.8970579467219864
39282,-0.7275321310601726
39283,1.5455262302755912
39284,1.8806762767588339
39285,1.7084034505521188
39286,1.6757412580262567
39287,1.8460470681788124
39288,2.409871150869229
39289,2.7218484522021313
39290,2.175161190380223
39291,1.741869302487565
39292,1.4272649762414034
39293,2.4394181912087802
39294,2.516850353357725
39295,2.229074971923808
39296,2.2863458379494617
39297,1.9806951331017757
39298,4.4298988178546
39299,2.187901252130814
39300,2.025536434142154
39301,1.4980752759659026
39302,2.5146844811928943
39303,2.1121234482167424
39304,1.5030686381657787
39305,2.76373750759484
39306,1.1252418363510373
39307,1.3693798921723257
39308,2.8180822621683035
39309,2.5318803976414728
39310,2.494605429969873
39311,1.5956015069668013
39312,1.1454747118681183
39313,3.499162980548313
39314,2.0575663485433537
39315,5.592011873409767
39316,2.1226821699263567
39317,3.65817915248401
39318,2.039597128783953
39319,2.3932870936130186
39320,0.9321832359388509
39321,1.9928094559008684
39322,2.895644226243938
39323,1.7423319094716305
39324,2.036082848364714
39325,0.765282238849764
39326,1.743322189025001
39327,2.005494278252648
39328,1.4953402324638745
39329,3.289292736042249
39330,0.9293791846378383
39331,2.6671049634498445
39332,1.8596845082569757
39333,2.033366560562058
39334,0.21780321784085288
39335,2.38025901778429
39336,2.062915349292041
39337,2.711624953577058
39338,3.0920799895975293
39339,3.811266290085129
39340,1.2408232215084425
39341,2.7109124724343374
39342,1.2185221963211674
39343,2.524257613511452
39344,2.099810242542638
39345,2.4952443845392267
39346,1.503173815989797
39347,1.7758381835693058
39348,4.43192244574756
39349,2.932043388691106
39350,1.7737411047435003
39351,1.5045942723852335
39352,1.5117301515072725
39353,0.4453627926329844
39354,2.9893011951867265
39355,1.8827609621973025
39356,1.1467607477149429
39357,1.2800725922037444
39358,3.790054985037571
39359,2.0850065839462886
39360,1.9871844037511153
39361,0.7896341377577798
39362,3.0286417317485927
39363,2.0828296266957196
39364,1.7553128598583783
39365,1.8064177875870513
39366,4.029745213082414
39367,0.8529117744950838
39368,2.7963271547370496
39369,1.032841180256014
39370,4.086299648644967
39371,1.4077287330462553
39372,2.718930789001888
39373,2.0071717498982267
39374,1.4539565253393931
39375,1.6898263058804446
39376,1.6396182099869279
39377,1.7285639420451346
39378,2.5363049768808708
39379,2.333471456261961
39380,1.935574945280571
39381,1.9789412362805763
39382,0.02665775536042503
39383,2.081244575812022
39384,3.7043363890860874
39385,3.058467883861681
39386,3.210006713791863
39387,1.4945426539934559
39388,1.9231522552594313
39389,2.7986178223288647
39390,0.8913092741570452
39391,5.206775033467267
39392,2.1401483992294743
39393,2.0139616449890525
39394,1.229915939241124
39395,1.4728632473039767
39396,3.3260326034698977
39397,0.6173733423550161
39398,2.6755236433374776
39399,3.86092549502969
39400,1.4888975652311771
39401,2.279382424360918
39402,2.425631427349785
39403,2.150036786186895
39404,1.586171831422348
39405,1.6578671774954188
39406,2.225211064907043
39407,2.073315740305482
39408,2.1146796566700843
39409,2.4515028140805413
39410,2.6882687262077383
39411,1.5565680841605811
39412,2.1899387260358054
39413,3.352936559330857
39414,0.5687798402375108
39415,1.3923715325358543
39416,2.9850522030962168
39417,3.240849240048874
39418,2.7985119515216397
39419,1.6431364711979128
39420,1.76377804629972
39421,1.1175713554600222
39422,1.0427146253133444
39423,1.7113969759849255
39424,2.8694598379699414
39425,2.1442433473274676
39426,2.64444890676193
39427,1.781400688927647
39428,3.6533795990740856
39429,2.794811596248927
39430,3.138105160498519
39431,1.6634937875427127
39432,3.0742151997205056
39433,3.224237185231054
39434,1.8161729980943306
39435,2.1546447678499305
39436,2.3721898031986086
39437,1.3896752179958014
39438,2.5516104266907433
39439,2.121533957414485
39440,1.002754213603552
39441,2.722781171210684
39442,1.7147664489396988
39443,2.2989683280701243
39444,2.157782406580644
39445,3.371932693961128
39446,2.2949623272809845
39447,1.9537541041708621
39448,1.6736191427244123
39449,4.30505618392597
39450,2.146927504857139
39451,4.200025209048384
39452,1.1662029317765885
39453,2.417877005159795
39454,2.6809894278922783
39455,2.4963453026306652
39456,2.7549825430628587
39457,2.0403711904005704
39458,2.0043694782035075
39459,1.1574827195545225
39460,1.0865994538189199
39461,0.7118143835615314
39462,1.9085018742334299
39463,2.401443920108825
39464,1.5074481628877763
39465,2.8381996206925777
39466,2.20495617551353
39467,1.7332930713013113
39468,1.8956511766289665
39469,2.640898882418277
39470,1.058258657870212
39471,3.17010927509763
39472,1.7275383021646888
39473,1.4054744393952703
39474,1.9329151320095477
39475,1.9552834359942537
39476,2.0869595454852643
39477,2.703017084846337
39478,2.297400459210486
39479,1.870342978504965
39480,2.0368396060127694
39481,3.350842541924493
39482,1.9650667496557404
39483,1.5153079286141704
39484,3.638828998553457
39485,0.4496095915966336
39486,1.9787476201439205
39487,2.711305836363252
39488,2.3392563059278046
39489,1.1805083194652184
39490,1.8403835977124814
39491,1.6339879092868799
39492,2.287657624248709
39493,0.697000418768603
39494,1.5805704392886355
39495,1.822456696928505
39496,1.298500335987356
39497,2.4968014372838
39498,1.5930101094765021
39499,1.180877152982049
39500,1.467254691164868
39501,1.062918112774021
39502,1.3098351661049819
39503,0.8310585956260965
39504,2.8942326248678327
39505,2.2823469856534118
39506,3.0246268871607427
39507,1.5090460097448144
39508,2.536554356218737
39509,0.8910545090666346
39510,1.780965008371595
39511,1.078780458007138
39512,3.168176927798406
39513,1.2657182745230244
39514,1.9855614012711555
39515,2.5612750304121548
39516,2.1325876309958502
39517,2.135095057622202
39518,0.7994888528671495
39519,1.929705897173477
39520,1.5862951112040875
39521,2.6498121390709954
39522,2.125105493015468
39523,1.7944005331042376
39524,2.9636139932296643
39525,1.002277627106011
39526,1.9339486834726785
39527,0.0902280949867631
39528,2.39969550586207
39529,2.4810917723717267
39530,2.779549428513988
39531,1.8193610763982235
39532,3.0282589915847566
39533,2.0893088913466755
39534,2.642135571836164
39535,2.2386030224019464
39536,3.1864669553052636
39537,3.941062337851669
39538,0.8341260917598419
39539,3.161707491557671
39540,1.5028160338692587
39541,1.0442590537366385
39542,1.2361688247588276
39543,2.255020883002217
39544,2.448777833053434
39545,3.2279980627542244
39546,2.396075639925641
39547,1.4245471228745643
39548,3.4609583001848065
39549,0.49059083164686257
39550,1.6399258123816551
39551,1.562784439102451
39552,2.3220550262090427
39553,2.1416910378000935
39554,1.3069976803732501
39555,2.586265240388741
39556,2.223841775362196
39557,1.5953964104873322
39558,2.1379163162035155
39559,2.3515806773475703
39560,2.283700502689399
39561,0.8023618637584704
39562,1.828014614349371
39563,0.469197337825932
39564,1.5663296000445754
39565,1.1688834198962255
39566,0.6432463010332015
39567,1.9204210209131816
39568,0.9869770978666637
39569,2.136716307793904
39570,1.7831266176481648
39571,2.0337445540872494
39572,1.7517668716548158
39573,2.285751047864075
39574,2.7034883401220995
39575,3.794700812292376
39576,4.440670667864403
39577,3.3846724264905745
39578,2.7710184341819115
39579,2.1016161917856238
39580,1.2090808725984914
39581,2.533796739325034
39582,3.0934265322259407
39583,1.1527754094841995
39584,2.5950654718023856
39585,2.1943066619567517
39586,1.4016233558738094
39587,2.774822584101436
39588,0.5671420481317
39589,0.7420823438148929
39590,1.3766631909267275
39591,1.6415324511767295
39592,0.6690855772392439
39593,1.3223467281769814
39594,0.8852361321073303
39595,0.9881333426715599
39596,2.5022607942553705
39597,1.8774375241076768
39598,2.7915676018827753
39599,1.8399264904010337
39600,3.4579388178588175
39601,1.0255364975775692
39602,1.3193783571220123
39603,0.8354585526274789
39604,1.7754668904153377
39605,2.686762188190052
39606,3.24780931358292
39607,1.2532899804183302
39608,4.39857394191921
39609,1.6376102962930261
39610,1.7155979426005246
39611,3.341154430385629
39612,1.985142617258866
39613,1.4616097066789493
39614,2.756282707100574
39615,1.8929286822954197
39616,2.824997411037714
39617,1.6560798964481052
39618,2.9411829334729234
39619,2.261399237144964
39620,1.4836578214669274
39621,2.126068793513042
39622,0.7937128331532506
39623,1.157773804603714
39624,3.2887210987281392
39625,2.0344225433844727
39626,1.6993607448983425
39627,2.450795084388659
39628,2.348559475706125
39629,1.8979189994762393
39630,2.711354199716723
39631,3.010937661625114
39632,1.8814864123667903
39633,1.2750043761920793
39634,2.4517754702372017
39635,1.4745204716257234
39636,2.6118607218355336
39637,1.8191264784429109
39638,1.8032396133061965
39639,2.1066968262455106
39640,1.6758751431443386
39641,1.2261702845325217
39642,1.840827914332209
39643,0.8917790880819823
39644,1.628345992268521
39645,2.1039081856150474
39646,4.353787328121392
39647,1.5892405831174798
39648,1.9712941842145355
39649,3.3538742583121817
39650,2.8242689834300023
39651,0.9235894295741929
39652,1.3134636581537364
39653,1.6247560592917765
39654,0.6068087594103702
39655,1.8853147054197947
39656,0.8674226610282361
39657,1.1779519902756874
39658,2.37091157047783
39659,1.879811550032592
39660,2.922843426478387
39661,1.4081853364192725
39662,2.910710426101261
39663,1.6971625360838445
39664,2.162462332626596
39665,1.8310924506368735
39666,2.86866193469222
39667,1.444785949019014
39668,2.9513618729971753
39669,2.4559666759733503
39670,1.1418726155129022
39671,2.168837293078127
39672,3.6612252994206926
39673,1.3281299647839262
39674,1.6276971470561605
39675,3.0725531049591552
39676,2.0718128268969593
39677,1.9454000829816138
39678,1.6770334422099964
39679,1.4296040539130317
39680,1.823312759221622
39681,1.8235677308400966
39682,2.6636508844417577
39683,1.5446970629615464
39684,1.6682188186339175
39685,2.2936283014196803
39686,2.65678684246231
39687,4.107351508566211
39688,2.5597316225609816
39689,2.6184450687782146
39690,2.2414006631888057
39691,3.2666856945761396
39692,1.7350552771039247
39693,1.0344262583881871
39694,1.0821080815054245
39695,2.315038424837425
39696,2.655112734068588
39697,2.416226052983177
39698,1.75176612609431
39699,2.7351776791927094
39700,2.156580388498341
39701,2.2831601292407697
39702,1.41655617733565
39703,1.9099864964032989
39704,2.0901943931620792
39705,2.2423525324205826
39706,2.3681264130927246
39707,1.7496214397438266
39708,1.5810052571443904
39709,4.3047717172714925
39710,2.367103662879778
39711,1.5189649244283316
39712,2.9228528423699487
39713,1.7233422306584671
39714,2.3215125341585434
39715,1.9724068390206568
39716,1.5772735145473362
39717,1.1399727920198046
39718,3.111173438741446
39719,1.1814106417172283
39720,1.6710466877671522
39721,1.8023210281750508
39722,2.313111076348804
39723,2.9186019579034905
39724,0.7081264338922963
39725,2.0137492433798485
39726,2.362662890216079
39727,2.254999524246294
39728,2.3992408411526256
39729,1.9677339275589034
39730,2.1255420743703723
39731,2.327497647291608
39732,2.4135028029294574
39733,2.3859642761999993
39734,1.7176617834507226
39735,3.397148218458959
39736,1.935482625668108
39737,1.734714065973563
39738,3.5900448700724965
39739,4.246605043558091
39740,2.0496761398617025
39741,1.9591460264142455
39742,2.4861926061299897
39743,2.2126649465374726
39744,1.3633675135337597
39745,2.4012168987581077
39746,-0.24550601435888098
39747,3.0395172647365527
39748,0.8290672757598117
39749,2.479222397013089
39750,2.912736673393404
39751,2.5375942413379207
39752,1.5051104248159959
39753,1.4377919048141763
39754,0.5210747454358398
39755,2.325131608782243
39756,2.7030179762433804
39757,0.35450647970623095
39758,2.171340265498742
39759,1.732370607982027
39760,0.7141912291150732
39761,2.9366414576458766
39762,2.461223565800651
39763,3.607296571176178
39764,1.2721090176605045
39765,1.197821297855647
39766,1.9431304423758888
39767,3.1702431275613208
39768,1.353616541388618
39769,1.3669118459099536
39770,2.2687020193897354
39771,1.4599553359724098
39772,0.4608961008539936
39773,0.842120470321241
39774,1.00907095187641
39775,3.0768686559951135
39776,1.4218795059874054
39777,0.20753524240786447
39778,1.8633997253160146
39779,1.7574436763108139
39780,1.5605668029568278
39781,1.886866347615559
39782,2.1824593770864524
39783,1.8369624453104052
39784,2.8780266828806447
39785,2.001905894420993
39786,2.9466703455437155
39787,1.9980723061219194
39788,2.7030564852037813
39789,1.4786223315559113
39790,1.3151636608300876
39791,2.8952184264256147
39792,1.9259014017889626
39793,2.7873045276386677
39794,2.4951898300453763
39795,1.8291118994294067
39796,1.929126724477456
39797,1.5222182991822493
39798,1.6099479881879049
39799,0.9911526272365663
39800,3.0510899766527544
39801,1.2025562091649746
39802,3.1478742894800575
39803,2.1604182520521675
39804,2.3108000336583316
39805,2.884762832698847
39806,0.8481186192029284
39807,2.6232686419772477
39808,3.3150724805136704
39809,2.5227492540981444
39810,2.591510490683298
39811,1.9214817540602596
39812,0.7453516463433871
39813,2.1023126129985883
39814,3.3481051706207623
39815,4.115181598166586
39816,1.6062653192737741
39817,1.6974411709144661
39818,2.534466471029411
39819,4.172126624268095
39820,4.464040821781225
39821,2.279347364372285
39822,2.64700002486677
39823,2.411843040414176
39824,1.7233957079970637
39825,1.2810834982174484
39826,2.3951443994786388
39827,3.200650906683684
39828,3.3104141676069645
39829,2.4284647458256288
39830,1.5405799557974404
39831,3.365519226917847
39832,3.9979759704463973
39833,1.791010567151794
39834,2.031675380295667
39835,2.4351709955975167
39836,2.2741642891325498
39837,1.6624899893079927
39838,2.447884010060598
39839,1.4295021499587008
39840,1.7502275798891418
39841,2.3623352997507254
39842,0.837132038969898
39843,3.6465878585541844
39844,2.1225557083353976
39845,1.0258936743922575
39846,1.2999056666032445
39847,0.10575428928536468
39848,2.3265038604598587
39849,2.0856773087548817
39850,2.0872417761490567
39851,3.035201825489658
39852,1.652904333078169
39853,2.1021134948801716
39854,1.731911510070276
39855,2.392909248339869
39856,1.518582259615549
39857,2.544984799149468
39858,2.0034015787645885
39859,3.827701147900946
39860,1.3916514518401542
39861,0.934427481102027
39862,1.4889906000995907
39863,1.6098896071244155
39864,2.4456789164550017
39865,1.5823411394714597
39866,4.039568603000134
39867,0.668993723620865
39868,0.8206870752213078
39869,1.289231648847668
39870,2.305605612328698
39871,2.7034918974045823
39872,1.6732486222216707
39873,1.5811070736392097
39874,2.6058369378554005
39875,1.0943783523753012
39876,2.7613058115220426
39877,1.976184826044637
39878,1.3496500204805812
39879,0.8722432579137092
39880,2.925730627565734
39881,2.093678193960457
39882,0.8978957724920491
39883,1.9289848629265265
39884,2.306326255308136
39885,1.9281048285974194
39886,3.2293820887414526
39887,1.5512304553819405
39888,2.066815389598581
39889,1.9013828455568742
39890,1.4392341853226185
39891,1.3947601926741058
39892,2.061602445885157
39893,1.2315156105363698
39894,0.9713708544022666
39895,1.2319299738051157
39896,1.3989543581870123
39897,2.888147286942562
39898,2.0517400053367965
39899,2.0657384499124305
39900,2.287949428527611
39901,2.28422747283215
39902,4.079037828979388
39903,1.4569829340158265
39904,1.8013029458221794
39905,2.327438982826017
39906,1.7701884270808677
39907,1.8602901794120754
39908,3.863469796712714
39909,1.5524529698598641
39910,2.482549899608678
39911,2.245954007472342
39912,2.0392839812249406
39913,2.548072163854613
39914,2.9501002195197614
39915,2.70889438215103
39916,2.330235623535984
39917,2.2862976454930006
39918,2.087781197598062
39919,0.7166436577680599
39920,1.803194814981964
39921,2.2008385086837876
39922,2.2536355579553984
39923,0.9613454361046294
39924,1.97062131334026
39925,1.440273696253115
39926,1.185654061339335
39927,1.8916848103430226
39928,1.9018142477780842
39929,2.4467843762257004
39930,1.1626995148884873
39931,-0.5272216612954139
39932,0.7814236775122225
39933,1.5409617332509882
39934,1.4141263216290412
39935,1.9175046737242099
39936,1.6297434755825009
39937,1.399697256605407
39938,1.131080824738305
39939,2.4670761415826448
39940,2.846974795937058
39941,1.6145287862147555
39942,1.8615649320570498
39943,1.4453380489241212
39944,1.1371325792925973
39945,1.6628793690925079
39946,1.9914356533521413
39947,0.17833602081376654
39948,1.9681009420420281
39949,1.4574414312714339
39950,1.9442444042597984
39951,1.6537161376699672
39952,1.7873423336586356
39953,2.5726537281570785
39954,1.0500336893791058
39955,1.1354608359643876
39956,1.892448677032661
39957,1.3827155647504838
39958,1.7060739239976428
39959,2.305204204898125
39960,2.666488764389321
39961,1.4745747712313388
39962,2.303587271411409
39963,2.0846501997183395
39964,1.893840060319647
39965,5.07401806007725
39966,3.1293305377937344
39967,2.1834888377584036
39968,1.0663304915873582
39969,5.01482833768015
39970,2.6847446408453166
39971,1.5403200303372913
39972,3.015194270386509
39973,0.662802558526991
39974,1.2004234843424442
39975,2.1182559824931175
39976,2.6749687694498334
39977,1.4848612270920114
39978,2.4469456888479826
39979,1.3017920498837867
39980,6.342189624487659
39981,2.078648992542128
39982,2.220949793160429
39983,1.4578384725518703
39984,2.133855011444304
39985,1.4462772909645096
39986,4.08010090880429
39987,1.8030028953076993
39988,4.499738627051386
39989,0.6893838773962386
39990,2.396041447826505
39991,3.7568947816453218
39992,1.9473827468732594
39993,1.989242306198875
39994,2.1547996618452885
39995,1.8822966032543889
39996,2.3153485713113326
39997,1.1993878253525736
39998,0.708375622271042
39999,1.4010967820620976
40000,2.1639229320074733
40001,1.110237407709647
40002,1.9631987015377703
40003,1.624011382876823
40004,2.489021526326674
40005,1.048152862757533
40006,2.2930600546226714
40007,2.032781876855694
40008,1.9277545989066098
40009,1.7534784499261917
40010,1.0937620561747963
40011,0.3909151970032454
40012,2.1440571263249595
40013,2.2067206851689107
40014,3.153923785782183
40015,2.979231273276831
40016,1.6128690377468473
40017,2.966112517508968
40018,2.0162309568302135
40019,0.9295972594591859
40020,1.4224609728137878
40021,3.400160677466971
40022,2.0885183884738225
40023,5.000854051616301
40024,0.966348276614589
40025,2.69750386554108
40026,2.8074876165688707
40027,0.9598907341481819
40028,1.9336342958897816
40029,1.9140514265306408
40030,2.255864655353051
40031,2.4770624061892974
40032,2.6929184240717134
40033,7.359077576484125
40034,2.9111164744099867
40035,2.604861369738657
40036,0.23207911456240993
40037,1.80060235559192
40038,1.0282541111483567
40039,1.652119803266281
40040,1.6032598946620809
40041,1.3235890445994656
40042,2.1632068505212843
40043,2.675046910259475
40044,1.6083437146426434
40045,0.5726176108404104
40046,1.1926940742214924
40047,2.373483207894502
40048,2.395022570674179
40049,1.3482147231214654
40050,2.9054774819234908
40051,2.381033054052601
40052,1.9981037297802615
40053,2.104173326569679
40054,2.883720755868559
40055,1.832538160916755
40056,1.867463475368055
40057,1.6372129548039709
40058,2.075936218726241
40059,1.4906300643516985
40060,1.5670680295187225
40061,1.9751838918432654
40062,2.3524951620402703
40063,2.241121264229058
40064,2.1111488087021115
40065,3.7743739456791943
40066,0.7629579380460285
40067,1.9085161522423135
40068,2.5576692593590664
40069,0.40482072093487176
40070,2.73407295935759
40071,2.20642855286151
40072,5.101372248419025
40073,1.6730194616370042
40074,3.093147669771753
40075,2.640072802330984
40076,2.110712589857968
40077,1.4553578147595232
40078,1.4641739313285242
40079,1.8511882250765552
40080,2.4386079271611507
40081,2.080232443663448
40082,1.4639142464970476
40083,3.087167074763272
40084,2.633926848928674
40085,2.453148468372383
40086,3.2792431328896257
40087,-0.019918665478712683
40088,2.0857736045806234
40089,1.5392218511068378
40090,1.5117284141967815
40091,1.3641931834607774
40092,2.047332311993884
40093,1.2097375622119628
40094,4.787277794136358
40095,1.5941443605722228
40096,2.891000615104204
40097,1.617762506625489
40098,2.0676943810863193
40099,1.9502482212124193
40100,1.7262713874242763
40101,2.218424253834087
40102,2.7000041712587617
40103,1.9974474364590549
40104,3.384830287846171
40105,2.7370142490082188
40106,1.31223332433391
40107,1.5450547400360364
40108,2.140327145731071
40109,2.6735855968483975
40110,1.0571104613078646
40111,1.3290056741671137
40112,2.013575578252457
40113,1.42772108221628
40114,1.638514756220573
40115,2.7858065701947794
40116,1.5369943561416335
40117,2.832039568981344
40118,0.3263600302194263
40119,1.118709313241098
40120,1.6675043661920128
40121,1.9388885299128944
40122,1.6343717956334416
40123,2.30743810309513
40124,1.2010027676956767
40125,1.878522384733813
40126,1.417205251667525
40127,1.4793259328167778
40128,2.4598328290896347
40129,3.4711532403719616
40130,2.2508323174574585
40131,2.559871969521325
40132,1.901412514685532
40133,2.872765912502423
40134,2.5386546367564904
40135,1.7406349142283801
40136,2.4924889799214753
40137,1.2030395361021036
40138,1.7980002187623896
40139,0.9064347973926985
40140,1.8791699169220237
40141,3.56725667863347
40142,3.356137550594603
40143,1.4529580587267503
40144,1.266291452779349
40145,0.8011023349352868
40146,2.1528433574588632
40147,2.7905012093233026
40148,1.3320229641238228
40149,0.8976468974533915
40150,2.0483669181840938
40151,2.915028756456614
40152,1.9285086230599902
40153,4.1384652404781335
40154,3.4006755018166075
40155,1.8019366092793092
40156,0.8470701027856151
40157,1.1741448347476933
40158,1.5881559259659426
40159,1.197871232363923
40160,0.5078814920013173
40161,2.6088298428919146
40162,2.442162752512374
40163,2.052591026252493
40164,2.4537844949898115
40165,2.8037755201721026
40166,0.9283798580477551
40167,0.47882950940335434
40168,1.7054443027219577
40169,2.167452923391636
40170,1.759155650654776
40171,1.6013867288861903
40172,2.156769022880326
40173,1.3891186671897557
40174,1.7783917691451734
40175,1.8637796127084627
40176,1.6187689863946417
40177,2.426016868603412
40178,2.0749818774246904
40179,2.1078709437144667
40180,1.2353761897565718
40181,1.5132295447104482
40182,1.7221609353849558
40183,3.7939390051334527
40184,2.0214968987173947
40185,3.5794787680104605
40186,1.0991063211538545
40187,3.401658888591399
40188,2.597072409746609
40189,5.675248544920144
40190,2.1870395641740643
40191,1.542092542831064
40192,1.5269437587154613
40193,2.7886472359823884
40194,1.938318935386441
40195,2.5790738002308444
40196,5.538947350321841
40197,3.7093246859821605
40198,4.725251277905045
40199,2.278979855929819
40200,3.0562597076619653
40201,2.267923204255844
40202,2.55775778543007
40203,1.5609482430070258
40204,2.666229676368694
40205,1.8475412989046305
40206,1.1434653728182838
40207,2.079004509324122
40208,4.754968234591566
40209,2.445243420364619
40210,0.8684793136623199
40211,2.3260029589328255
40212,2.41610039234763
40213,2.270901805638573
40214,2.220953747031821
40215,2.2228941480718305
40216,1.4198205457229065
40217,2.1321174363573405
40218,1.3890051529656589
40219,2.500404312429488
40220,0.773938485229543
40221,1.871165609874481
40222,1.8330441678027967
40223,2.8152128805973433
40224,2.8636977093298412
40225,1.6628568685101897
40226,2.0611699039575484
40227,2.1701723324993836
40228,1.0785241212105632
40229,2.5154643313414624
40230,1.7958304569095986
40231,1.903486639984095
40232,2.6244890261672538
40233,1.4859888867343969
40234,1.743259093806543
40235,1.2165811182005655
40236,0.7229177524252393
40237,2.1760801407717025
40238,1.7624158478819467
40239,2.4400781038317945
40240,1.7868336748529003
40241,2.230251882930837
40242,1.4027760732652013
40243,2.998247723058448
40244,2.6648959029541857
40245,3.687781770830938
40246,2.2818142790237985
40247,3.054243943740275
40248,1.8617341570709414
40249,1.2152907375285125
40250,1.7796032357653502
40251,2.1467270508425145
40252,1.6896798668129307
40253,1.2317086641468222
40254,1.6075912828125922
40255,2.1693261837490496
40256,2.3214519847163544
40257,1.3560113061069927
40258,2.459495711229927
40259,1.4041732477607738
40260,1.165572382947687
40261,2.1159958046833225
40262,1.6765762555732877
40263,1.9123237932014447
40264,1.2485582830751198
40265,2.4682566112444704
40266,2.1703008637302545
40267,1.8023976714540737
40268,1.4423218906744708
40269,1.4002048041006816
40270,3.22411651841405
40271,1.6690299324111564
40272,2.530674995337961
40273,2.558733089406779
40274,0.8823377430061186
40275,2.321927677901556
40276,2.256980670344241
40277,1.4051368742429915
40278,2.089313859893629
40279,1.350772787272824
40280,1.8618436453888947
40281,1.4468696346904224
40282,4.031234660833249
40283,1.9602592618433334
40284,1.6489102335091346
40285,6.10174940531811
40286,1.833122062494077
40287,1.386745207154462
40288,0.40692736353013004
40289,1.9188046088000235
40290,2.648183456505649
40291,2.1111434260332516
40292,0.8022331274895507
40293,2.8890096536747265
40294,1.2825288492519533
40295,3.232435324991485
40296,1.277462905975483
40297,1.7936877073664448
40298,1.3992139802576489
40299,1.6688114909253642
40300,2.510772022840854
40301,1.7896313536388604
40302,2.000286216097088
40303,0.8887254172909778
40304,3.0299057001443614
40305,1.4412053666892888
40306,2.559729886748407
40307,2.2819264208835506
40308,1.2004213009795492
40309,2.3026395155111032
40310,1.3675235701116932
40311,0.6428786600055432
40312,1.5748729258570862
40313,4.449251152121313
40314,3.3995567770311084
40315,1.106956743019964
40316,1.798166151266976
40317,0.989572974941467
40318,1.727190283048742
40319,2.2682871357826144
40320,2.585962511907873
40321,2.5124190093477097
40322,0.7954623041498223
40323,4.922458702874401
40324,1.2637499620598902
40325,2.5380337343139274
40326,2.529590706048502
40327,2.2643024626966337
40328,2.5160860374981127
40329,3.101593556283312
40330,1.4421497070656812
40331,1.6336234374261878
40332,2.1600429540906916
40333,2.498656471655721
40334,1.6209314863069224
40335,0.47082739449486866
40336,3.2796925654351554
40337,2.9854067984077375
40338,2.2825497648764568
40339,1.9705841219492797
40340,2.042025071418614
40341,2.20719772162591
40342,1.4494872549288544
40343,2.249545374040771
40344,2.1270655817571082
40345,1.544278661458094
40346,1.1365659108602983
40347,2.414140321389894
40348,1.0532901181445666
40349,0.7217240399340881
40350,0.7928617956471271
40351,3.1627703702177428
40352,1.8109528093055758
40353,4.543585794015158
40354,1.4979859372463977
40355,1.1616728646345393
40356,1.4947533243274407
40357,2.1881844764093756
40358,2.2855687804010927
40359,2.6712118357023513
40360,1.5086277331074456
40361,2.4271826064526607
40362,1.3731065786229735
40363,1.7056222652231554
40364,0.8948625794119707
40365,1.1216443275930956
40366,1.5173999905899436
40367,2.155600688642849
40368,3.0790385381663015
40369,0.9805703970260922
40370,3.133632234081219
40371,2.2994140458216137
40372,2.362510965320851
40373,0.6969566943718064
40374,2.0552637710402735
40375,1.1443281724994137
40376,1.3590563596187835
40377,2.4719005278934105
40378,2.32909862429117
40379,0.9981898345075351
40380,1.054049138846615
40381,2.309545224886179
40382,1.24082881190472
40383,3.1827386163271427
40384,2.4661582767401242
40385,0.8635270236864869
40386,1.5254058733425495
40387,2.436692341448719
40388,1.140306130977713
40389,1.5944837908577156
40390,1.7416690358030564
40391,2.993431500990681
40392,1.8496397450298687
40393,1.3858793379479764
40394,1.578536685267494
40395,2.340875268001213
40396,1.6606327170747903
40397,1.8492051040677353
40398,1.6653201980041743
40399,0.4420531368407765
40400,2.3983188130326525
40401,3.126608389664767
40402,1.8196427991225121
40403,2.7492939418129865
40404,1.0450171111129407
40405,1.5703670053851226
40406,1.9829130976781215
40407,2.762126994894686
40408,2.708960679985175
40409,1.355940546292409
40410,3.228041329726622
40411,2.3733903449611233
40412,1.8487613029592112
40413,1.8267873237958483
40414,1.6137523576539294
40415,2.108625627797352
40416,2.494614187667125
40417,2.7850177824872446
40418,1.563333647694158
40419,1.9206762109346016
40420,0.6160636290380808
40421,1.6273435856018708
40422,2.7719026383800838
40423,1.4924118788710246
40424,3.368221464059431
40425,1.5942608143534684
40426,2.487116692744273
40427,1.579348919676093
40428,2.583774744849258
40429,1.3683030004244685
40430,1.3473428997138441
40431,4.505771362469112
40432,2.626735803001317
40433,1.4072875331203605
40434,1.8263233638743799
40435,1.9464583590103999
40436,0.5035908312138133
40437,4.226617319795572
40438,4.295830695007417
40439,2.3736801746021996
40440,1.551928781111151
40441,4.163820750953533
40442,1.7595257083691251
40443,2.4772522407525415
40444,2.2489185222082497
40445,1.5412903268180287
40446,2.3634423036505936
40447,3.311448365381068
40448,5.849962072775725
40449,2.0597865075937776
40450,0.7104096196577032
40451,1.8263315537821256
40452,2.678970965999426
40453,2.688745279646888
40454,2.7076672641752566
40455,3.3986796524766447
40456,1.5600380420911861
40457,5.264331907337947
40458,2.4114909130754043
40459,0.9514364711066676
40460,2.7566238610366653
40461,4.9380667460090635
40462,1.381542096739338
40463,1.8303352340349974
40464,2.3384876867144158
40465,3.121198107510274
40466,2.1502636347629505
40467,1.6180312486679966
40468,1.92989377750542
40469,5.051982340641011
40470,1.7187654663784357
40471,2.7234819382076267
40472,0.9195259633720667
40473,1.7395999524315897
40474,1.2489416596308018
40475,2.5391965453706007
40476,4.924617070972907
40477,0.2087297842091118
40478,1.5267419052699651
40479,2.6193953015893214
40480,2.1987920950986393
40481,2.0647230724496524
40482,2.3028839152227008
40483,2.2501989143233914
40484,2.3848269621273346
40485,3.146463961038947
40486,1.366836818831203
40487,2.7167787866448947
40488,0.9892734992794558
40489,2.2704076174338255
40490,1.7743187890521668
40491,1.2516773667524106
40492,2.199229697538698
40493,2.683220254550484
40494,2.0430736467249986
40495,2.2398361705427874
40496,0.9976462075403632
40497,3.0013578817419173
40498,0.8111797251572384
40499,3.5481718357136884
40500,0.7842687899065623
40501,2.3609347362257083
40502,2.9507204118933075
40503,3.5342547666042847
40504,1.1803883692314088
40505,2.886350534013758
40506,3.459272149828024
40507,2.0214232676375232
40508,1.9833308096078
40509,2.675931808650006
40510,2.547767927041484
40511,2.4871612794313123
40512,3.476288162821085
40513,1.258879637732484
40514,2.1255001855266613
40515,2.5334009793396106
40516,0.7469879315228951
40517,2.654391247923037
40518,1.13405784551302
40519,1.6209737003305094
40520,0.799334706177838
40521,1.7949323622852873
40522,1.5204083847050356
40523,1.6996078765861355
40524,2.0309451224967177
40525,2.669583105787794
40526,2.115505736651201
40527,1.3164592084343667
40528,2.765763713947308
40529,0.572245172999267
40530,3.2551319017904774
40531,1.632843008237316
40532,2.201962294023481
40533,1.351727075987796
40534,2.7289418334165845
40535,1.1561704697981199
40536,2.084243385657281
40537,2.2198766575887703
40538,1.3053872627197904
40539,2.3862653054360194
40540,1.1320139235868396
40541,2.8978515772297655
40542,2.4649264214632964
40543,0.9787728972003293
40544,3.5934232557295616
40545,2.5806835224519276
40546,0.6235883212418827
40547,2.681446729298301
40548,2.6051791703674567
40549,3.1318817160066743
40550,2.4261374411812966
40551,2.5188093947118517
40552,3.095574306152727
40553,1.9876418249564765
40554,0.7110215017608112
40555,3.9796954561471054
40556,1.8372421684978306
40557,1.6971616425208964
40558,2.5211444438340607
40559,1.1146828108005593
40560,1.1065658063147623
40561,1.0274129817006639
40562,2.722129866354713
40563,1.5313005048666284
40564,1.8372685837001228
40565,3.1379101160307457
40566,1.455436925833773
40567,2.491949927853426
40568,1.4927720942817189
40569,2.451918624256159
40570,1.520599867034619
40571,2.1552457809734094
40572,1.6125772998467127
40573,1.8538226872119736
40574,2.2746540981416814
40575,2.924117375410866
40576,1.5968206372670082
40577,2.2834159484054197
40578,1.1450302827893353
40579,1.3896530154055284
40580,0.8895026836730437
40581,1.770353060139783
40582,2.733263396631692
40583,1.2974596210712903
40584,2.8166248588503606
40585,2.737348160368157
40586,1.5672487304746596
40587,1.3063699588880127
40588,1.5714706559017557
40589,1.0687253846770872
40590,1.6389707061865337
40591,0.7554676150039938
40592,2.110917693983474
40593,2.5268364423510903
40594,1.1624421963244487
40595,2.091565380470904
40596,4.228518450352425
40597,2.183389180537823
40598,2.3944444238926295
40599,2.3954123129986016
40600,0.9609872801423762
40601,2.2516756566024796
40602,2.516356906371662
40603,1.3237770218279294
40604,0.5935078242452292
40605,0.7832010665723104
40606,2.2547577618217147
40607,2.5805796743146487
40608,2.8099442824756267
40609,2.6790538358117573
40610,1.474970783723201
40611,4.64817164550545
40612,1.4074943560854152
40613,1.131061406800562
40614,2.159242755879802
40615,2.3127871676513436
40616,2.2857513663162052
40617,2.193332217581599
40618,2.404629038734761
40619,2.7795661266465004
40620,2.301308311062357
40621,1.861195863301262
40622,2.011752353619329
40623,2.4277249021947114
40624,0.9441152624504028
40625,2.05710348630177
40626,1.5239998765910983
40627,3.71972730675963
40628,1.8683417060258805
40629,1.3676340121465245
40630,2.609320153386271
40631,0.7098267785723138
40632,1.4639127903955753
40633,3.2645328886177296
40634,2.734209021911525
40635,0.9647667024460418
40636,3.1348281360688546
40637,1.8048105520564377
40638,1.9693327141565078
40639,1.9215532974778355
40640,5.044500835143246
40641,1.3319500121547918
40642,0.8406832757441123
40643,3.497717499610033
40644,1.969779516005623
40645,1.6271755506233276
40646,0.8516417592987935
40647,2.4738052445747627
40648,1.9903316522777104
40649,2.5242357855312463
40650,2.2166471676442754
40651,2.486684401868736
40652,2.885595760534706
40653,1.4071823969555695
40654,0.7221306093141635
40655,3.840488128912348
40656,1.1221528852994354
40657,2.207152282230574
40658,1.7577460843549062
40659,3.2592980945094467
40660,2.889221358737764
40661,2.0833848103718253
40662,1.3997810006979137
40663,0.9943056204220184
40664,0.7553722920693531
40665,3.257176458027004
40666,2.800373449706001
40667,1.939847198543447
40668,1.3192313200004975
40669,2.0047215349679846
40670,2.3141830630194633
40671,1.2997277883493439
40672,1.848511305252785
40673,3.4586662151997345
40674,1.8374522604863017
40675,3.6350236806983673
40676,1.2547887431080866
40677,3.4233789074705
40678,1.0746450144580066
40679,1.596212233055418
40680,1.3110259440194767
40681,2.189387439986149
40682,1.4457728093261295
40683,1.7806700794846506
40684,3.7794366674521243
40685,2.8428224815623437
40686,2.1454372640678017
40687,1.0015987904803438
40688,3.1357772937403396
40689,1.8408190195198273
40690,2.197253104133864
40691,2.2966332726685366
40692,3.2166466538311838
40693,3.9176588422722745
40694,0.8589672634770054
40695,2.826881936852807
40696,2.0502355749182755
40697,2.957047794091963
40698,1.587680025355553
40699,1.5305124269039894
40700,7.197566434807769
40701,1.8234844574367912
40702,2.1889829538818404
40703,1.8701562313914266
40704,0.7204564492134153
40705,0.6003533548808306
40706,1.6738370790581598
40707,1.0662839181022719
40708,2.5041907223080813
40709,3.0139220204263992
40710,2.082768300725647
40711,2.630985635287182
40712,1.4696118350237768
40713,1.7126665216931656
40714,1.6748823375620034
40715,1.166336203604338
40716,2.127811958703944
40717,2.2064925617866464
40718,1.5980882705158521
40719,1.4600170604268214
40720,3.1241360548836354
40721,1.8829186613518871
40722,0.5876881819107851
40723,1.981172970464499
40724,0.5910916544177738
40725,0.9296197527694332
40726,0.5328915903429348
40727,2.142554341991591
40728,0.9484994431268774
40729,2.199900604502055
40730,1.8527902607654596
40731,1.9305284590121232
40732,2.5429896024280794
40733,2.0028051113003045
40734,3.398663765209001
40735,1.6979521567935976
40736,1.7517237956802774
40737,2.3874087460615527
40738,2.740246725881292
40739,1.3681148927604099
40740,1.868572788149251
40741,3.245352675532004
40742,4.408766911072483
40743,2.580667296606201
40744,2.334969870406205
40745,3.4622834367999005
40746,1.7579488590905399
40747,1.679835990656997
40748,1.8588934101130974
40749,2.676862092150948
40750,2.7275959354134542
40751,2.424099926242853
40752,2.4731870443060657
40753,2.827612827599765
40754,1.4717041980388785
40755,4.094956506161935
40756,1.5191530638037776
40757,3.47141868483984
40758,2.4853838978719693
40759,2.5362237307591613
40760,0.7125584991479172
40761,2.8527994568357116
40762,2.8159073690630194
40763,1.9179238823881946
40764,1.4066569642759887
40765,1.0147219284715874
40766,3.812240633929349
40767,2.2186776203060745
40768,2.6775829329884573
40769,1.9327732232411208
40770,1.9075049941460662
40771,1.4213770724498929
40772,2.2579669373103997
40773,2.344910684862853
40774,1.8632390088588409
40775,2.0721830634082252
40776,1.7458621564271581
40777,1.4407877487761098
40778,2.969438361260572
40779,2.760764846309087
40780,1.7525103565535716
40781,2.582400369902615
40782,0.3258007590765999
40783,1.8955693504292768
40784,1.5316162097224293
40785,1.2771804706050887
40786,2.0444330410189906
40787,4.388960576443971
40788,2.0747707411843805
40789,1.1661266242716408
40790,1.2477930718361137
40791,3.4713683395228543
40792,1.6768756510121392
40793,3.130319705619584
40794,1.2986780179593183
40795,2.0707774272404293
40796,1.7413207424936559
40797,1.7751384666942727
40798,4.63332939269916
40799,1.997395832575961
40800,2.4138681680391514
40801,1.1009150220912574
40802,0.5209700894475304
40803,1.0956323095752225
40804,3.066627768947363
40805,1.632683563643738
40806,3.1953307894928997
40807,1.852870149968176
40808,1.7811077383680285
40809,0.672803774281185
40810,1.8384538380853286
40811,0.9069752841942389
40812,2.547764468167138
40813,1.9978892392249037
40814,2.7951478410760373
40815,1.533469677025181
40816,1.5983590552996816
40817,1.7390433752118994
40818,2.144793083908759
40819,1.9588198524923826
40820,3.1260950628868613
40821,1.1692222804925194
40822,2.1853604758451866
40823,1.5748742142868295
40824,2.3972328480140206
40825,1.7418549379897001
40826,2.2226891988401007
40827,1.9913517349544136
40828,2.732131281403724
40829,2.2623854579056157
40830,3.306697818015529
40831,2.3380848654529203
40832,3.396482588691235
40833,1.9755729370469908
40834,1.8360602421337546
40835,2.1385391760647963
40836,1.9764989153057897
40837,1.0335734635121625
40838,3.170292851113203
40839,0.8159083286906608
40840,1.7108414458735055
40841,2.5021698554812133
40842,2.0777796336697207
40843,3.950363935357963
40844,0.9674580293860657
40845,1.6643571630300045
40846,2.1881301204620343
40847,2.646611635107753
40848,6.394976924280051
40849,1.9555268374972528
40850,0.3794569853979297
40851,2.4470553909164323
40852,1.633917378609155
40853,1.651224825526576
40854,2.111654087776728
40855,1.7467601894191063
40856,1.7052028421272354
40857,0.8664267763099147
40858,2.0090775044761457
40859,1.3678822151485406
40860,2.7625313070360846
40861,1.2550481480736124
40862,2.556098282140738
40863,1.60874118515423
40864,2.452441462679758
40865,1.9954144977615869
40866,1.4530472955094638
40867,2.520590010122298
40868,2.722782358930843
40869,2.049574809892732
40870,2.299192808349318
40871,3.97653951178777
40872,1.6427752344552573
40873,2.2048082225569487
40874,0.5166308367733166
40875,1.8571261960670995
40876,2.704825027158101
40877,1.9165003659013706
40878,1.106866026830616
40879,0.9194743446338904
40880,5.798953125717013
40881,2.871076141588297
40882,2.069409197271696
40883,0.9817327973671937
40884,2.813533674961377
40885,1.9993228564559757
40886,2.9903854111243646
40887,4.072874879096574
40888,0.9972561074380693
40889,2.5740614621378555
40890,1.9606323524484353
40891,1.309318574136043
40892,3.155051833120652
40893,1.5489035340759685
40894,3.856225513577648
40895,0.9752232780471672
40896,2.7970018487839496
40897,1.8966289267739782
40898,0.7318585534504507
40899,2.260387345065517
40900,2.167977166676714
40901,2.4791976121178934
40902,1.8777123956889525
40903,2.1303019758355433
40904,1.7362686665657847
40905,1.1088643930796138
40906,4.58302023566624
40907,3.299911747418278
40908,1.7448270786778721
40909,2.744167594645866
40910,2.445200316111851
40911,3.7162281417707206
40912,3.500270609961021
40913,3.011936825937589
40914,3.427383525248338
40915,4.559180651218881
40916,2.8045773247614605
40917,0.7711950738819837
40918,1.544118132267002
40919,1.6494483241113258
40920,2.313098633968501
40921,2.252005500555562
40922,1.7987751594348538
40923,2.4416721885608794
40924,3.1809760316706672
40925,1.6282736630221066
40926,1.919939554507316
40927,1.717476271873629
40928,1.3269759595280277
40929,1.6002059562962216
40930,2.3676800603520434
40931,3.1723300498038896
40932,2.4282428695975327
40933,3.290370759854838
40934,1.9206931303156622
40935,3.1904447312168003
40936,2.5992931435615603
40937,1.4451707373040037
40938,1.49741063513504
40939,4.11916509179072
40940,1.9834855887844824
40941,0.7352770949130729
40942,3.310158133489054
40943,1.8082326958343913
40944,1.906825435667301
40945,2.379648390399865
40946,2.771744605593355
40947,1.3689346220889718
40948,-0.3012894110319664
40949,1.0714769846460541
40950,1.8143982287551452
40951,3.759048032676894
40952,2.3534242985777922
40953,2.15352915741709
40954,2.9962776972270646
40955,1.2512005713190888
40956,3.0858509832724152
40957,2.776110585695889
40958,2.6276689379326186
40959,1.0867857244370427
40960,0.8986506112314103
40961,2.4447380362911133
40962,2.96279843805646
40963,1.0477674377359492
40964,1.139919158572397
40965,2.4830167494605746
40966,2.684262025386147
40967,1.8962489112252428
40968,1.7154903634395993
40969,1.4830372106080318
40970,1.8603697653703293
40971,2.004239392784271
40972,2.0010384793383977
40973,0.9328397262358266
40974,2.1526822967747137
40975,0.6019087189187005
40976,2.4401483692574786
40977,-0.966945402658709
40978,2.0022554457029997
40979,2.5921696904025566
40980,0.2114617334483455
40981,2.846269624222188
40982,0.8500878284323008
40983,1.664889197959127
40984,1.827341982482082
40985,2.383886019900274
40986,1.4851691305034294
40987,2.135019823712554
40988,2.7210961088128585
40989,1.7306221500166856
40990,2.249992032498689
40991,2.4418161275293784
40992,1.8245390721102268
40993,3.2848012728490232
40994,0.45739500314798676
40995,1.4278546677660842
40996,3.8129506673624007
40997,1.7425947145178498
40998,0.9653414765627986
40999,1.017345681562901
41000,4.760978986225801
41001,1.641494449820783
41002,1.8165213157195126
41003,1.1546786175011832
41004,1.681024051462181
41005,1.6661649531251328
41006,1.855251544002698
41007,1.645034405329909
41008,1.4165602327922144
41009,2.9148963576416875
41010,2.005487244923664
41011,0.8088368694188404
41012,3.7033943753583074
41013,2.842059574123212
41014,1.5483547171751297
41015,1.9056917382587102
41016,2.1015332326079914
41017,3.3693911889920827
41018,1.7353742409194268
41019,2.9621339117186665
41020,1.5254893641432048
41021,0.35648957017520644
41022,2.189687772304339
41023,1.8994231104871488
41024,1.2500241751683774
41025,2.1431569430777273
41026,1.962976161063331
41027,1.792046721642663
41028,2.5958202525359155
41029,1.7685530653702841
41030,2.2316909974593457
41031,2.327363916569581
41032,1.543074370407382
41033,1.9667520015197937
41034,1.7393143525765993
41035,2.003661977038
41036,2.6779319774317187
41037,2.3782274806354167
41038,5.275179258914925
41039,1.9218865905428473
41040,0.6219826109271835
41041,1.9059250602421542
41042,3.317174057325012
41043,2.2051141964474823
41044,3.986542461227998
41045,2.8622721082000666
41046,2.565156947472836
41047,1.4952032758705514
41048,1.871473646219144
41049,3.2231286682554483
41050,1.1950709523993694
41051,3.001841260589295
41052,2.472858306101486
41053,1.3513269066439832
41054,2.088699784308787
41055,2.882503335080145
41056,2.2217827421700918
41057,0.9905285340930803
41058,1.8920851539483934
41059,1.2033188432022044
41060,1.3033888632785846
41061,2.1938063861606025
41062,1.579573954359745
41063,0.8928927923902563
41064,2.6556752580190093
41065,2.2027501038770367
41066,3.1785420542914338
41067,0.6473452425028441
41068,2.316158066227402
41069,2.702275347325724
41070,2.9531019232141986
41071,0.6409018025699709
41072,0.7686123998106851
41073,1.4958744450544543
41074,1.9713914834513844
41075,1.1515090198849478
41076,1.8814418014650016
41077,0.7490041524175766
41078,4.081903464777255
41079,4.252778359604697
41080,2.189519421134378
41081,1.79507115658825
41082,2.4061781960369117
41083,1.4082942493678772
41084,0.8748992898284769
41085,5.286389416335517
41086,1.1480750114171059
41087,2.678934792636035
41088,1.310856946836516
41089,2.1486912719275963
41090,0.6921872110927012
41091,2.9565474973820045
41092,1.2341500423493343
41093,1.5992941241985505
41094,1.4927630824753138
41095,2.245437049807464
41096,2.1011861897319903
41097,1.328171253938919
41098,4.111545675979023
41099,2.7070638310001485
41100,1.1385295504832484
41101,2.5617555314211486
41102,2.1166337781141564
41103,1.3026427371963862
41104,1.020163871288922
41105,3.759912757559505
41106,3.0392330747129606
41107,2.2833427707077263
41108,1.881255437062599
41109,1.6731947819727822
41110,0.79270597690887
41111,2.5054203798490207
41112,2.1598830634557373
41113,0.6529985543137684
41114,1.7689618762975314
41115,0.9457162972352506
41116,1.0570517344335784
41117,0.9222856298257298
41118,1.7818691792906378
41119,2.1035607231325955
41120,0.9648109572559918
41121,0.7421520724847213
41122,1.5908966605668837
41123,1.9536927580110017
41124,0.6193411352216387
41125,1.6232046819691561
41126,1.092265563206091
41127,1.2302962173937502
41128,3.399219827758195
41129,1.5835268134405283
41130,2.159522006445009
41131,2.202396892407535
41132,1.8149014948023492
41133,0.762953637276425
41134,1.602190732199439
41135,1.700084372577713
41136,2.3148678235803146
41137,0.4151712504968188
41138,1.66656929647543
41139,1.2118039904787636
41140,1.277639665840951
41141,3.099011651196129
41142,2.6836928693016446
41143,1.8721700133214512
41144,6.475935621523774
41145,1.278054492851517
41146,1.876711188934138
41147,2.5099950093071186
41148,1.8071278941070403
41149,2.523730900207049
41150,1.8664922809765159
41151,1.8534861319733125
41152,1.7471429434010233
41153,1.5439401788667055
41154,1.831095525571392
41155,1.9583490383951272
41156,1.662375303339232
41157,2.752355260645402
41158,3.610556100594245
41159,2.5636143901611774
41160,2.2449730596806816
41161,2.383874289609878
41162,1.3716152919499578
41163,2.3720182389943787
41164,2.5478993952670947
41165,3.1565012050698016
41166,0.5847492053913044
41167,1.1635300175478278
41168,1.7217561896248128
41169,1.0610172309681758
41170,2.350511678359922
41171,2.107391950868319
41172,0.9135813836406115
41173,3.2135140124660992
41174,2.038084617439111
41175,3.3910535124128103
41176,2.162105367881651
41177,2.1464070172179177
41178,1.9476770014899785
41179,4.22713192242405
41180,2.0743346256558297
41181,3.500403037524123
41182,1.6519506443238114
41183,1.4847974231165892
41184,2.326755691307021
41185,2.3816273496994924
41186,1.7808646540957724
41187,2.097650423634896
41188,1.5819038631807416
41189,2.2056365900643726
41190,2.113007091344258
41191,0.6393595859314161
41192,2.194031075646542
41193,1.526997366767901
41194,1.9627609738530936
41195,2.4899286992379146
41196,2.5389045579396736
41197,2.8130686756101824
41198,3.8026783569808416
41199,3.1711179398788687
41200,2.458528254474359
41201,1.8350106592939497
41202,0.40422626806908113
41203,5.033354485851568
41204,1.8069807484867866
41205,2.882305991060335
41206,1.299640850052704
41207,1.722063186200323
41208,1.7259346889183718
41209,2.912837854931851
41210,2.8778001667910758
41211,1.5192979312413186
41212,1.7150430047201581
41213,2.1508758941767354
41214,2.6304637286288113
41215,1.5656785586255637
41216,3.117230826243855
41217,2.5042455000118267
41218,3.232488355974745
41219,2.3867777619668544
41220,2.273534375405845
41221,2.0329528729580133
41222,2.8185288659938195
41223,1.6893175098265871
41224,2.476747540607967
41225,0.5808818763482151
41226,-0.28318147975797103
41227,2.7758393263891463
41228,1.9873273882113693
41229,2.254385852495446
41230,0.8615711439460512
41231,1.5348385429942013
41232,2.1262954524752757
41233,4.251187350035494
41234,2.128622797094465
41235,1.0820383531479152
41236,2.3352421445053935
41237,1.8361585080680811
41238,1.1862128341445768
41239,2.443632997190612
41240,2.9492119635615026
41241,1.9064148555603495
41242,3.29984140398372
41243,0.7632698831974807
41244,1.7480765379096326
41245,1.1990600144323054
41246,2.2358400119888486
41247,3.9746284713030136
41248,2.1125655587646506
41249,4.375267371564036
41250,1.3915058378653455
41251,3.6254603214744847
41252,2.680849357319758
41253,1.5379345778462437
41254,3.626876938608916
41255,1.6822824708288877
41256,2.3876765196237812
41257,0.8715404930945709
41258,2.2235114797126982
41259,2.4785344259247992
41260,1.6786507533697232
41261,0.7366990353126326
41262,1.060142363647273
41263,2.4067251563127314
41264,2.2519503591203076
41265,2.3298968091167396
41266,2.3836028454278235
41267,2.815044691344312
41268,2.5640162362162826
41269,2.5755364392100475
41270,1.5745084896227937
41271,2.7625428056139256
41272,1.6743802372694248
41273,1.2767213472821481
41274,1.9488237313208145
41275,2.652368600887087
41276,3.0002384052626923
41277,1.1723632724294077
41278,0.43365180251497293
41279,2.7332322845290875
41280,2.1968857728750635
41281,1.7126016885352087
41282,1.5280443917831192
41283,1.7397692890759942
41284,0.173080106881649
41285,2.0223983993084644
41286,2.547381076278036
41287,1.45930422241819
41288,2.00732800650961
41289,0.8353522395628232
41290,0.4843961626248827
41291,0.7517313870319171
41292,1.3418160073567975
41293,1.9982556562996194
41294,2.088984964058831
41295,0.6745743201746563
41296,1.7023040773404858
41297,1.4907826886104232
41298,4.809210031992869
41299,3.3336462798935003
41300,2.0575381888569524
41301,1.850900183536858
41302,4.552837274662643
41303,1.875814016146819
41304,1.8544399019290339
41305,1.1592089680213107
41306,0.6226227884364732
41307,2.1228055601599536
41308,0.7569267551552556
41309,0.40297831638172
41310,2.05364418174981
41311,2.058237847896919
41312,2.725833297241259
41313,1.6803684951296987
41314,3.087352880744902
41315,1.1595434388625776
41316,1.091233203939673
41317,2.953694669763429
41318,2.452890578267116
41319,1.6170000027768978
41320,1.798398805077099
41321,1.2131306660291727
41322,2.2767229961074236
41323,1.613645790415326
41324,3.1842738046543246
41325,2.515914939661151
41326,1.0024275287453293
41327,1.8933242560125052
41328,2.3008071939154178
41329,2.3081222953837113
41330,1.7977619926545998
41331,2.6577610424440437
41332,0.8741350437534336
41333,2.8042066260792424
41334,1.0012839438832941
41335,2.6110140890662947
41336,3.0615318610891222
41337,1.878440728784085
41338,1.9648734527517178
41339,1.5915429997752781
41340,2.008459243056052
41341,2.0371907070191213
41342,0.25672834801425637
41343,2.3507154088553577
41344,0.8515170594791783
41345,2.448011258332116
41346,2.2491376113894574
41347,2.2044478874403666
41348,0.9669269878976792
41349,3.471953124649339
41350,1.946103973591832
41351,2.2303689467245533
41352,1.8941127877295685
41353,4.1356566294073716
41354,2.1977411332864847
41355,1.9759490119365992
41356,2.0101762076144
41357,2.240602977670484
41358,1.6885580457872464
41359,1.9953721606448411
41360,1.443368366313706
41361,1.0108690756900032
41362,0.9915207546442915
41363,2.4964181646007333
41364,2.187921118965299
41365,2.332111253579832
41366,1.665920541871401
41367,1.4877564497112132
41368,2.447751046263747
41369,1.4267572446674848
41370,3.1270767123715046
41371,2.8576292418158005
41372,0.9671805717899389
41373,2.191081239498793
41374,1.5460101544481901
41375,1.0940880907945072
41376,2.020239176173355
41377,0.6912747392738439
41378,1.786896815787415
41379,2.1401510937498642
41380,2.075552334182639
41381,1.76405260755417
41382,0.7567555462132631
41383,2.4041188757182255
41384,1.9320721670063463
41385,0.7425592789732747
41386,2.126200662369328
41387,2.3375155844318556
41388,2.3043533130126974
41389,1.3406515157215608
41390,1.3522298978953984
41391,2.3413395867169555
41392,2.709867954742272
41393,3.1256747233112208
41394,3.752386285994625
41395,1.4395693287079254
41396,1.8246883866805703
41397,2.3261421367224813
41398,1.9216304265513742
41399,1.535435115735936
41400,0.8651940189854912
41401,0.8679917537609327
41402,1.7156209205740396
41403,2.0092200947280787
41404,1.3858628293422157
41405,4.256066958862
41406,1.5736724200193137
41407,0.9422774633000799
41408,1.2472983374781137
41409,1.685450985758969
41410,1.8301135564018693
41411,1.2211786413364791
41412,1.1050714969977093
41413,2.427656309653891
41414,2.0274834957269405
41415,0.9460892275331503
41416,3.1699337180872504
41417,0.8134950916822632
41418,0.6320734512094361
41419,1.222106504906435
41420,2.520910849491834
41421,3.1792186066904904
41422,4.281727309373679
41423,3.069720900726793
41424,2.9184454578603223
41425,0.9962607181766288
41426,0.939902936988247
41427,2.2675161190152338
41428,1.6118223277195654
41429,-0.3002274534829823
41430,1.6201623004467365
41431,1.8529561200423572
41432,2.374450672223901
41433,1.4346609326624815
41434,3.839002110421255
41435,2.191288911133711
41436,1.1310656345307208
41437,1.3114402061069939
41438,2.404510932194249
41439,1.9702045090233185
41440,4.570114836431749
41441,2.265545282619165
41442,3.414801675167894
41443,1.4937194797921975
41444,1.0775185211020144
41445,1.2030523449098567
41446,1.0246822139021603
41447,2.0094239013504307
41448,2.6781525589461666
41449,0.9501626199118292
41450,1.8205217947097196
41451,2.3998938715919422
41452,3.059904013888648
41453,1.4279195789017294
41454,1.6608325695261499
41455,3.105365025052528
41456,2.110243305205863
41457,0.878721794325152
41458,2.3189580720956187
41459,1.4930596318915192
41460,1.8013422305488334
41461,1.5483536564056237
41462,1.6412342332269674
41463,1.7813746292592683
41464,1.7312889566346499
41465,2.084826404267943
41466,2.5434823856374535
41467,1.4126723886417238
41468,3.9905571677257186
41469,1.7362553247627375
41470,1.256694826072028
41471,1.024693196450258
41472,1.901616717283055
41473,0.7678586449378528
41474,0.4853991256012833
41475,3.2167234115368757
41476,1.5633351983079535
41477,2.5153247888945884
41478,1.9067812448865666
41479,1.1067594788182191
41480,1.3578221620303879
41481,2.225606610466464
41482,1.994062057028465
41483,1.6719229976381627
41484,1.0738314593200329
41485,3.2943906219761843
41486,1.0101162285617065
41487,1.5348306499442899
41488,2.513092733393563
41489,4.5373806821736835
41490,2.611794543489026
41491,4.021309963654346
41492,0.7670775733003055
41493,1.323386188833176
41494,1.7788905339373358
41495,1.7922824220593583
41496,0.33050890443950465
41497,0.49587343098342984
41498,1.2481100474312044
41499,1.4697302882128227
41500,1.7837824643719813
41501,2.322087236048965
41502,1.9745504587399978
41503,1.537399315465798
41504,1.113778277031443
41505,0.8101425560633402
41506,2.37237012468632
41507,1.5832759067954214
41508,1.3980235461457013
41509,2.300281348872609
41510,1.8203164001912455
41511,2.196416529203482
41512,0.9486848365143885
41513,2.0889174578935084
41514,2.8133399416932434
41515,1.2201697804812923
41516,1.7305035573809064
41517,2.6438979160427962
41518,0.6187295769278123
41519,2.0844608874290174
41520,3.3276875482082886
41521,1.6656194541914502
41522,1.675007432439763
41523,1.7389213821574145
41524,2.7039031766456105
41525,1.418508975596211
41526,3.1449933902124982
41527,1.56796393378022
41528,1.9813900997124065
41529,2.210747087408187
41530,2.1501664399156297
41531,1.5873278277998892
41532,2.603477309036279
41533,1.8462774273493778
41534,2.5486551210811044
41535,2.8009463256582166
41536,2.9352156290609273
41537,2.364404633612459
41538,1.8454507659165102
41539,0.9102542177080508
41540,1.6990204613639008
41541,2.7900353675584597
41542,1.992383439980884
41543,2.038276399244161
41544,2.818323125063671
41545,3.3741086418827777
41546,1.4287718227358823
41547,1.905235062091677
41548,2.001246568098587
41549,2.4980623321749036
41550,1.2244598110648326
41551,2.5325765559740177
41552,0.7321797191491584
41553,2.738892224686829
41554,2.4331302136276562
41555,3.0892255796219104
41556,1.793223115080913
41557,3.1907017630259276
41558,1.0750224503167303
41559,1.8944504737846373
41560,2.158631155100103
41561,0.7157066238908669
41562,3.7803490387820347
41563,2.294030400352206
41564,2.5024507899289503
41565,2.0976839245800605
41566,3.499360756087455
41567,2.8574170950017717
41568,1.4472111232194962
41569,1.5003243853127088
41570,2.0681436868606085
41571,1.7518691952654066
41572,1.2184083709473654
41573,1.6369776306982189
41574,1.2729255343128827
41575,2.2590571849870997
41576,2.294932745475485
41577,1.6777656117529176
41578,1.6311468558403135
41579,3.819622843626931
41580,1.4271885398595856
41581,2.7212266522610093
41582,2.0835232008551614
41583,1.044679836439471
41584,1.9295937050212117
41585,2.278265911032044
41586,1.6782770231421722
41587,2.513823192637574
41588,0.5804242044803658
41589,1.5844661026475961
41590,2.308435632821997
41591,1.2241708237939406
41592,2.5452961339742544
41593,1.8365295887482986
41594,3.0300330158866444
41595,1.2731085603766843
41596,2.39643992454846
41597,0.3094633424769384
41598,2.2241619817900187
41599,1.9214040809017447
41600,1.6956562398662882
41601,-0.8124894724959759
41602,2.066949340009792
41603,-0.33971025317473647
41604,2.4040784075482478
41605,1.80593655284882
41606,1.6009043662116227
41607,2.1200041376041696
41608,1.8146520198560339
41609,2.6088900895003135
41610,2.6857961289268886
41611,1.005352543812279
41612,1.9773275655024136
41613,2.9944260995516814
41614,1.3057295600488814
41615,2.0321816748106585
41616,3.0363655911882717
41617,3.640199046675235
41618,2.456957639831309
41619,2.0686038906227537
41620,3.5464244121450292
41621,1.950395326583937
41622,3.0361714934797277
41623,2.1472214654046837
41624,1.437158228577509
41625,2.2932497046237756
41626,1.8778441721554842
41627,0.9345227453347462
41628,2.191781839822646
41629,3.396469947082295
41630,3.297458977468203
41631,1.1726668263476512
41632,2.5957139661259703
41633,1.4268078267474351
41634,2.363027000844113
41635,1.2211595218457987
41636,2.3777953926794524
41637,3.5094514748469265
41638,1.6690155300840317
41639,0.6558441828702684
41640,1.3331921704519871
41641,2.798620386518614
41642,0.6770655470167526
41643,2.3287029870489633
41644,1.7111892032515712
41645,2.530850579268538
41646,5.177532645075303
41647,1.5825497518421372
41648,1.121524507894108
41649,2.6689895833809842
41650,0.6218309724594917
41651,1.264769414759428
41652,2.393693052629189
41653,2.321345683678814
41654,3.842856003053768
41655,1.7900129212818925
41656,2.3232018103482233
41657,1.3696058265830757
41658,2.0271225776356943
41659,1.291722809267199
41660,2.860004921430459
41661,2.280080250655928
41662,1.9799352563111086
41663,1.1463556254981881
41664,2.2461818537940346
41665,1.0912290028881912
41666,1.795418389204272
41667,2.107354471465001
41668,5.048682768871068
41669,2.417399233961234
41670,3.1219686774275957
41671,0.8716113763253119
41672,1.7418686168401152
41673,2.8265112861674595
41674,2.62027853843221
41675,1.6717342973940674
41676,1.9497987531281424
41677,2.2585841970998075
41678,2.078854475907299
41679,3.021323889410411
41680,1.3126117554838288
41681,3.614549118068709
41682,2.8220592898461874
41683,2.0381047985125136
41684,1.3309810912041584
41685,1.3364662893416934
41686,2.3875917289868482
41687,1.9502854335891158
41688,1.4900473805661036
41689,1.8328149362312658
41690,2.3317580460798624
41691,3.1967899766564827
41692,0.30857998224265515
41693,1.4799602657911493
41694,2.4552454464710323
41695,2.5052521597088813
41696,1.9596337394892913
41697,1.06770469247882
41698,1.9667204595039536
41699,1.8668577112739086
41700,2.7196790862262645
41701,2.349099331074072
41702,1.1526540122797897
41703,3.1858946640598234
41704,1.160224450590178
41705,3.102011588295376
41706,2.01538249554644
41707,2.4125718861717544
41708,2.9191194135224876
41709,2.2857367537688376
41710,2.7948510396209585
41711,1.768099868993815
41712,1.4935210623121549
41713,1.8943913217999864
41714,1.9949500170264471
41715,1.9351139160883335
41716,1.8365539385369374
41717,2.453177282612046
41718,1.9597585274923688
41719,2.0654182296217343
41720,1.0828473951050555
41721,1.0839767637202087
41722,0.9548619318511271
41723,2.5440617794827105
41724,1.6913883178155302
41725,2.5267171940480466
41726,1.9570224453030676
41727,2.220823878434402
41728,1.245669362425609
41729,5.812593035287378
41730,1.4233574209489603
41731,2.2458191264191214
41732,2.9968992442042364
41733,2.1884920422844303
41734,3.1533742365555923
41735,1.9463477603774635
41736,0.9242741616669434
41737,1.9058507181307505
41738,1.9759217917154714
41739,1.8394063156764986
41740,2.451967294645897
41741,1.048530797251793
41742,2.025155851668984
41743,1.5943333176572878
41744,0.6757913195695835
41745,1.778006174114907
41746,2.6159787638273855
41747,2.201638671684954
41748,1.8020063412648355
41749,1.762010010719358
41750,1.0098281739854684
41751,2.267935559449299
41752,1.1655700836594818
41753,0.9867957442458604
41754,2.094638749837344
41755,0.7142299389672431
41756,2.2036507717297553
41757,2.076076968171435
41758,5.528467899736391
41759,1.6211034984700277
41760,2.7026912153123845
41761,2.4765753353637763
41762,2.3977022349765633
41763,1.0839963962449204
41764,1.5633205801322845
41765,2.222981892978275
41766,2.3615264492751606
41767,3.467154617782029
41768,1.5126605351876776
41769,1.858883243846627
41770,2.3122946918174208
41771,3.112662274015733
41772,3.9034495734508923
41773,1.1009067034613338
41774,2.3655917678211935
41775,4.341518342738652
41776,2.327147467637495
41777,3.111107559864294
41778,1.9588581055625838
41779,3.75958882866162
41780,1.5179078432430089
41781,0.6980434387916503
41782,3.4038926485399017
41783,1.5987641459651343
41784,2.078964145400505
41785,2.169180859744813
41786,2.437890585599945
41787,1.979191517186365
41788,1.097162584609272
41789,1.3735229775625228
41790,1.5204302163401735
41791,3.1483678409131954
41792,1.8970920099440889
41793,1.9968186032650834
41794,1.182247138070494
41795,1.5716717589632907
41796,2.6647165015686625
41797,3.585930807621473
41798,2.3870384761466212
41799,2.343386446363091
41800,0.8865343851408483
41801,2.0588078218313512
41802,1.637841630141068
41803,1.2756390763949739
41804,2.9527097910070808
41805,1.4680878122561722
41806,1.4997550574059204
41807,2.3142486035208094
41808,1.1441299506455138
41809,1.9193861333710203
41810,0.5065364955257436
41811,2.176773638089884
41812,3.238052445995443
41813,0.49158577931408587
41814,2.403930488621249
41815,1.8931293952975068
41816,2.519937511240464
41817,2.32219604000435
41818,1.8848584303801559
41819,0.8725197220414529
41820,3.275040717485112
41821,2.311877698734037
41822,1.654110102980333
41823,2.7310828712872777
41824,0.8484495869409514
41825,3.653824940037545
41826,0.9533496420227152
41827,1.675463882847211
41828,0.5467146844284727
41829,0.9224485202780741
41830,2.336524456904634
41831,3.0117931540995784
41832,1.919665577114678
41833,1.2950008661024626
41834,1.5645142611555656
41835,3.652007380178979
41836,0.6568479670625891
41837,1.2889894871097454
41838,2.8834473104943896
41839,2.2079608947501583
41840,2.959465974568232
41841,1.7023867052468233
41842,2.137003408636346
41843,2.0445071446961975
41844,0.6868726246623424
41845,1.4172776852235884
41846,3.2601132269970066
41847,2.6353661747149104
41848,0.8092280490347576
41849,2.2399796553404627
41850,2.9578172837585797
41851,1.5113052555866773
41852,2.745559048841379
41853,2.9118166927078875
41854,2.835479460096927
41855,2.854371856333273
41856,2.8992585074310995
41857,2.3613015034437197
41858,1.4276488690996274
41859,3.1155533234327066
41860,1.8307244273252792
41861,1.5277965083633802
41862,1.6196164589952602
41863,1.820792642681269
41864,0.9519149761205838
41865,0.9747713562605256
41866,0.7052317577779021
41867,3.806467715007109
41868,1.9229946068744326
41869,3.311898820799442
41870,2.4603493455496874
41871,3.6130738966313416
41872,4.7577917218558525
41873,2.5705581847641596
41874,1.285317930708807
41875,3.527543376624216
41876,5.687917166678616
41877,1.6532852472189603
41878,2.0564021912022454
41879,1.4353952366678087
41880,1.8700273517392887
41881,2.192597116759167
41882,5.05474762404522
41883,1.99304333207089
41884,2.3099407756379975
41885,0.47872864416507355
41886,1.7487091319017551
41887,1.545730502881554
41888,3.07776701312099
41889,0.807706088531269
41890,2.3681757035060684
41891,1.9757581005176448
41892,2.9655187804070593
41893,1.4701894406403255
41894,1.9129486902226986
41895,2.3403314950248912
41896,1.4475281751703974
41897,1.7241043883189775
41898,1.0820608459765566
41899,0.8723832906050077
41900,3.6814926585833803
41901,1.476832159058091
41902,1.038263842949661
41903,3.0330323850836862
41904,0.36988948589313964
41905,2.2684251939597857
41906,1.9439046519765313
41907,1.0818771214673362
41908,1.5807961462116253
41909,2.821143701856826
41910,1.5870445401517514
41911,1.0268119323322864
41912,0.5301159164043199
41913,2.803915283915444
41914,2.1959713657037696
41915,1.5701267066571987
41916,0.8523495400545116
41917,2.219421456843385
41918,2.1883768747193812
41919,2.0523060571329452
41920,1.8316725594369316
41921,3.2408322347882006
41922,2.0335188763909855
41923,2.208852359680151
41924,3.1497920203239858
41925,2.543054787648657
41926,3.7281205672299293
41927,1.8333648773789477
41928,1.7376740524689538
41929,2.286170809153056
41930,1.6902002436165589
41931,1.7393274490505348
41932,1.9205918397312303
41933,2.1542483676452804
41934,2.1283335050305467
41935,0.8395833407232516
41936,1.1580290760349712
41937,1.410823730876288
41938,1.6717595945343575
41939,2.030175264816151
41940,1.7893943681495728
41941,2.2504490463738307
41942,1.7217826675656909
41943,0.879895475468409
41944,1.99828590686041
41945,1.6888807958150949
41946,4.07567785643586
41947,0.9675150135380122
41948,2.8529110962414137
41949,0.864472218102847
41950,2.4355421293310187
41951,1.7877571791461548
41952,2.5563821596234177
41953,2.4331222433706685
41954,1.2836853858507666
41955,2.194757486728676
41956,2.822859094890525
41957,2.2123200981545423
41958,1.948110784219665
41959,2.348373248551056
41960,2.019656863677845
41961,2.496910093581093
41962,1.8453614704877452
41963,1.0051227997988832
41964,2.9898883693502185
41965,3.5039540166796073
41966,1.8001123427254768
41967,3.323878010738987
41968,1.8829912586307884
41969,1.3631281165446154
41970,1.1199791216774955
41971,1.5986814463862444
41972,0.4824326341278038
41973,2.7906685294165285
41974,0.8717032958810478
41975,2.5116002765229766
41976,1.9454258984528252
41977,2.134949939541137
41978,0.908060417495598
41979,1.3975313899088349
41980,1.9610955869153273
41981,2.545429955036127
41982,1.193456974563638
41983,2.220860787534889
41984,1.5813067462002977
41985,1.0032780105592067
41986,0.9370535491483096
41987,0.8873158958593734
41988,0.4040115719025863
41989,2.2555138958356054
41990,2.4962278477989983
41991,1.8695586932375292
41992,1.331884802117024
41993,1.756380262144198
41994,2.9099521646775486
41995,1.1485857392801293
41996,1.8984436980943826
41997,3.92164398407472
41998,2.7214210378490904
41999,2.0375555497536766
42000,2.21581076794336
42001,2.0546292109889492
42002,2.6691056560027135
42003,1.7584477862679506
42004,2.5967659678927077
42005,2.5844159079888698
42006,1.8815441900180332
42007,4.504567450098136
42008,2.015412877186577
42009,2.317222263981705
42010,0.14305323380370538
42011,1.3013337602122803
42012,2.3023850615202406
42013,0.9375844333391825
42014,1.9874088843529165
42015,2.2390624111760644
42016,3.1755119172162267
42017,1.3739420972254308
42018,1.9784041338029823
42019,1.114598342697576
42020,1.2406163719632843
42021,2.099469691392052
42022,0.3561754895508571
42023,3.127852336196227
42024,2.0455288398375586
42025,2.729760248529189
42026,2.739734045076247
42027,1.7191694534197879
42028,1.4404352016724857
42029,1.5681139727631361
42030,1.7530891633012047
42031,1.6566535242168428
42032,1.7272629206139385
42033,2.276326439394097
42034,1.149713046423365
42035,3.493778886059104
42036,2.6150276882295813
42037,1.384520144562245
42038,2.9901600262982626
42039,2.7410040547145016
42040,3.096740225199042
42041,1.849995935754869
42042,2.223357559096648
42043,1.088697249812597
42044,1.8745240446135156
42045,2.357703233820537
42046,2.1293517773567103
42047,3.889975265909797
42048,2.2749788390511796
42049,3.7647045374852723
42050,1.458963623831039
42051,2.1822310710127795
42052,1.9973262829943081
42053,3.0177493533113235
42054,1.6341614600704943
42055,2.6810369154061036
42056,2.643919558592259
42057,2.501343936296749
42058,0.8877201310775646
42059,2.37947233540973
42060,2.0825100633938973
42061,2.4932442993105326
42062,2.454117479916434
42063,2.440385605788059
42064,1.7184226917860315
42065,2.8954227072841974
42066,2.1727570577315944
42067,2.818738472855806
42068,1.1571956780262909
42069,0.3990830944869401
42070,1.2968778440327782
42071,2.9349007088750696
42072,2.6509296400955265
42073,0.6003682630404725
42074,2.3281213269605416
42075,1.7962579983028846
42076,3.286451821346702
42077,1.6708161310611942
42078,1.5707228365716048
42079,2.116689177996804
42080,2.127353904699973
42081,0.852979439276524
42082,2.473410375283521
42083,1.0136253135837947
42084,1.58784816262461
42085,3.8062410569707055
42086,1.837448221452064
42087,0.10871072280409066
42088,0.05813799314854862
42089,1.7582229084973306
42090,3.231264217049535
42091,3.4060427572802396
42092,0.12412018292275206
42093,1.8165038071625972
42094,0.4500929621276697
42095,2.938413408810163
42096,2.9676738205821707
42097,1.2529158562925957
42098,1.8195574433744923
42099,1.9018440820497275
42100,2.7684253549075635
42101,2.6647751114434186
42102,2.046406890008967
42103,0.4247841369574914
42104,1.7677080784194672
42105,1.836086422302678
42106,2.178898890928515
42107,1.5701976184392805
42108,1.5774016698394107
42109,1.8436917928495689
42110,1.5674828458448218
42111,2.2054045528421113
42112,0.8936092060399332
42113,3.4372353676055525
42114,2.484040279348868
42115,1.7045186294318597
42116,1.734469744145791
42117,1.8518015188399488
42118,2.358923751399935
42119,1.417914477655188
42120,0.2634912001063725
42121,1.5656755813898613
42122,2.6318515298877116
42123,0.770814377234629
42124,2.5529107488803504
42125,1.3533200524538742
42126,1.2409480864216818
42127,2.0312690799238524
42128,3.486030071965658
42129,1.5218497934478208
42130,1.772598757170968
42131,1.8031570435797377
42132,4.200667591779826
42133,0.995725294945025
42134,2.083313646690783
42135,2.114672162413683
42136,2.719263541947157
42137,1.6775213605934027
42138,1.6427138037858313
42139,1.5814691378576171
42140,0.8989146770137211
42141,2.1944888056405745
42142,6.8847415759531785
42143,2.980949772891556
42144,2.3959694788452808
42145,1.5379701617329857
42146,1.89332871789059
42147,1.9536314222559952
42148,1.4191503441010127
42149,1.9621384118583762
42150,1.9993543575564559
42151,5.615791855984128
42152,0.5034550940382019
42153,2.0078346878240723
42154,1.2302223413322082
42155,2.97097043338092
42156,1.4532587812393984
42157,2.153429884938319
42158,1.14738904203125
42159,1.5169546911038267
42160,2.320934154206725
42161,1.7474863422526212
42162,1.8698341012134492
42163,1.2871919464618529
42164,2.377946192492395
42165,2.0532188450274163
42166,4.984734407065446
42167,0.7992878027211532
42168,1.681403262549658
42169,3.7639476828651794
42170,0.8777629128972961
42171,1.4058077864441856
42172,1.719691664290906
42173,1.539548897911601
42174,1.738750839335573
42175,2.701666210012675
42176,2.2077705248332293
42177,2.146640311297034
42178,1.8576673804982633
42179,3.3913404263161553
42180,2.982259322097825
42181,1.589730828388376
42182,1.0786766090262958
42183,1.2928229252877586
42184,2.056704855228375
42185,2.0384542617367103
42186,1.8751531557912102
42187,1.2202356668712753
42188,2.289603099818102
42189,2.4088426309354958
42190,1.6770072460511685
42191,2.1409616498022217
42192,0.8562567552799862
42193,2.510744874698524
42194,0.5413030010588642
42195,2.1048622970730904
42196,2.6744951700423343
42197,2.2198730201340737
42198,1.911772192126186
42199,2.3671450633984676
42200,1.932218001919523
42201,2.746196082177576
42202,2.446600269675997
42203,1.8446995451518546
42204,1.444259199251782
42205,2.4566093816465226
42206,1.8337191539373023
42207,2.4435146952749704
42208,2.4971706607914186
42209,4.12719316154228
42210,1.9498366948493455
42211,1.086054573666047
42212,1.3959966650048585
42213,3.0216193000119915
42214,2.69469869477674
42215,2.8881218996376887
42216,2.0475817584981613
42217,2.1688833072608986
42218,2.294651756583548
42219,2.131742398628866
42220,2.347651051947345
42221,2.0813392581031707
42222,2.6554077665879205
42223,2.0954446073327873
42224,2.6254883089447745
42225,2.003824456390305
42226,1.808605219126619
42227,2.2821011494539007
42228,0.4886688787356235
42229,2.234881873502644
42230,1.9660180043306354
42231,2.843447398768575
42232,2.4218779915808355
42233,0.5769135803082293
42234,4.775384274602203
42235,1.721610310751828
42236,2.2064541860902267
42237,2.8018607189420024
42238,3.603837667380489
42239,2.402293309005458
42240,0.7670269784643864
42241,1.5737972657980634
42242,2.1711462683641827
42243,4.351567838656557
42244,2.464531337706397
42245,1.7777798875095527
42246,2.2123818603573895
42247,2.865408365503555
42248,1.8113596412065789
42249,3.542705933372062
42250,3.135727892176675
42251,3.0908555951998835
42252,2.2873810126612852
42253,2.508558534114222
42254,2.913884054662333
42255,1.3543168402932508
42256,2.186135484159358
42257,1.7819172583474483
42258,4.554544200828509
42259,1.4552256617967956
42260,1.9862228100866801
42261,2.06431583806733
42262,4.802249431901302
42263,2.204958700583795
42264,2.801940340447139
42265,1.9855972498427406
42266,3.142356167406625
42267,2.184723488699575
42268,0.9595289866570482
42269,2.142208917839241
42270,2.351165501418812
42271,1.0200146661839966
42272,2.7198597405950835
42273,2.703764395293554
42274,2.782960690124334
42275,0.8573802450301216
42276,2.418737852131798
42277,4.153443478697504
42278,1.9734468614476768
42279,2.974984208040972
42280,2.696760989979907
42281,1.6594232646473728
42282,2.0607483738063337
42283,2.7717914064708964
42284,2.0118334568815968
42285,2.0802334922899632
42286,1.4151909167030254
42287,1.6255794342249246
42288,1.3642697449201364
42289,2.6595549401008114
42290,3.165420679189232
42291,2.6773584167268467
42292,1.6658263555440342
42293,1.5800661143822126
42294,1.9162905251442908
42295,1.694805812658629
42296,0.29565966625898454
42297,0.7790972183152078
42298,3.1001525580241065
42299,1.3869683936566304
42300,3.6066206396386917
42301,2.15478077222172
42302,2.646848241839031
42303,1.970731442552136
42304,2.0856083752814385
42305,3.591702837742581
42306,1.150503654901783
42307,1.3314437215181414
42308,2.497210574233378
42309,2.109289428450566
42310,2.2893876332801284
42311,1.1265090827112658
42312,2.1044242491067635
42313,2.597258404914328
42314,1.6831583051540235
42315,1.4078842968935632
42316,2.5734382570270995
42317,1.6003012320537735
42318,0.5636222834117248
42319,2.463009181263864
42320,1.338176070919225
42321,2.193425078625829
42322,1.8164560935607597
42323,2.2848146609038835
42324,3.023742041683221
42325,1.7381621386809911
42326,2.191931362042517
42327,1.7602569978437685
42328,1.1136885822947633
42329,1.0986673203037611
42330,1.9944026132127206
42331,2.922804105063932
42332,1.7270282679076345
42333,1.7414319937172493
42334,1.3003110945192091
42335,1.1650305684689855
42336,2.4179084586469557
42337,1.070856847925711
42338,1.7725733133683335
42339,3.477339689760697
42340,2.785576689025781
42341,1.8513520319259982
42342,1.4333780348848748
42343,2.3182440579716754
42344,1.9363031431190905
42345,2.02708366936416
42346,1.6704105156978244
42347,2.2599647244476984
42348,2.0984038487292977
42349,2.5781295740561987
42350,1.004814033650959
42351,2.092254492512538
42352,2.069912132295002
42353,2.954360354391355
42354,0.9397673299995262
42355,2.734418366924274
42356,0.8006593560915292
42357,0.5817859299167409
42358,1.51117083331539
42359,2.9378854905801717
42360,5.1723754034672
42361,1.7205970601865204
42362,1.4449656681457625
42363,2.4668109476917124
42364,3.9601568608687217
42365,1.7076165506603473
42366,1.2433150020655717
42367,1.5794425961773015
42368,2.033952431774047
42369,0.7463569779657817
42370,1.2080475590540942
42371,2.3244754530539
42372,3.613780529933571
42373,1.6274417428748365
42374,1.3605205920811159
42375,1.5642293759927668
42376,2.525470683448411
42377,2.3694772164722977
42378,2.318648915313105
42379,2.1074469493975343
42380,2.0822548360240702
42381,0.9263708501044263
42382,1.8943497076565876
42383,0.6325972739506938
42384,1.7762512326214903
42385,1.981143090080856
42386,2.0972389881232516
42387,1.8640233949069298
42388,1.7028680377469954
42389,1.130731141128038
42390,0.95254752987519
42391,1.694071179425677
42392,1.6849372137335479
42393,1.7290429394934321
42394,1.8316419668530557
42395,2.1129955505000595
42396,2.9106778337593653
42397,1.4323880239865332
42398,1.8794161187645244
42399,1.9958576635816456
42400,1.1168303364768448
42401,1.551614627514546
42402,2.0927812203180665
42403,2.4268199979393685
42404,2.7164390550315787
42405,4.482062601472208
42406,2.290396825312328
42407,4.06362220415469
42408,1.1083665508492473
42409,2.989742186760914
42410,1.9955885787003211
42411,1.5606352723473123
42412,1.5051493417541053
42413,0.9270326868374994
42414,1.41877763521979
42415,0.8944869889347729
42416,2.9463575840725937
42417,1.4702378022909812
42418,2.571068445866743
42419,2.265222117156867
42420,0.48670789375812973
42421,1.8663941373032031
42422,2.9514170639457546
42423,1.3434979509273006
42424,1.7883143881303454
42425,1.5847250611917758
42426,2.1313715389679757
42427,1.8097490952946629
42428,2.9405089153621873
42429,1.9673108591330717
42430,3.1402351565117783
42431,1.2829458277354817
42432,2.3778592964907688
42433,2.706218727044835
42434,2.968843666207775
42435,0.8916282828748194
42436,0.7614532733296784
42437,2.033456301803099
42438,1.532705644692669
42439,2.137764883385991
42440,1.9256148448011317
42441,3.120247958979654
42442,1.983314688880263
42443,2.442647490906502
42444,2.883465479767935
42445,1.7800620999713317
42446,1.7634519670091748
42447,2.2918961975886916
42448,2.949437472067345
42449,2.295570628926555
42450,1.984985877850157
42451,1.772273057686185
42452,3.2768327233051693
42453,1.747136393094891
42454,2.568525350597021
42455,2.610102895884829
42456,1.263957114324434
42457,1.9165477846951475
42458,2.528619711971132
42459,0.6235586173182242
42460,1.7479850060817625
42461,0.835092713256536
42462,3.378256290478596
42463,2.127540379856029
42464,2.5759601959810894
42465,3.362923103545306
42466,1.6458605124367551
42467,2.433724003877323
42468,0.9220972433068226
42469,2.0056695901744988
42470,2.831109097681079
42471,1.3951597091790973
42472,1.9109859417824637
42473,2.3092105031880266
42474,5.502972669627972
42475,2.4279654723223913
42476,3.043633685114706
42477,2.6534824577673817
42478,2.173688740685691
42479,2.0727964045138947
42480,1.5809581339245113
42481,0.4953208559903288
42482,3.5435233004147904
42483,1.6653067843157103
42484,1.9764827019673987
42485,1.7052978538749386
42486,0.9566302381437666
42487,1.0843517713177917
42488,1.1877510037405585
42489,0.9186929352282505
42490,2.5279640221875184
42491,1.2998336915097113
42492,1.6388453678739268
42493,2.9890166885700964
42494,3.4212093080629202
42495,1.5521564768877596
42496,4.168497213154744
42497,2.6113717625392425
42498,2.2231207778917437
42499,1.8419833355219168
42500,2.957558152419331
42501,2.6696665503043278
42502,1.723344328876479
42503,1.5748172043242974
42504,2.968528599580118
42505,2.0042192596426176
42506,3.3357807438663585
42507,2.605384218330066
42508,1.0097083318418285
42509,1.6571042392402688
42510,3.2974917757198483
42511,2.6954779331115617
42512,1.0049925958302168
42513,2.1127182390267123
42514,2.4683473694967972
42515,1.6748187199389264
42516,1.5896283230538018
42517,3.5426914361329693
42518,3.3541269946890395
42519,0.8510695957714631
42520,1.9424784934331214
42521,1.719080107607148
42522,2.433781937998255
42523,4.412464788443394
42524,0.9166398618633167
42525,1.130413581540978
42526,2.805971435929628
42527,1.789404776051228
42528,1.6713975174393028
42529,2.4004252637051593
42530,3.376711507107622
42531,1.5398536438888542
42532,2.196468424887712
42533,2.7608379536584025
42534,3.2787570983856185
42535,2.4787203905167416
42536,0.5623032359097877
42537,3.7751893229523006
42538,2.053427490415409
42539,2.144947966263288
42540,2.0380722819931023
42541,2.1546674697843216
42542,2.942896854035709
42543,2.744357393887867
42544,0.15085971251540542
42545,1.1296414140408757
42546,2.0186294463005368
42547,1.0950127560407878
42548,3.7530224345110526
42549,2.1812189785547886
42550,1.1748161562009116
42551,1.8857224410268714
42552,0.8121841345568654
42553,1.967444874014518
42554,4.654156683781714
42555,1.8502704713343192
42556,2.216389431106805
42557,1.3920398716194526
42558,1.3806955335219229
42559,3.1373809050605885
42560,0.8339669614356424
42561,1.483867993426351
42562,1.1584919598922596
42563,3.7610710062230623
42564,2.811889966808579
42565,2.818378432058374
42566,1.1153820386701696
42567,2.1155287018135596
42568,1.4828970441350435
42569,1.2253000242852252
42570,1.716350147127848
42571,2.329273016758691
42572,1.5973116238273235
42573,1.227533313980743
42574,2.122807010925584
42575,2.504338744899947
42576,1.187805126312611
42577,3.2627045237416255
42578,1.9462486620203165
42579,2.4900623263402437
42580,1.6579504801756002
42581,4.053641762897165
42582,3.0322324756897316
42583,1.9703589939296933
42584,1.001214128127451
42585,0.8401927197335652
42586,1.9463892872553714
42587,1.029871077279438
42588,1.3834299891702813
42589,1.6456303437254292
42590,2.2682419552540765
42591,2.3753513755722793
42592,2.3566227087754967
42593,2.222392828535348
42594,0.7097173156874561
42595,1.8009308823467904
42596,1.6654122614166553
42597,1.4366104771490171
42598,1.5851241647042755
42599,2.2254167003422296
42600,2.3032950741962424
42601,2.2417911429377497
42602,1.149538010905104
42603,0.7030372202895805
42604,0.1753390532853416
42605,1.784080640606291
42606,1.4160147892800339
42607,1.4019139256317743
42608,2.455812448735074
42609,4.119843872107481
42610,2.572859658362894
42611,0.1717436601546538
42612,1.5443619498077226
42613,2.5735818191024507
42614,1.8963129036190765
42615,2.015815584167271
42616,1.9392246660020689
42617,2.7989455760602837
42618,3.105745751498077
42619,2.2326197295775927
42620,0.8208773481384526
42621,0.7862104950172508
42622,2.141748210967549
42623,2.5673953669112564
42624,4.361062484795056
42625,2.952854497315826
42626,1.6532826388470454
42627,1.951258656042647
42628,1.7188899645370057
42629,2.6306442437047224
42630,1.7984434679979842
42631,2.8913168030668572
42632,2.6414294877391242
42633,1.7091395688597402
42634,4.777781539131418
42635,1.7180678417681392
42636,1.1903467608264648
42637,1.9513075683747445
42638,2.3643918580358587
42639,1.5900880763529344
42640,1.501164525458222
42641,3.0431396125246195
42642,1.6161164467474762
42643,2.9073477876307408
42644,1.8945419931212726
42645,0.5776662143750073
42646,2.058491592232407
42647,2.457024569957177
42648,4.401925389406813
42649,1.6410149814532602
42650,2.2426439732837053
42651,1.601534967793981
42652,0.4961625996406198
42653,1.0542484167676776
42654,2.319399026574132
42655,1.005999344638795
42656,3.3675964023530156
42657,2.2805922610616207
42658,1.8639006072286293
42659,2.0136797677489966
42660,2.3093671842590524
42661,2.043062617632664
42662,2.6736529947982035
42663,1.2712335818568192
42664,2.9450269761934607
42665,0.4905042860128006
42666,1.4189400322460202
42667,1.6209556237261467
42668,2.361343125616443
42669,1.4343861990124154
42670,0.856362711421994
42671,0.8112980200550481
42672,2.5775352228596375
42673,2.2165323121166978
42674,1.2077378258573361
42675,2.220312348177032
42676,1.2235630467724548
42677,2.2916937917415723
42678,1.3524139498278487
42679,2.2372467126055966
42680,2.0574738006458517
42681,2.212958129689653
42682,6.639764882513539
42683,0.882701928529066
42684,1.1029715944764575
42685,1.802124439794234
42686,1.0203693556752782
42687,1.5990955623630825
42688,1.1093064004661173
42689,0.8697653022958036
42690,0.9645184312111752
42691,0.9234403691572126
42692,3.20946047427109
42693,1.0779604163347472
42694,1.5098740442067893
42695,2.0581788057953503
42696,1.356039609312262
42697,0.6110262032859168
42698,2.0709388053317923
42699,1.1962112141721235
42700,2.2883361790285903
42701,0.9983128100755323
42702,1.497747096161838
42703,2.06516131126142
42704,2.420167344764394
42705,1.6285744858153919
42706,0.9220056128827778
42707,0.8164233783728747
42708,3.5945004775164904
42709,3.1159071764208264
42710,1.0998266249963464
42711,2.1254612797730843
42712,3.7772180551847327
42713,2.7862030099616817
42714,1.7857867584075038
42715,1.9885446460079237
42716,1.629308194625338
42717,1.7652691258697857
42718,3.0427612385517975
42719,2.3622663673997053
42720,1.6998495457801397
42721,2.006762051066886
42722,1.4288769998004014
42723,4.483052117921353
42724,3.3147045713409824
42725,1.5158449038000512
42726,0.9494833426345011
42727,3.5829072773904116
42728,1.859022917163017
42729,1.7838325095136724
42730,0.9264021432275698
42731,2.8481024512754516
42732,1.4884391886498776
42733,2.3860352509430314
42734,1.6584209103357495
42735,0.4871849437357625
42736,0.8542449991095395
42737,2.135745516401194
42738,2.7389626627574444
42739,2.0402134865134727
42740,3.3670898134527505
42741,2.8106490825410617
42742,1.7289577231129485
42743,1.6900288515414985
42744,2.7014228015845916
42745,1.174110115697168
42746,2.6368495398199983
42747,2.0446559668348243
42748,2.934332553158306
42749,0.7847111271749796
42750,0.5761982856426329
42751,2.1553956251500352
42752,1.2782165069012592
42753,2.102734471791841
42754,1.8536564834712053
42755,2.1768669241468004
42756,2.3268619486405058
42757,2.6824118127564063
42758,1.553305232893571
42759,2.3637421944080614
42760,3.0326313139817316
42761,-0.05475844222916493
42762,1.4808630836555494
42763,0.9821623592549713
42764,2.156752211212016
42765,2.5336651646999115
42766,2.158708891043837
42767,1.5958484481285211
42768,1.3894430740593577
42769,1.7607590284577839
42770,3.0509908237136827
42771,2.0478304392956375
42772,2.300312332753691
42773,1.1967548459668365
42774,2.2828479997853464
42775,2.6025013814260802
42776,1.205343576439418
42777,3.861495876152091
42778,2.428897923538372
42779,2.0288229216374134
42780,1.0137724470419656
42781,2.0417426292421297
42782,1.1752763310767804
42783,1.900385764597452
42784,2.9940518668896203
42785,1.3841525477882115
42786,2.2308743904288093
42787,2.172752269928722
42788,1.3960034229478424
42789,2.4143658702728032
42790,-0.03623526880490857
42791,0.5515740072340733
42792,2.709729071138476
42793,1.9331237106529784
42794,2.2459195883898744
42795,2.0300525664816504
42796,3.145179234825079
42797,2.5653139427409215
42798,1.6892521857252873
42799,2.2864381803776936
42800,2.737261581638549
42801,0.7691615921699153
42802,2.580078540577695
42803,1.7159612265333095
42804,1.3847330942374256
42805,1.8203761622905006
42806,1.4478645771594785
42807,2.1787848667227863
42808,1.6242337570375298
42809,3.0279763981371204
42810,1.7688786315409786
42811,3.6133636797030135
42812,2.0363039706738633
42813,1.5715118053309851
42814,2.8125665462232092
42815,1.598376576543373
42816,3.124862366194762
42817,2.783141111232659
42818,2.337922940079771
42819,2.7866186651017486
42820,2.6014649403917858
42821,0.893255188439305
42822,3.905673672677864
42823,2.1291099851438275
42824,2.3005829045269763
42825,1.9055229434193492
42826,1.2570738241445412
42827,2.8937306560790006
42828,1.9177287565736663
42829,2.104051332934681
42830,1.7728119576197017
42831,2.715835752936478
42832,1.8495270367401133
42833,1.581949028696009
42834,0.6552026641266835
42835,1.310072571556539
42836,1.4847565301856847
42837,1.136567469041779
42838,1.8445634432540174
42839,2.3934827856989145
42840,0.7041206408176848
42841,1.6938279190960657
42842,2.369151684384171
42843,1.4363780964376787
42844,2.1682390582458737
42845,2.377620922819652
42846,1.4435551221277692
42847,2.3656018634933034
42848,1.5433987653953736
42849,2.837797450830287
42850,2.74938678207603
42851,3.1375400869640586
42852,2.9118576434594345
42853,2.215902701838594
42854,3.6714518484909604
42855,1.8845764692170803
42856,3.005449201007366
42857,1.107471782253434
42858,2.3784492355254585
42859,0.5465224213468431
42860,1.9218179988440838
42861,1.5597050122917437
42862,3.663929125530622
42863,2.312508828290632
42864,2.3774356587749637
42865,3.9338488279311647
42866,1.7911024782570877
42867,1.8426190559346267
42868,1.7485502306825822
42869,0.7423552460686977
42870,1.8045199073855258
42871,1.6812876093225029
42872,1.225988414693198
42873,3.8380542783845613
42874,1.397486312045281
42875,3.3071279106819773
42876,3.5735155043234244
42877,3.575762731113116
42878,2.1934227350200857
42879,1.645455048159512
42880,1.888066134479736
42881,2.738580829833147
42882,1.3511321561651997
42883,1.768746108898732
42884,2.2865123298276018
42885,2.107642231918163
42886,0.6644802719462604
42887,2.131890594673102
42888,0.3151735134495226
42889,1.2611555031779886
42890,1.4949743354604408
42891,1.9923952575147297
42892,1.976595157422409
42893,2.6058630778876974
42894,1.3465183142192174
42895,2.1800098666227115
42896,4.83811657310855
42897,1.878463397051469
42898,2.0902173064504552
42899,2.0516537010720697
42900,2.9714207227985128
42901,3.1479690938162577
42902,1.3398585707672694
42903,2.724736107739176
42904,1.9828144891730943
42905,0.668323037427669
42906,2.216796649754116
42907,2.081627010761025
42908,1.4215953838543385
42909,2.365265966482852
42910,2.3674583275814456
42911,3.0580628883955754
42912,1.5947549671533139
42913,2.206745517128084
42914,0.8739090150070865
42915,1.70740398936762
42916,1.5624537606839581
42917,0.9480189484839912
42918,1.3629544156546345
42919,3.230824224868961
42920,3.5572229394313055
42921,1.470456497909126
42922,1.7459354877941138
42923,1.459305508160611
42924,2.611830859494397
42925,2.9960179907443916
42926,2.349159738422898
42927,2.711049746862791
42928,0.07553652596678972
42929,2.1858651277773475
42930,1.849354394462381
42931,2.3038850154084685
42932,1.9026878814925823
42933,1.9107019980740176
42934,3.576830208844143
42935,2.6489378425628587
42936,1.7360585488268825
42937,3.4252356130844177
42938,2.15307193680939
42939,2.134397669265347
42940,1.363944829260845
42941,2.5467441268897204
42942,2.8613762397606664
42943,1.1711074505877193
42944,2.105138394882701
42945,0.37581818735858974
42946,2.2230300492846453
42947,1.5117419820948825
42948,2.081380663917905
42949,2.163361331615498
42950,0.5293474667574856
42951,2.9416448520083662
42952,1.7378302516155273
42953,1.3779237398731823
42954,1.8103791816104575
42955,3.0470018388032614
42956,2.004629724359944
42957,0.9991843329140906
42958,1.4970221167346196
42959,1.9288345678714052
42960,1.9377734437870586
42961,2.8437594094554086
42962,2.1215199045887942
42963,1.8824465627458764
42964,1.8940914075107074
42965,2.02969173659735
42966,1.825107542139257
42967,2.6704722798419454
42968,2.081326725607525
42969,1.4076317196201131
42970,0.8467908602193503
42971,2.2069722116345574
42972,1.3357815763649725
42973,1.3094773116183376
42974,1.7371801665895745
42975,2.5486502251638186
42976,2.0681544031240904
42977,2.315552975269341
42978,1.3621173487595613
42979,1.7538158880490826
42980,2.9373820239029698
42981,1.9251003492625003
42982,3.5946659999556303
42983,3.2469512639857996
42984,2.547966969850293
42985,1.422557050789898
42986,1.288174384257971
42987,1.527356217677216
42988,1.3179560429465198
42989,2.977380233967061
42990,2.5189306131962113
42991,0.7651326536335503
42992,1.8858043532464208
42993,0.9866046977381444
42994,1.6887540062715232
42995,2.150385043871786
42996,0.3959067787005637
42997,1.6447934549687488
42998,1.8099942738065238
42999,1.8512073073347253
43000,1.9271224173745694
43001,1.6359624291494157
43002,-0.8810404931179363
43003,2.0338053143995154
43004,1.1298567043239132
43005,2.17566188206564
43006,2.285363068906655
43007,1.9301872781265956
43008,1.7107342281401188
43009,3.3676837079203636
43010,1.2494874757723693
43011,2.0751346676511773
43012,0.3657369713553891
43013,1.2955531319974867
43014,1.621444475384628
43015,2.3405614825284218
43016,3.318117404745635
43017,1.4848435214119675
43018,0.7710639680175504
43019,1.8946999324043574
43020,2.1029133512956975
43021,1.5341627835808822
43022,1.9739768228146772
43023,1.797604028993618
43024,2.464476557264163
43025,2.4907315284735745
43026,2.5820481208074213
43027,1.9659004975107521
43028,2.863681440043649
43029,2.446834907605627
43030,2.166134167563058
43031,1.9659572143037494
43032,3.7005666578512546
43033,2.388863487915579
43034,1.4294716985873208
43035,1.717699820071367
43036,1.633685020710253
43037,2.847077603645637
43038,1.4043606656308398
43039,1.4984231456243648
43040,0.9604368105351995
43041,3.336536027220639
43042,1.8995698074158867
43043,2.153857817044347
43044,2.715773694833949
43045,2.4463945724464935
43046,0.7197007659372261
43047,1.959769143144058
43048,2.684820144677353
43049,0.8507876546936046
43050,2.256764839818672
43051,5.4950079280485085
43052,1.23084549181673
43053,2.4881037003075406
43054,3.0637894461972337
43055,2.6166228236963818
43056,1.9534599731262006
43057,1.7450881696837754
43058,3.093433753794372
43059,1.3105515882414167
43060,0.38535298188859457
43061,2.559688512646872
43062,1.7237667343125977
43063,2.153226534990047
43064,1.8224885971912599
43065,0.7353482686666126
43066,2.34172516799007
43067,2.704834806694109
43068,1.982615349640767
43069,1.5539946756003644
43070,2.1481969137295494
43071,1.9167481384303144
43072,1.311729117794691
43073,2.453365843004775
43074,0.37621967864378547
43075,1.3536010480012948
43076,1.3668047803801855
43077,2.077328465711112
43078,1.8271186669589028
43079,2.6232466500155738
43080,1.2853813776142786
43081,1.7879019229183157
43082,1.1008966482378426
43083,3.5330068247542243
43084,0.9854517001824945
43085,2.4033262600662084
43086,2.4759772416273265
43087,1.6751151235611204
43088,0.8505280888480797
43089,1.55151995710073
43090,1.695953265605965
43091,2.090753641132004
43092,2.300737955588957
43093,1.5557940758448865
43094,2.083813490873382
43095,2.872145579253008
43096,1.111936339149473
43097,2.404407746202807
43098,1.1482887539222801
43099,1.7481889033044595
43100,2.114283309954743
43101,1.5569589785756506
43102,1.4856691020244952
43103,3.3015097127461104
43104,1.9115692814119427
43105,2.4482408179742663
43106,2.8423533802577765
43107,1.6082553929601602
43108,1.4884901856049737
43109,1.1604065179982896
43110,2.2227546996237564
43111,1.850931497196882
43112,2.7601314872211375
43113,2.66698621515652
43114,3.103872363477379
43115,3.74100191546151
43116,-0.07475970667468346
43117,1.917799673027048
43118,1.796791904214757
43119,1.5562495094287385
43120,2.04132375584706
43121,2.4751997801828978
43122,3.0233872274919023
43123,2.150213244573891
43124,2.445060309019503
43125,0.8794219234274365
43126,1.5386639600571854
43127,2.971934229926177
43128,3.0138622100500143
43129,1.7703918199093778
43130,2.3752810611574233
43131,1.7783034706369207
43132,2.3429903823282388
43133,0.9463611164885819
43134,0.38271938748874845
43135,0.8552238327396822
43136,2.243326563493433
43137,1.3576075820455387
43138,3.017160161790592
43139,2.0726769725038494
43140,1.9980434607580904
43141,1.156596254761915
43142,1.5726810157928028
43143,1.5455683272476648
43144,1.5726082432736774
43145,1.8665117798936635
43146,2.0527330315070813
43147,1.6056743505868099
43148,2.4870631109656003
43149,2.0865850673892936
43150,2.3366327640034825
43151,3.362334156202188
43152,1.508766143685925
43153,3.0948783075162893
43154,1.9038753165179187
43155,1.3297022449450608
43156,1.8871191013967632
43157,2.137131129618467
43158,1.141246265217383
43159,0.2810306099391795
43160,0.37431405721604705
43161,2.566693424176421
43162,2.924533197146225
43163,0.879468639188147
43164,2.0687768656543497
43165,1.1117278357530083
43166,2.8261851349881866
43167,3.3596342908303285
43168,1.7301541524956008
43169,1.5635193063938715
43170,3.2550554847194775
43171,1.5850859697312885
43172,2.708033562400118
43173,1.5917067995688754
43174,1.979417950634172
43175,1.5612634473426183
43176,3.160559635633554
43177,1.0161962569399208
43178,2.075918756041787
43179,2.324164220796078
43180,1.4118686028753942
43181,1.8399906070170289
43182,2.2297302227913463
43183,2.0549447196873487
43184,1.4756780306826158
43185,3.0481154050467723
43186,2.429079511898678
43187,1.6217530911810272
43188,2.6629914885967594
43189,1.8966431069755103
43190,1.066487366105541
43191,2.356508243271165
43192,2.187117883453446
43193,2.0677203145563823
43194,0.6431855733264484
43195,1.4732364621919274
43196,1.3619348638837536
43197,1.5862512928948291
43198,3.043556921184205
43199,1.7264079890971118
43200,1.3737016208024428
43201,2.4275817294216253
43202,1.6664824255287272
43203,1.540074941686882
43204,2.7438181307849234
43205,1.7135194034831258
43206,1.858915310844374
43207,2.55498133974487
43208,1.7595328214939698
43209,0.878384225228416
43210,3.2355793955505234
43211,1.5187382609387114
43212,2.566002472392121
43213,1.5885123332514084
43214,2.9055372168853495
43215,0.9162364638676337
43216,2.1853088900067803
43217,1.219808807769219
43218,2.003710567620459
43219,1.840490988458285
43220,0.6921525859055322
43221,0.20454909427557766
43222,1.4566014406652386
43223,2.622717956717608
43224,1.8580325705199954
43225,0.6466607725586897
43226,1.894501039113301
43227,1.593001308876552
43228,2.074479543217862
43229,2.475021626881471
43230,3.3316512763193558
43231,1.2505243515846232
43232,7.25459698608028
43233,1.6854561693984351
43234,1.7837568119928378
43235,4.847363510212837
43236,2.7723499758252643
43237,1.9771066355533478
43238,5.096448264597079
43239,1.6038971148164833
43240,2.1785685833169808
43241,1.286958869624378
43242,2.131130637853218
43243,1.8678196232162705
43244,1.992399991484632
43245,1.9249782651702105
43246,0.7738317558738288
43247,2.8385821901787835
43248,1.4939539774892694
43249,2.3925517096119435
43250,0.9356806169058416
43251,2.97275653825222
43252,2.7021158458674037
43253,2.6738750548900896
43254,2.7810559884972434
43255,2.8087175715219743
43256,1.92988528335475
43257,1.8075168636885834
43258,2.697111523687738
43259,0.9682711690635415
43260,1.7378039694693541
43261,2.0465069664002726
43262,2.291446736748938
43263,1.6487218578027267
43264,2.059336533909402
43265,0.7307377079353259
43266,2.0447642225011435
43267,1.9633489825533132
43268,3.1244451817901506
43269,1.7604416181764222
43270,1.3830159979027954
43271,2.403381330201185
43272,1.4943344925234427
43273,1.8832018642792363
43274,3.2078786746325534
43275,1.6863832951826083
43276,1.714425988238979
43277,4.399315918775869
43278,1.0893300520928193
43279,2.2444627953253757
43280,2.5489624172131187
43281,1.2211513733681088
43282,1.06003590833987
43283,2.025179811993027
43284,2.747177970644664
43285,1.0715179055548845
43286,2.3002048950935006
43287,2.6158029936562457
43288,2.103542983195929
43289,1.616362736413123
43290,2.3802468268434183
43291,3.1573137712273294
43292,1.9355846360862259
43293,1.3308691892937574
43294,0.9855376863822229
43295,0.8366994144093098
43296,1.1674691381219233
43297,2.5065248953081607
43298,2.7713608298379597
43299,1.503412559096354
43300,1.1401580171719914
43301,0.9783349994092845
43302,2.803690004495529
43303,1.9557169720931427
43304,0.7240312731904623
43305,2.5119828618247837
43306,2.4720631730936162
43307,1.2629148423958583
43308,2.367574683252073
43309,1.2842230359601103
43310,3.488468036470344
43311,2.382400167060659
43312,1.720161192580342
43313,2.5149550317401363
43314,4.820800715463939
43315,1.2984406247945017
43316,2.150424390232857
43317,2.306624482302311
43318,3.3265566134516718
43319,1.3174698389515456
43320,1.5148149701759053
43321,1.728329413245831
43322,2.1751754781121946
43323,2.7608331425771837
43324,1.4213578089783496
43325,3.060124874282401
43326,3.758989697649703
43327,5.464993684468055
43328,1.6480495024057475
43329,2.7288931024518135
43330,0.7017157342836811
43331,1.0978305268379387
43332,0.6506438946206075
43333,1.997025924474812
43334,2.1881838106315925
43335,1.705545011205075
43336,3.3715494233360346
43337,1.1636518390868602
43338,1.2424923835056134
43339,3.826772393447584
43340,1.8300749962783058
43341,3.859268910587815
43342,1.8958914093317532
43343,2.1490598670866348
43344,1.3351957293910246
43345,0.44013754820389295
43346,3.0599798578406734
43347,1.4939404305970925
43348,2.8307347135730154
43349,1.8539246517069472
43350,2.107234836412715
43351,0.9572525806865855
43352,1.7840647608209608
43353,1.4691532905476308
43354,2.2573002232685297
43355,-0.09474770195129167
43356,2.76234603694099
43357,2.674500846192508
43358,2.4122435707050016
43359,3.7410395620973134
43360,1.9426311608999782
43361,1.611057819474489
43362,1.9229821126550135
43363,2.131964052557059
43364,3.0613625736647734
43365,2.0895762396095563
43366,2.471809026885289
43367,0.9289005779244732
43368,1.9003534591026678
43369,2.049451753662211
43370,1.5605300210235669
43371,0.9818655125049531
43372,1.7506380481003347
43373,2.158136110681788
43374,1.4862643355929634
43375,2.898601631584384
43376,3.303671636447028
43377,0.9526439382121978
43378,2.5801882021085376
43379,1.975933033849529
43380,1.7485269123146168
43381,1.4974508815976364
43382,2.561985877845217
43383,1.8888994297566981
43384,2.3128583960894815
43385,2.2792812195979266
43386,1.873838510891055
43387,2.3856042358078895
43388,2.802903752003502
43389,2.7775370789414495
43390,2.211301166366738
43391,1.9591890583240499
43392,1.0324249858770855
43393,2.703964001144662
43394,2.923222460743581
43395,1.2965393397106268
43396,4.1397284654649695
43397,1.8310047113372079
43398,1.9541334918194124
43399,2.0494627828873035
43400,2.4981632338941466
43401,3.5605252635303586
43402,1.7560313588481051
43403,4.041535191730773
43404,2.454213101346525
43405,1.5524718492578842
43406,2.469392516272002
43407,1.4076764372664243
43408,2.5920477684357124
43409,1.9794293673356336
43410,1.9292360497259011
43411,2.0774823726569736
43412,2.5775451755089165
43413,1.8671174036323777
43414,1.1654580358027289
43415,2.2203644608818465
43416,3.2249551834632015
43417,1.9949356699132679
43418,2.189569075103634
43419,1.6382289259173604
43420,1.5426800397431535
43421,1.7443412852061613
43422,0.3382216291901514
43423,2.962701097273687
43424,5.070820626744194
43425,0.5543861050430223
43426,0.37579062576479316
43427,2.5759727540966324
43428,3.313642796975593
43429,1.483773363158278
43430,1.733843797647296
43431,1.0494442957641112
43432,1.5505364343335302
43433,3.2065697261514288
43434,2.1967500473651995
43435,1.8211320814968417
43436,2.5082636563484755
43437,1.4378178691023038
43438,1.7851609384161264
43439,2.0737234693190274
43440,3.1319948959802986
43441,2.98973527075799
43442,3.451022961370377
43443,0.7556165753168997
43444,1.6083730418086901
43445,4.636749409719442
43446,1.216880481417931
43447,0.41508169081994595
43448,1.8269761418144057
43449,2.4402658616263366
43450,1.2628440578806064
43451,1.7342027006205356
43452,3.1884067143890533
43453,2.272266876680902
43454,1.8440212234188351
43455,2.610448206655768
43456,3.0074892289778603
43457,1.9888252345748327
43458,2.1279346576279465
43459,3.4543382290212747
43460,1.9544111018617158
43461,3.228371077184889
43462,1.771011016169055
43463,2.017695540857069
43464,2.2671968585219417
43465,4.24144256946613
43466,2.615214520037057
43467,1.6494177209476035
43468,2.7287369534875197
43469,1.3893302477620324
43470,0.811341972212837
43471,1.1751361928477309
43472,2.4242072045795453
43473,1.78955921050418
43474,1.9626563571848976
43475,1.0354324593762243
43476,0.595480110118018
43477,1.7259108046186142
43478,1.6001651140477335
43479,1.5554870451379657
43480,1.905178803288031
43481,2.222101995658363
43482,1.7648661641553005
43483,2.2343955534659017
43484,1.9335809433911706
43485,2.4395849285972986
43486,3.1452861034616717
43487,2.32148789076728
43488,3.008241502958363
43489,1.4167936763882594
43490,2.6447333227557692
43491,1.7833850012100996
43492,0.7170879928122389
43493,1.7854619151926556
43494,1.4864305378505662
43495,2.8779693928639745
43496,2.321677195595271
43497,2.8884667078160504
43498,2.4666230059188408
43499,3.148562795889319
43500,2.8023133078355897
43501,1.1735878266646367
43502,0.5765670326580477
43503,3.4730228774403145
43504,0.8225959126595086
43505,2.8897439356532644
43506,6.777973585897087
43507,1.2359077273764143
43508,1.480777748194896
43509,2.644507949431862
43510,3.514165642557927
43511,0.6787198544765403
43512,3.3455582976969254
43513,2.7331884716222277
43514,2.1171831743504868
43515,2.4858740428174
43516,2.912545581659572
43517,1.7901120653596791
43518,2.339567096407535
43519,1.2710706875242153
43520,1.398686370276458
43521,2.9859471778563815
43522,1.535470513614591
43523,1.150460788148422
43524,0.7476890820404165
43525,2.4282859930008485
43526,2.168824844419163
43527,1.8298555424828322
43528,2.5703722268885585
43529,5.784127840330122
43530,1.7588989138232805
43531,1.692095659054516
43532,2.390303863503263
43533,2.207180512697903
43534,1.428970780019796
43535,4.552900249721169
43536,2.2789208025793712
43537,1.6261618315526718
43538,1.7136943600185575
43539,2.1515275428641516
43540,1.8636879237441306
43541,2.829661578768146
43542,1.8643970211739926
43543,2.0738422446552818
43544,2.0795162978069683
43545,1.2333011054178868
43546,1.2205239203964808
43547,2.125629651336503
43548,1.9038046599580838
43549,4.871359314134935
43550,3.1208719182052747
43551,2.232401320452773
43552,1.5078882520093586
43553,2.0197068876640216
43554,4.854354375115733
43555,1.0014400304694817
43556,1.4658704539297744
43557,2.7283824392160625
43558,1.6553040433643815
43559,1.4640076024201178
43560,2.0147145888570677
43561,1.9393231392417576
43562,3.4305720769310923
43563,2.6034328122910324
43564,2.899035675889486
43565,2.2910008807044377
43566,2.6430043475258316
43567,1.620259612939705
43568,2.1410865437777744
43569,2.8449336499421634
43570,2.170026237943844
43571,1.9345001346093582
43572,5.9866750119442
43573,1.3380674903743213
43574,2.350331994247952
43575,1.0355241244030609
43576,1.8022145621084817
43577,0.7945219114316728
43578,1.533191026638093
43579,1.6688136415612647
43580,0.9644974598983751
43581,2.2012949441494456
43582,1.054867447481982
43583,1.0301858304293532
43584,2.168225366808393
43585,2.3337477622162908
43586,1.770113708687063
43587,1.5960106487143193
43588,2.3731941595380945
43589,1.7019087855510975
43590,2.3943705371908237
43591,2.8310561803106182
43592,0.7808456299079438
43593,1.5980971174797105
43594,2.900640251973144
43595,3.4107233559935963
43596,1.8043911068664897
43597,1.0106000585521642
43598,2.367005839588799
43599,2.4221393674478335
43600,1.9208159959646807
43601,1.974510479942687
43602,2.5257649023402635
43603,1.5673582544758062
43604,1.0335041118591946
43605,2.2023720159661337
43606,0.976401400840949
43607,1.417933332469346
43608,2.000316858847903
43609,1.6297601534372248
43610,2.3678736487195664
43611,2.069404445782496
43612,2.3415657034234982
43613,2.5944569294949105
43614,1.8872980877015522
43615,0.8120215366186798
43616,2.0982575151228033
43617,0.706778852203577
43618,1.3525464107570073
43619,2.950971834828195
43620,2.11616143226302
43621,1.3876426522270506
43622,1.337800508874686
43623,2.3535226963544034
43624,2.954156734382366
43625,2.190125095535123
43626,1.7864536734046652
43627,3.3860092954913483
43628,1.8128394135629335
43629,2.4123173688202897
43630,3.6298474317770015
43631,1.847475380615677
43632,0.9242778427431873
43633,1.5449298511153131
43634,0.9674471882217333
43635,1.26240999940687
43636,1.3807986382175343
43637,1.0820844408158266
43638,3.6621145106117297
43639,2.685460084418253
43640,2.0464258339197556
43641,1.4902266618976228
43642,2.485100406452524
43643,0.43275361394959333
43644,2.402466446060494
43645,1.6034677320973643
43646,1.7804907632860463
43647,1.5130796666122563
43648,2.875030966481347
43649,2.3094172807809557
43650,5.447369157355148
43651,2.0643101516771765
43652,2.234799578033403
43653,1.5011419792005682
43654,4.412701138515359
43655,2.5955082831211413
43656,1.055797361191111
43657,0.7702006238908936
43658,1.3039817139010097
43659,1.250501168277438
43660,2.454007853201773
43661,0.9561005410442434
43662,2.4437286259841997
43663,2.725127042421306
43664,1.0308362995454914
43665,2.723899461362784
43666,3.3940583019940007
43667,3.9827992789008633
43668,3.6473220071119528
43669,2.2349290391304137
43670,2.7752532479862424
43671,2.308526295770399
43672,2.6075650476552426
43673,1.9587530368790809
43674,0.9632105225732346
43675,1.609193179188125
43676,2.3870495059847343
43677,1.877609739355215
43678,1.9327666365929375
43679,1.7662698042333815
43680,1.0707224831378142
43681,1.4575667803823436
43682,1.316380896517039
43683,2.064870855285143
43684,1.5803089490554711
43685,2.2563627826364083
43686,2.449887242223923
43687,0.7704878462490754
43688,2.366110834196739
43689,1.97928594257057
43690,1.301553495922633
43691,0.7399989478476101
43692,1.5401571523068824
43693,1.4133867825140527
43694,0.9018900508989631
43695,2.0600927434307224
43696,3.2369697418491725
43697,1.7612456367252847
43698,2.321492035384111
43699,2.060548768125315
43700,2.294296417237504
43701,1.8750245992882242
43702,1.5854248233889265
43703,1.1381276377346836
43704,1.6297116112418095
43705,1.9310877587394586
43706,1.9076577272556037
43707,0.06595212127972161
43708,2.0712922065506945
43709,1.9943169967181689
43710,2.427987114398036
43711,4.77784285027775
43712,2.144504623233466
43713,1.72764496427137
43714,3.8174449165050177
43715,1.7403897633746155
43716,1.0843467935566693
43717,0.9548596559087272
43718,3.942605368779816
43719,3.3277582470402365
43720,3.37849214740357
43721,4.1331091723909665
43722,1.3679273818328284
43723,1.628947829771441
43724,2.0418661785816354
43725,1.981378454699339
43726,2.2055862279026996
43727,1.4189321583889765
43728,2.5524947615290756
43729,2.1901038375740853
43730,1.5623606574997524
43731,2.0556502776559924
43732,2.068079714871182
43733,2.807671092606654
43734,1.1708051313454462
43735,1.710429103956102
43736,4.3732960857552925
43737,1.8559456166154717
43738,2.269810572377871
43739,1.5064443050607466
43740,1.844091953349654
43741,1.6342741849818125
43742,2.8987972846667702
43743,2.3220735914534245
43744,2.4570010725857117
43745,1.7932261656514612
43746,2.8966361685356716
43747,3.0111183661222043
43748,1.4398348898570106
43749,0.626506667933846
43750,1.0331673807321309
43751,2.5662799372038876
43752,1.8565341779234146
43753,2.2408848225097913
43754,2.4004364565014384
43755,2.1515249514811927
43756,1.1526678196803388
43757,1.8165245556941088
43758,2.7292521829100025
43759,2.0256962427861183
43760,2.923715391686322
43761,2.6210406151030696
43762,1.4068573959340895
43763,2.095046032660825
43764,1.939792955674946
43765,2.6970630381941163
43766,1.9603350879999155
43767,1.531026174157951
43768,4.60830608705367
43769,1.5891498853320485
43770,1.5351043009844005
43771,0.9044583962116022
43772,1.950173107535214
43773,0.7415462435708307
43774,2.061606026219529
43775,1.1314132319394687
43776,1.8550951298048517
43777,2.1867920336505406
43778,2.9832905998615473
43779,1.8066526679905337
43780,2.655023549718237
43781,2.6010996299506886
43782,2.013823711842619
43783,0.9896997092225917
43784,1.7346212002529313
43785,2.0584308368389443
43786,1.9215589252350043
43787,2.1978266883343807
43788,1.5569314560541372
43789,1.9739328711546875
43790,2.1443476564856354
43791,1.7219477790058377
43792,3.1261569082033063
43793,1.6411497163405642
43794,2.536160264015244
43795,1.2613674113340352
43796,3.46915376645741
43797,2.121053766297841
43798,2.079143551427947
43799,2.301381074182025
43800,2.278922887611216
43801,1.0928446274362713
43802,2.105974855181728
43803,1.940926724707822
43804,3.0648011128373582
43805,2.286067046040472
43806,2.1027547623538325
43807,0.9027333691562802
43808,0.9103123003185019
43809,1.7997875770861
43810,0.8406440032192037
43811,1.9641854223056328
43812,1.4760260624592831
43813,1.9182915994412184
43814,2.597602182737319
43815,2.1250949279046054
43816,0.8524257263452526
43817,2.0446409990444963
43818,1.6649905748437561
43819,1.945567112501429
43820,4.239673972859478
43821,3.510293806939849
43822,1.2213993250011086
43823,1.5583348416683336
43824,2.1941403895298706
43825,2.0634209189870987
43826,2.5296099358091055
43827,1.4893281842352266
43828,0.7063253151255182
43829,2.04363068820831
43830,0.44430146659331626
43831,1.9695936726076368
43832,1.9541378438106989
43833,2.2255694915145767
43834,3.337665250641521
43835,3.9591206930347838
43836,2.884498137689995
43837,2.541012733122315
43838,2.1786947874616445
43839,2.1541570718563676
43840,1.9004709257821162
43841,2.8754022789495224
43842,0.8894963108067913
43843,0.8618123994875049
43844,1.108934513035841
43845,1.9377486973007336
43846,3.9122320923932747
43847,1.2496678706014208
43848,4.218716664799231
43849,1.665621214941467
43850,2.3140397051981907
43851,2.711345387552228
43852,1.0851253786933341
43853,3.1036693801989017
43854,1.603476536877075
43855,0.8255423881357018
43856,2.1761269266834873
43857,2.1538392608020516
43858,2.515082414435767
43859,1.8909966372135756
43860,2.1323417887680094
43861,1.725568620834835
43862,1.6286275307733078
43863,1.5761320096893954
43864,2.84093759912313
43865,3.1486227937010653
43866,1.5358735075994687
43867,2.377290932460504
43868,1.977119189003055
43869,2.938976771933561
43870,1.6361786181866194
43871,1.589215159533552
43872,3.070126433447122
43873,1.6110066079401761
43874,2.0060076104078135
43875,2.6312715277208554
43876,3.2302934192465926
43877,3.4273058532768133
43878,3.206923164519999
43879,2.802688232493651
43880,1.3369290191187417
43881,1.8696827034551688
43882,1.8170790861749637
43883,3.0703551689422
43884,2.5224570838036016
43885,5.602712492170866
43886,1.8938442194626148
43887,0.8942585573818249
43888,1.3912782196486049
43889,2.2945439271502224
43890,1.4169764836026317
43891,3.0415981717362754
43892,1.9412266698121527
43893,1.6846361148267732
43894,1.8250457841465462
43895,2.193705878973148
43896,2.742066154957506
43897,1.2205348791642692
43898,2.646054324350274
43899,3.0248109513794574
43900,0.9019312663990888
43901,1.2361337379247743
43902,3.580738611754093
43903,1.8657578578462477
43904,3.335568230383771
43905,2.2410483381287207
43906,1.4822784072817612
43907,1.8117421153921
43908,1.8784182876307227
43909,1.6074673402314659
43910,0.9066374868509897
43911,2.278264457706584
43912,1.7680884839337239
43913,2.4879665069850034
43914,1.477219229870613
43915,2.0750960093692328
43916,2.3578823664744917
43917,1.726217254882215
43918,0.5407933251866623
43919,1.3570145703142913
43920,1.9728932687660503
43921,0.8368120020735716
43922,2.721346201587636
43923,2.200223523807125
43924,2.0485848420183714
43925,0.9250887284093139
43926,2.807395474163741
43927,1.330691407598934
43928,2.2204277967517996
43929,2.059866794411839
43930,1.7938696382822243
43931,1.8960386587317402
43932,1.5297430694052423
43933,2.766761996451926
43934,2.8274528852081104
43935,2.7970405088141916
43936,2.864939879138248
43937,1.2384556984381732
43938,2.255728496461572
43939,1.9136179676576006
43940,2.299966962572782
43941,3.416648252294266
43942,3.4466279535170585
43943,2.0329956681568646
43944,2.037463482751619
43945,2.562205344702946
43946,2.274903963843819
43947,2.252628033257551
43948,3.464835525278133
43949,2.242277123096862
43950,1.4786099647147921
43951,1.3883684512568095
43952,2.3324506486882868
43953,1.2904416716163354
43954,1.8621136576114665
43955,2.222726418339306
43956,1.798987341313257
43957,2.121588891703311
43958,1.4607191269872715
43959,1.78814876690695
43960,2.5559309258994816
43961,1.9624339764747845
43962,1.6287562117672252
43963,0.8623734833703409
43964,1.710606573163119
43965,1.7981355243653212
43966,2.2363577991000767
43967,3.30617114675524
43968,2.6998486451882684
43969,1.9442163387380305
43970,1.60515295056193
43971,1.5092294423584747
43972,3.5947635121889903
43973,1.2804765687846782
43974,1.5695304745476406
43975,1.5050468617790003
43976,0.965141584276644
43977,0.7944370878391709
43978,2.0298596835483025
43979,2.789436019517339
43980,1.4467945710789039
43981,2.1633445589006968
43982,0.783239207439216
43983,2.4183458302854888
43984,1.7822203236127052
43985,1.7196166120243745
43986,1.6675594944302503
43987,2.2306757206806225
43988,1.499253601222776
43989,2.2050035249923567
43990,0.4952009112054796
43991,1.75409216567828
43992,1.787024955532523
43993,1.9689618257357608
43994,1.7652344297835398
43995,1.3266639023531468
43996,1.8586230420583192
43997,2.864422872717576
43998,1.5658165562129227
43999,1.8537454565848392
44000,1.2602298098181706
44001,3.563456211719533
44002,3.0011573702519527
44003,1.6188642670861952
44004,2.5790993743865585
44005,1.504539071392621
44006,2.1586026365941606
44007,0.7654560783431421
44008,2.4846268759454233
44009,1.81241560375193
44010,1.963590112475444
44011,2.490930012683677
44012,2.2018489604283786
44013,2.0080321917902353
44014,1.6901691098863623
44015,2.392432706196793
44016,2.539304387885231
44017,1.3420737701386187
44018,1.4798850398547572
44019,2.6706904727234217
44020,2.5098609116896284
44021,1.8443988005646261
44022,1.0834727325079285
44023,2.215287012359191
44024,1.9339487906465536
44025,2.149790788762843
44026,2.1523190275957518
44027,2.4072063172229434
44028,1.5750719132551296
44029,1.5940910877079943
44030,0.7948240532982567
44031,1.849412006220767
44032,2.6540671370487843
44033,2.061565718623072
44034,1.4085804073537105
44035,1.8694983713631288
44036,1.8428672005820559
44037,2.0727435056628707
44038,1.7524771877358134
44039,0.5628443497693141
44040,2.0656647045862826
44041,1.9041079389509932
44042,1.2212445283022362
44043,1.5780071736114607
44044,2.607648718993019
44045,2.264207429450444
44046,1.8368217944309038
44047,2.6387873448842427
44048,1.071189147709383
44049,2.2907304489776834
44050,2.0317340219361597
44051,0.5806874242163715
44052,2.4083457507340924
44053,2.4476959339742095
44054,1.7584363802661898
44055,3.740762674436482
44056,-0.11478907515474646
44057,2.2274504237814696
44058,3.0761778896196077
44059,1.9591054362399802
44060,1.7661368550726664
44061,2.2126904703659633
44062,2.1560434785154357
44063,2.10244776051465
44064,1.761559586485582
44065,2.5957377501016765
44066,1.942330790004199
44067,3.359315986757231
44068,1.3295857953939247
44069,3.301515203673553
44070,-0.03446049976105314
44071,1.2847673511510607
44072,2.4475062272879455
44073,2.5634602516737672
44074,2.9701353153961065
44075,1.701238336368732
44076,2.3128390012245035
44077,1.8037506063549955
44078,3.546676660917896
44079,1.9796432768562582
44080,2.9158322850072196
44081,0.7402325080614318
44082,2.841709677274352
44083,2.525622427179009
44084,3.0169268683017734
44085,2.0670670801370434
44086,4.445523494842426
44087,0.8753983715815821
44088,2.6297711026015875
44089,1.0880039189347883
44090,1.3524668243045639
44091,1.3694350149222814
44092,1.7702195361667634
44093,2.334418066597543
44094,2.249290813785663
44095,0.9258947761674747
44096,2.255592183400296
44097,1.6944148114866167
44098,1.9896495017586773
44099,2.9735101554500645
44100,2.032228200124848
44101,1.9529803420788667
44102,2.5320004854822002
44103,1.6205977258345285
44104,2.026820437483707
44105,4.613318996917172
44106,2.358185056776321
44107,5.121625347888504
44108,-0.11206746122011424
44109,2.5656421141176224
44110,2.757350584062209
44111,2.151364691880545
44112,1.706435142648914
44113,3.170375904676213
44114,2.5298063895103695
44115,0.9752021758408986
44116,1.5552041048893699
44117,2.686808489948085
44118,2.0867473218957358
44119,0.9390306381068783
44120,2.620322372577391
44121,1.2308623176471656
44122,2.057167315487817
44123,2.632411067341323
44124,2.5378108641849835
44125,0.9396883201488393
44126,2.1745635691901697
44127,1.8001019446754185
44128,0.4764499514838718
44129,1.360404360467676
44130,2.315954484779091
44131,2.1845009912305784
44132,2.1414317550143096
44133,1.6949278855196468
44134,2.262073839313615
44135,4.325664808851762
44136,3.68188891638826
44137,0.9520302125142877
44138,2.087859211054841
44139,2.5476587524690615
44140,2.051215564291276
44141,0.9970945376152756
44142,2.596187509585498
44143,1.8803575135441122
44144,1.900026248100609
44145,1.5242542351094883
44146,2.2094871824199487
44147,1.2629061907936645
44148,2.087945854605536
44149,3.0382121058795875
44150,1.8381998460259155
44151,3.315082341288935
44152,1.896551006458516
44153,-0.2160938705667519
44154,1.2597004753795318
44155,0.9818883022171718
44156,2.117373578593913
44157,2.0704132393048766
44158,1.6076656754413037
44159,1.8570217600553462
44160,2.7389423581728565
44161,1.2637197029374079
44162,2.4401528073046705
44163,1.7508535403144094
44164,2.7638859684650896
44165,2.4615394908557633
44166,1.1749167322639948
44167,1.347674050958915
44168,1.4311738956786542
44169,3.3118477720009736
44170,0.9266073880608161
44171,1.660086263914053
44172,2.9926347656949943
44173,4.615575736658599
44174,3.0926261016163252
44175,1.0315948286206478
44176,1.4010927302794869
44177,5.9918867576523525
44178,1.619334512564727
44179,0.33613076748689963
44180,1.750535472949906
44181,0.9679766342614329
44182,1.6425039441335372
44183,2.559540505902959
44184,1.7934440491230532
44185,3.553570850350013
44186,2.714033907011796
44187,0.6735921396070026
44188,1.4911643503039045
44189,2.4338535508154067
44190,1.061821489389942
44191,1.065706400738108
44192,2.3315400314587578
44193,1.3146306316244747
44194,3.0035257059810334
44195,2.165041747239016
44196,2.9998602623554618
44197,2.7803454924192437
44198,1.4339791423841106
44199,1.9895606096975769
44200,3.14554674968344
44201,2.79505750096844
44202,1.0765582578177018
44203,1.625273910075741
44204,3.471147416090737
44205,2.92771694372869
44206,1.2770898376590338
44207,0.7460795592517258
44208,1.1474615681455234
44209,2.96158477350172
44210,1.572331284192181
44211,0.922570251179522
44212,1.8278178183364346
44213,1.0949486462037328
44214,1.0388123312143165
44215,1.866483406821942
44216,1.9656622041657812
44217,5.645167501915267
44218,0.7369348506636584
44219,1.3783838847416945
44220,3.3662882962949183
44221,5.649455452551955
44222,0.7800552032671177
44223,1.4536679686278333
44224,2.053240216549618
44225,1.790183760753557
44226,1.9849279123632755
44227,1.057049871580098
44228,1.5538609242517225
44229,1.6322260689386
44230,2.3834211626808965
44231,1.6181079135017669
44232,2.6614392835800302
44233,2.130318158129981
44234,1.1286657628863708
44235,1.9675776056312984
44236,1.7456459412494425
44237,2.9155228052845814
44238,1.541560723957403
44239,1.833705053197498
44240,1.4706122028215063
44241,1.5958583877409112
44242,2.7302056601905704
44243,1.9691345982338646
44244,3.227754166814499
44245,1.033746516553954
44246,1.9718417775764507
44247,3.7706536901834014
44248,0.8523549398709065
44249,3.492669763878716
44250,2.6229568929914677
44251,1.121339632083334
44252,2.283884121063963
44253,1.2349180838761455
44254,2.1728879476934537
44255,7.115008898415141
44256,2.3038893406312937
44257,0.9406272121694812
44258,0.969659388133465
44259,2.6507755371406745
44260,1.7237628006395127
44261,1.9139306754300236
44262,2.694825289336009
44263,2.4872278687112086
44264,2.42772040484909
44265,1.6828427577738054
44266,1.103282786024593
44267,1.9351726716522109
44268,1.1502947528811873
44269,1.160525242774888
44270,2.8086536774441058
44271,2.0101308258940307
44272,2.2907779728230793
44273,1.9702874929137906
44274,2.391798731408784
44275,1.8930253637760899
44276,2.3938947350298676
44277,1.4762795113104517
44278,1.5483431898247062
44279,1.054545066141344
44280,1.4343104487072154
44281,3.088794735851266
44282,1.9067897993795384
44283,2.3056646252929767
44284,1.8223087659153379
44285,2.194773767492805
44286,1.9016198677358318
44287,1.0311664054430096
44288,2.9572052458697016
44289,1.3282543496462864
44290,4.241959005889029
44291,5.183923600782926
44292,2.957785236861163
44293,1.5996556289473176
44294,1.812776367327615
44295,1.8762952408435254
44296,1.414119933767104
44297,0.4590539181434039
44298,2.0985428044658647
44299,2.7670082466920647
44300,1.830332175270712
44301,2.0403037757096527
44302,1.68800027841975
44303,1.6741652613773539
44304,0.9495766001948027
44305,1.7009253764667562
44306,1.798503432159876
44307,1.2762896482385884
44308,2.4017761922333065
44309,2.3631178816361356
44310,0.8195088165283195
44311,3.2834106641841174
44312,2.5774481576909096
44313,2.323540578725698
44314,2.2264456108774624
44315,2.350168381430649
44316,3.3283776233621936
44317,1.8406061465454684
44318,2.8689302742180303
44319,0.17050564751498598
44320,3.6037403746532206
44321,1.5387141335918457
44322,2.01456025924125
44323,2.4018826251700673
44324,2.729901586038899
44325,2.855276350015167
44326,1.6323120340656843
44327,1.2112076484630947
44328,0.4746717269954104
44329,0.8081572256467382
44330,1.9397754079673462
44331,0.7976337800656452
44332,2.114499343662551
44333,3.2038548567950187
44334,1.9967875022727526
44335,1.0417746653870381
44336,4.150664385546143
44337,1.5984917614575167
44338,1.9277296174327319
44339,1.41285944284747
44340,2.3824688087723516
44341,2.0341951707648818
44342,0.8243427632864382
44343,1.7529402880290235
44344,1.6163927721686235
44345,0.8136311901146058
44346,1.2629704219103672
44347,2.755786316830772
44348,3.22716025434012
44349,0.7360130641324858
44350,0.6650496094834395
44351,1.5263232672828906
44352,1.817216253641476
44353,2.7098853063998334
44354,4.13600572041387
44355,3.117861875257965
44356,2.95816006359005
44357,3.2286707579852276
44358,2.2787057333517993
44359,1.0002058500284505
44360,1.9147493475631663
44361,2.767378630603595
44362,2.119285825343148
44363,1.6588798866849004
44364,0.5657725312680313
44365,1.4270932588766598
44366,2.41205238364315
44367,2.7792583793750083
44368,1.012893298122819
44369,0.8158787010002868
44370,2.528526640875455
44371,1.4321100269736107
44372,2.1437130853870556
44373,2.6180471011114577
44374,2.085203898259749
44375,2.1794767295843087
44376,1.9824424666614675
44377,2.1863576388749664
44378,2.72463130022161
44379,2.7706856247182188
44380,1.7128133369095693
44381,2.4870323367156786
44382,1.1963351711032502
44383,3.18364638670662
44384,2.400479833332433
44385,2.489249845089091
44386,1.9035176613329412
44387,0.6634503094349355
44388,2.3188892440725013
44389,3.966352765212463
44390,3.13482815434147
44391,1.7462624818168209
44392,1.599364679200768
44393,1.4085995736813501
44394,2.2538026127033532
44395,1.1765406385860473
44396,3.982429993957979
44397,1.9418320598001202
44398,1.2637870397403148
44399,2.171404969976656
44400,0.988563665786856
44401,1.8032708900656402
44402,4.482873195138048
44403,1.7102922857783298
44404,1.1349338555531787
44405,1.0095817243782648
44406,1.6500297166819706
44407,1.6367097685400438
44408,2.925060282547527
44409,3.389914306790118
44410,1.178856031125342
44411,2.3972174984023127
44412,1.7810050876357053
44413,2.336156519727055
44414,1.2498739409735649
44415,1.4098366068299057
44416,3.4234298735354756
44417,2.2816082098874233
44418,2.002000310875829
44419,1.4806158399742344
44420,1.3862884066879104
44421,0.8673060421284191
44422,2.1722640917247205
44423,2.3524966419882816
44424,1.7110321098398984
44425,1.8903315826976836
44426,1.112454080453574
44427,0.5283502677276317
44428,4.2260743204543445
44429,1.4237960271112087
44430,2.8977034010050104
44431,1.9879952223353357
44432,3.064110056696812
44433,2.830033339698552
44434,1.195599047922208
44435,2.859710713440343
44436,1.1612173417497829
44437,2.7973850858302924
44438,2.6810065412729784
44439,1.950242408289519
44440,2.9984231602963334
44441,1.4107800425500372
44442,2.125361998570426
44443,1.6764792403652748
44444,3.040300234300034
44445,2.9640758808191805
44446,2.8983798039727233
44447,1.6167564507241963
44448,2.1713331140756935
44449,2.450648048890706
44450,0.8946390833317395
44451,1.6022506950876902
44452,2.0509222251214325
44453,2.319929020324011
44454,2.34890232512236
44455,1.5217881306825376
44456,2.365936738148889
44457,2.3986604552638227
44458,1.9989853791874879
44459,0.6159273833538066
44460,2.08702561232716
44461,2.5000149076141724
44462,2.5448088182098445
44463,1.7650608401583838
44464,2.051414015986296
44465,2.4275210009069426
44466,0.7930160627277729
44467,1.973968245192502
44468,4.845203420352689
44469,0.5151379705852577
44470,1.8672724069336581
44471,2.275712133945106
44472,2.391380155662482
44473,2.0822329114346516
44474,2.656308946610281
44475,2.2808979913090752
44476,1.9571050855678749
44477,1.203208508163037
44478,2.4934399374294145
44479,3.641917782499206
44480,-0.0615923688142459
44481,2.012528924356637
44482,1.813964798376304
44483,1.7887025389499769
44484,2.588902485597515
44485,1.5557862854650182
44486,4.729092185293922
44487,3.2883665980905477
44488,2.1024908792522226
44489,1.5268853024778792
44490,2.6325526255796703
44491,2.9556159025356052
44492,1.5099975202530516
44493,2.5132429958012494
44494,1.2201835922460944
44495,1.5212336534873856
44496,2.0554508851537463
44497,3.383863186633299
44498,2.2475443171125207
44499,1.9904365609315775
44500,1.8128120672692347
44501,1.8097005125824026
44502,1.9524388561949593
44503,3.120030687222851
44504,1.3583075638408744
44505,1.9005016921115896
44506,2.662720341647983
44507,0.6776548312754471
44508,1.1514912626535505
44509,1.2684094243910025
44510,1.4526407021867058
44511,1.384334102974691
44512,2.0124004000266353
44513,1.3508384218976417
44514,2.0129990393454733
44515,2.319184370920617
44516,2.098388647282121
44517,1.8334740990939196
44518,0.6035957691755272
44519,3.80167331662107
44520,2.7517939126052866
44521,1.0814033432302068
44522,3.527230205427088
44523,2.414064499411424
44524,2.335522759523741
44525,1.8257972997708833
44526,2.1343851685731465
44527,1.2850321750327822
44528,6.820823214161628
44529,2.3298307575875583
44530,1.114894697713055
44531,0.5099857476198295
44532,2.1480501198284614
44533,2.3249188183152185
44534,4.182370228904347
44535,1.4901645300450497
44536,2.244889604440516
44537,2.642202349050983
44538,1.686252482111989
44539,1.9242134466234546
44540,2.2452485461105596
44541,2.2384544939946096
44542,0.6481826723114921
44543,1.584648529249037
44544,1.6439118759614217
44545,1.4751070423092614
44546,2.1583931481907968
44547,1.3209257482365402
44548,2.8158724738010505
44549,0.6236341291594911
44550,2.320172705337363
44551,2.277488118363152
44552,1.5444080659965138
44553,4.175242976567716
44554,3.263806052020996
44555,1.8766290351815726
44556,1.8809348651058926
44557,3.886218613679972
44558,2.4506860890346616
44559,2.0006624954879655
44560,2.143506058240284
44561,2.526191144593689
44562,1.2563853604533435
44563,1.9883556444832493
44564,2.188037043399518
44565,1.3899952863265739
44566,0.8399404677675406
44567,2.424119621561438
44568,1.8841995118690207
44569,1.4749925428352668
44570,4.057920014614069
44571,2.22066301506387
44572,1.8024911867422944
44573,1.7953834189727473
44574,2.6263162927032297
44575,2.284006309984804
44576,1.6442788388836362
44577,2.0646301347425293
44578,2.0153788483814594
44579,1.3355375856681562
44580,2.696021308854995
44581,0.6402348516913889
44582,1.6464316880898409
44583,1.5926742738795312
44584,1.401558069364853
44585,0.9525203023060058
44586,2.747068902250099
44587,1.5381477296946784
44588,3.385048126477841
44589,0.5558277892056438
44590,2.64973873107472
44591,1.2081582423406303
44592,3.7290638600678534
44593,2.177495951119873
44594,1.907754101716499
44595,1.5446282559863462
44596,0.8675346994172273
44597,1.7098375038173614
44598,2.306339973533909
44599,1.0053567636215277
44600,2.7242781154311473
44601,2.2684206757850234
44602,2.077728784135779
44603,2.423436254669703
44604,1.8102503339570717
44605,0.9708269644276015
44606,3.4779196918256616
44607,2.186372903860395
44608,2.8783001136335855
44609,2.6479369369452357
44610,2.033218746118493
44611,1.9002278226208418
44612,2.8844954150135322
44613,1.6633560080738903
44614,1.0063766187921672
44615,2.819191870387783
44616,0.4114520488197968
44617,2.7034681992069522
44618,2.0126981998762687
44619,1.7422790818166334
44620,3.0491107744952046
44621,2.447806233297129
44622,1.899795906235795
44623,2.188402569524399
44624,2.479822079301414
44625,1.3612279627856694
44626,2.36239317376085
44627,2.355548006960568
44628,1.1937610478638945
44629,1.052876030239588
44630,3.627720446904597
44631,3.005634244209098
44632,1.7000595293074312
44633,2.510249715706685
44634,1.6311694556704452
44635,2.974936867080352
44636,2.353772199199355
44637,0.6602798937401602
44638,1.4208255453443996
44639,0.82221951767702
44640,2.3558440657099666
44641,1.7602387068133893
44642,3.4549767272527774
44643,2.461764270384606
44644,2.3057474158067777
44645,1.923523264761542
44646,1.7438602840571065
44647,2.095673320524881
44648,2.1699214594864955
44649,1.7259170985735182
44650,2.3650261201584115
44651,1.256878906392842
44652,2.336703372848987
44653,2.0309590574967586
44654,1.0727339981549804
44655,2.2880838755538377
44656,0.8807865610802423
44657,2.0548511569550385
44658,1.6388486849736807
44659,2.412629199727668
44660,1.294024043633236
44661,2.671463230123152
44662,2.4365653627384773
44663,0.9620043116734536
44664,2.477151389451862
44665,1.6661522494144094
44666,1.509036728638847
44667,1.6435851614787111
44668,2.0016297011726536
44669,1.3596795961397632
44670,1.8053887314602761
44671,1.4554064300326814
44672,2.7483605269413687
44673,2.9924891330360808
44674,3.4337063343519105
44675,1.6404123409644171
44676,2.4498856514845926
44677,0.5360273561296296
44678,1.656603929721605
44679,0.5827108040241171
44680,2.153517809964981
44681,1.0338258735236039
44682,1.5350802480468744
44683,3.0783479439658237
44684,1.586222975462782
44685,1.753327071942465
44686,0.9149868834827117
44687,1.5165480120138355
44688,2.427752613747444
44689,1.0869320178093886
44690,1.4433313879874063
44691,2.796125050267875
44692,1.8617745870707552
44693,1.147682217860691
44694,1.4993801004758822
44695,1.625442428704119
44696,0.8572660303705462
44697,2.8849316470029933
44698,2.5934479988465
44699,1.6412064694454997
44700,1.3755380024912256
44701,2.0315791328470496
44702,2.7171220180822573
44703,2.198846709888052
44704,1.6978763614617947
44705,1.5082244347006224
44706,2.4718288801965755
44707,1.9031957809787343
44708,2.527785913248067
44709,0.6196816061682355
44710,1.6978122276888925
44711,2.5453791898059634
44712,3.67642347790666
44713,2.336646801744479
44714,1.8724832451069275
44715,1.4985244855765671
44716,1.6594727804209484
44717,1.8925073216712889
44718,1.2550062509344713
44719,0.704214546205101
44720,1.56477324875803
44721,2.4255045477209336
44722,2.1978235810676523
44723,2.9225888135477334
44724,3.156532093410192
44725,7.007825485122829
44726,0.9843565668394376
44727,0.8824399129520515
44728,3.3631670516237904
44729,1.5496675065959167
44730,3.023646811686895
44731,3.1883427089808904
44732,2.956306271656807
44733,1.5284022048214396
44734,2.2800539985433375
44735,3.7574785870918177
44736,1.389271019408838
44737,3.616565177241263
44738,1.3341498361727204
44739,1.7895815208002688
44740,0.994164047451001
44741,2.3481716660480956
44742,2.2250994446823498
44743,1.2248354655184812
44744,3.991684451439667
44745,1.4470569658186179
44746,0.26683740198934913
44747,2.6713239521178096
44748,2.728336430728909
44749,3.0137527272789413
44750,4.517661410879228
44751,1.113219608146295
44752,1.314224246053108
44753,1.3016864480315888
44754,1.5449051260084161
44755,0.611417320340685
44756,1.851864008870919
44757,3.309632462979522
44758,2.0609366528513675
44759,2.0814377306337946
44760,1.8069351683536752
44761,2.1729021556351924
44762,2.098117612710382
44763,3.1346636165123627
44764,2.000054490708365
44765,2.1753143283214484
44766,0.07015250832469633
44767,0.6158585711367763
44768,1.2336100004726163
44769,0.8440514016998222
44770,1.7537432536572268
44771,2.629419143957861
44772,1.2789894397294788
44773,1.5052976302897818
44774,2.5472173147195107
44775,3.523932415365948
44776,2.209727397374607
44777,1.5818730435851194
44778,1.0211717794807669
44779,2.0168016989192807
44780,2.5152186729761823
44781,2.470736590410013
44782,2.398720382266731
44783,1.9675652219113573
44784,2.60366454240949
44785,2.5346865189234435
44786,2.293020161948732
44787,2.8622507882305896
44788,1.3889911023236294
44789,2.161695022946816
44790,2.1608060596686656
44791,2.6478436348274883
44792,2.5772805309631295
44793,1.7652242583470965
44794,1.6104710208708468
44795,1.8259983596769587
44796,1.1901081862608507
44797,2.4080968802847025
44798,4.1263086064288075
44799,1.6223944638529062
44800,1.6467829210677678
44801,1.9011502731244434
44802,1.5706684591308147
44803,2.3130157211833478
44804,1.912852111572846
44805,1.3948310493018
44806,2.4439883347801725
44807,0.9355375069703911
44808,1.091723462426394
44809,3.33784406774231
44810,1.483686105410868
44811,2.610630629775571
44812,2.538947631357452
44813,3.2054679605733014
44814,2.4030186160244966
44815,2.587118740063019
44816,1.7467088686199332
44817,2.2791623464226234
44818,2.0431995848395914
44819,2.4989085885530926
44820,1.0718553725228617
44821,3.920581043519931
44822,0.976775189333722
44823,1.0470643374525892
44824,3.5718050227007794
44825,2.1567996818626725
44826,2.1227187695548935
44827,1.3678538699081813
44828,1.0833820141288228
44829,1.653903247442976
44830,0.574249131099144
44831,2.6690127152115792
44832,2.2045764598397923
44833,1.7555729799831994
44834,2.238308952520626
44835,1.064760218291653
44836,2.350990258632116
44837,1.6055084723497401
44838,0.13719303853630294
44839,3.0579183431100674
44840,1.7146925260660097
44841,2.2998933985660344
44842,0.6096395658684273
44843,2.033734015269964
44844,1.5199283883773589
44845,2.0101296992181616
44846,2.9496448541875964
44847,2.8810030100220416
44848,3.088240846665272
44849,5.068405611009915
44850,1.327839958035618
44851,3.452910194318001
44852,1.462744746994808
44853,2.144144512931291
44854,1.919706478909447
44855,1.9269702519617553
44856,2.5834459082547596
44857,1.2583182894630056
44858,2.8876129358225597
44859,4.037034335502604
44860,1.5883553631778966
44861,1.2328296064105615
44862,1.523869580674436
44863,3.2513938357395418
44864,1.4165065273293251
44865,1.8986687412922265
44866,1.5419041247281768
44867,1.1624071164028251
44868,1.745141374927158
44869,2.222241180689757
44870,2.204751317667217
44871,6.384907615254704
44872,2.4458772409166585
44873,0.7433937979745266
44874,1.7096440377502944
44875,2.687938712022344
44876,1.5537531391491441
44877,1.8240528975761023
44878,2.5879754461626803
44879,1.7649294802514817
44880,2.2205397570320855
44881,1.799526115381994
44882,2.4530675341008035
44883,2.565194667004512
44884,2.1854945738980476
44885,1.0374550094996522
44886,1.4929715363017522
44887,1.4926287004063923
44888,3.6942573735636515
44889,2.7969764706317832
44890,2.413826933564266
44891,1.7748988979740332
44892,2.388672450367018
44893,1.253511526405589
44894,2.2252190155001728
44895,-0.06510558390707644
44896,2.0218726898626826
44897,1.9823637964232717
44898,1.4371839879997452
44899,1.7262698003088417
44900,1.64684985467089
44901,1.423588360951726
44902,1.7589237065631522
44903,1.0857948303729614
44904,1.92201681677264
44905,2.2011479494373702
44906,3.265224013676132
44907,0.8784574068708793
44908,0.26830461069684475
44909,2.0254853988933093
44910,2.2043005211277062
44911,3.7668764092391527
44912,2.4539162613102263
44913,1.9577871760551915
44914,1.5039674129921963
44915,1.2358328101427531
44916,1.3499702288811548
44917,2.2003825408712316
44918,1.6276543997042197
44919,2.872707831313569
44920,2.1585549172937775
44921,1.162395643544805
44922,2.526881203670065
44923,2.52874618710468
44924,2.08954672804213
44925,2.5920454639581934
44926,2.1581505302625033
44927,3.5382493330849485
44928,1.4941668121604863
44929,7.9255365407785945
44930,1.8712320010908527
44931,1.8989188810040574
44932,2.286531165739092
44933,3.3999337535239533
44934,1.6504992790746513
44935,1.8097342808231431
44936,1.4432521388697452
44937,1.1127506667795402
44938,2.0537563869477395
44939,2.5946367337791543
44940,1.335062422230699
44941,4.46535168340413
44942,1.8792856284076862
44943,2.9396558613023203
44944,0.778464853529087
44945,2.7677667045467658
44946,0.4606399717061578
44947,2.7860945403524298
44948,1.6514086319829886
44949,1.9457849388956703
44950,2.5000855355635707
44951,1.4249058954816718
44952,1.4045691925922625
44953,2.6691989849017475
44954,2.2631152831988217
44955,0.41368582129580744
44956,2.842016973969322
44957,1.251502356079257
44958,1.635404074711694
44959,2.4711734452399057
44960,3.233129571553029
44961,1.8830442699183507
44962,3.7736177037866767
44963,2.4333353290441195
44964,1.0355292636711226
44965,1.8974845818869923
44966,1.6555896525361007
44967,3.2918104897528977
44968,0.6144762383576818
44969,1.85667491040914
44970,2.927694620155499
44971,1.9788178302479338
44972,1.858377634044615
44973,0.6970881876640789
44974,1.8004676544017997
44975,3.626780311843241
44976,1.7454178913116394
44977,2.4208490373339586
44978,3.0458641519843255
44979,1.4469325739686667
44980,1.2200475433903293
44981,1.7422641293339964
44982,0.4615889552844834
44983,2.1122308874357145
44984,3.495217736541967
44985,0.9142492961929918
44986,1.6309950097862256
44987,1.895507739530693
44988,1.2555664706063254
44989,3.1860450765294175
44990,1.7974274585041954
44991,1.0765517603209744
44992,2.4855886619520433
44993,2.293309259974656
44994,3.3386171124339583
44995,1.6151359830295817
44996,2.0555632932965224
44997,1.475510453094941
44998,2.0086246412503215
44999,1.1340832481426375
45000,2.0435219128469697
45001,1.4469275494403888
45002,2.286817738299753
45003,1.069563065045287
45004,1.612365263432622
45005,2.0509936272783023
45006,3.182382508551065
45007,1.6365896113328091
45008,2.2583597249681233
45009,2.1982483070344756
45010,3.093182661493117
45011,1.93915489497288
45012,2.876310256885837
45013,1.0511464871288894
45014,1.8456455348963345
45015,2.525924688367809
45016,1.5543239549225802
45017,2.7084368654177595
45018,2.671917822738429
45019,1.3615949454258853
45020,1.818460364178037
45021,2.0422627515542757
45022,5.059238266928354
45023,1.480443798940584
45024,2.075314713141374
45025,1.715396055013997
45026,1.2284396861164737
45027,2.693192059916001
45028,2.2054351350170975
45029,2.670569593822634
45030,0.7799829771822004
45031,2.1478433973046975
45032,2.7595457093568427
45033,2.0208488473335535
45034,1.7831018298262507
45035,1.9551753872980413
45036,0.7402456142754303
45037,3.386454057955369
45038,2.51601467624279
45039,2.8413773956198725
45040,1.3615825697911106
45041,1.1748016355095672
45042,2.0391709355377614
45043,2.1227683061229143
45044,0.28816552189650224
45045,1.4861611005078146
45046,2.040786514522729
45047,3.050583433070017
45048,3.8413557759717776
45049,0.7303533870568799
45050,-0.7624780663839985
45051,2.0190182346446903
45052,2.270573692052089
45053,2.3655915373732768
45054,2.2716034092270974
45055,2.97730018664528
45056,2.8282751210773327
45057,2.5660725132381046
45058,0.8919573617211682
45059,1.974250279487137
45060,2.024916395679064
45061,2.553269927361704
45062,3.4316408901427593
45063,2.52975542812284
45064,2.974838203525202
45065,1.211314894913322
45066,3.3735334923169518
45067,2.6929459584910376
45068,1.2448762429442866
45069,2.0465055575423463
45070,2.039060850612003
45071,1.7344660365342506
45072,2.3956056351661204
45073,2.110708126182452
45074,1.4739401094517817
45075,1.535212279465334
45076,1.3161401556427634
45077,2.361085362464131
45078,2.423866805944705
45079,2.0576253481041604
45080,0.8386256085997914
45081,1.5732329522889188
45082,1.2653681347950752
45083,1.7005736003020928
45084,3.8095107254656284
45085,2.1494317116739126
45086,1.5975455727834174
45087,2.8978159828540484
45088,4.867221410129801
45089,3.6373660837891393
45090,2.7135172356874975
45091,1.6698939891747955
45092,2.6861025487643673
45093,1.7657405052503918
45094,1.9786180742046113
45095,1.4456045021944348
45096,1.109820280213711
45097,1.5400993314998104
45098,2.0353549637164363
45099,1.313724200345689
45100,2.1417419657328907
45101,2.2483705455226755
45102,2.3479870066202793
45103,0.8340446628880329
45104,0.9300452630320848
45105,1.703230279334825
45106,2.470791008720852
45107,0.7303403112433458
45108,1.6659460347050867
45109,0.591958911517203
45110,2.732354671338932
45111,1.9938677083819272
45112,3.097635732620347
45113,2.09299979464717
45114,2.338420775271345
45115,2.363776523102743
45116,1.4337304581773722
45117,2.855625778371895
45118,2.636442544980042
45119,2.0099361254605768
45120,1.902944512652745
45121,3.0118128401300055
45122,2.147878607483676
45123,1.191109803520547
45124,2.191836314309519
45125,2.3100331244859333
45126,2.684015412324875
45127,3.193840001836115
45128,2.424397938334806
45129,2.4222612208517162
45130,3.3240094616715794
45131,2.165220495343682
45132,1.069766011858846
45133,0.47517533027524195
45134,2.4481481779640646
45135,1.5839933071787229
45136,1.1997176955980677
45137,1.064672372129266
45138,1.895313383755692
45139,1.3111454243998466
45140,1.3294837544249205
45141,3.317918289253761
45142,0.5176788810640005
45143,2.2591689971834086
45144,1.9226739238802537
45145,0.33075951105273305
45146,0.7607393088980601
45147,-0.11690957520778511
45148,2.3552299670532335
45149,1.5211694940351919
45150,1.4750585849059306
45151,1.4884696175074552
45152,2.040972234022732
45153,0.02953364849107487
45154,2.0548854171537627
45155,1.9710133745889706
45156,1.7598776898556494
45157,1.9225137050888677
45158,1.8247073711373787
45159,2.9059771232028595
45160,2.9444488405501374
45161,2.0649457147843435
45162,2.2347220725575454
45163,3.50759334959114
45164,1.6667516200444936
45165,1.8513864951388257
45166,1.092677276894527
45167,1.1071965791724878
45168,2.748048028103028
45169,0.9104876377940414
45170,-0.6435496405829966
45171,1.0139503498607567
45172,2.196625591167802
45173,1.9477431528186315
45174,0.5263126374171136
45175,1.1004233502828455
45176,1.4114343745844593
45177,0.6838931713475134
45178,3.136155817496281
45179,0.5354361774640211
45180,1.2424944015875496
45181,2.9865434985911747
45182,2.0600441871723447
45183,1.6705364827789992
45184,1.6526233459881112
45185,2.2432651280444915
45186,1.5476376120819921
45187,1.9822547759045577
45188,1.5318181585751773
45189,4.267326130462877
45190,1.3737318671736674
45191,2.257235454286665
45192,0.9202537631148431
45193,1.9726426180240964
45194,2.0927171096434876
45195,0.6805520261563203
45196,2.020569865063507
45197,1.52334810075169
45198,2.4293990325844987
45199,4.3037564868363205
45200,2.485329522250453
45201,1.3567919111537492
45202,1.8686638969736862
45203,0.8233836058831017
45204,1.0946803187330332
45205,2.242170180178178
45206,2.0798218105330264
45207,1.4990896145247987
45208,3.421391567017878
45209,1.944532022620919
45210,1.2057572813244022
45211,2.8046799405363743
45212,1.2269376950531452
45213,2.895581416249726
45214,1.9079780964531992
45215,2.4752930177476173
45216,2.416896155820318
45217,2.8069764052710724
45218,2.7491099076171537
45219,2.0796729522827917
45220,3.2700013890273993
45221,2.322012616002084
45222,2.438366382577435
45223,1.5250305628724092
45224,1.5619440667572775
45225,2.1850922363633316
45226,1.888367668638132
45227,2.5137829204054327
45228,2.4114120896642603
45229,1.4475499318463392
45230,1.6591908893649006
45231,2.586734083644714
45232,2.7033781228706744
45233,3.310156602315324
45234,1.8333540992952067
45235,0.7738884216444788
45236,2.4711135702255973
45237,2.94392512476265
45238,2.093757094495132
45239,3.8919849235643866
45240,2.465505747259911
45241,1.0125902221399983
45242,1.4421388818883827
45243,2.9904370631185913
45244,0.9921861774585281
45245,1.3760659236491435
45246,2.764321875291877
45247,2.943470142908552
45248,2.5473254479756235
45249,1.137470022584715
45250,1.799118240279924
45251,2.9630433259662396
45252,1.8153553257808
45253,2.967161928225565
45254,1.9707806464752338
45255,2.110350367717551
45256,2.1421453473746936
45257,2.535865538484579
45258,0.15992656733913435
45259,1.7953078002780316
45260,1.4011659943482329
45261,1.951165115580146
45262,1.8750971149925348
45263,1.7658218977133089
45264,1.2702811541097745
45265,1.7813490618267807
45266,2.130052743984919
45267,2.1009170108223856
45268,1.2555777775386758
45269,2.144735224870459
45270,2.4562570484532245
45271,4.3388560740387305
45272,2.8427922841318676
45273,1.4797932918080932
45274,1.8206011854492345
45275,2.856783772443535
45276,0.9775751888826534
45277,2.103431580270666
45278,1.0903408351459873
45279,2.8887444798939157
45280,1.317862770851164
45281,1.9021249408937067
45282,2.207141489780412
45283,1.995648726550435
45284,2.2629859336066005
45285,1.9340959554293562
45286,2.664247075152403
45287,3.3808824716006143
45288,0.7228431663762436
45289,2.4758473918528736
45290,2.515178324417576
45291,1.7733108377205724
45292,1.780208639383467
45293,0.8264861545894036
45294,3.060409157274414
45295,2.8301150497447267
45296,2.7488352087082433
45297,3.905680621120368
45298,1.9936054768570273
45299,0.7512576913028255
45300,2.7726826293902107
45301,1.9604802579142415
45302,1.2609470877269686
45303,1.8436030989948762
45304,0.9927836579832601
45305,1.3000432943049702
45306,1.6880919080917565
45307,5.124050620586928
45308,1.1482867356025466
45309,2.487663063287876
45310,2.2036168710759725
45311,1.70252574781194
45312,2.9629322320635154
45313,1.9798514636767095
45314,3.2260713178281293
45315,1.55550430970073
45316,0.5585824899634844
45317,1.4252250204283072
45318,1.762544497271584
45319,0.8618427399598119
45320,2.571338901341413
45321,1.792912895146621
45322,1.8311014163972956
45323,1.5889801499178446
45324,2.00486162618585
45325,2.2073753963354577
45326,1.900369027280604
45327,0.8298266356059258
45328,1.6282548424954513
45329,2.5963952839381648
45330,0.7646403664785311
45331,1.1623363849751414
45332,1.9403403486551767
45333,2.6277745952320473
45334,2.5332360142244497
45335,0.8923731354695832
45336,2.0119442877701346
45337,1.7165224238514654
45338,0.6268149156675449
45339,2.6756176989976552
45340,0.9920900852187415
45341,2.43106775336922
45342,0.42131026006894245
45343,2.1895913531143663
45344,2.383217460558839
45345,3.358925578470071
45346,1.8102293239396232
45347,1.9250626919795408
45348,2.5234257850508826
45349,1.2403582623968816
45350,1.7391371057635467
45351,2.1348504008884035
45352,3.7049439489185687
45353,1.916369487946433
45354,1.1228500855512635
45355,3.1312889603599885
45356,0.6864968854179878
45357,1.3843968182708508
45358,2.014517720838235
45359,1.9966005001462435
45360,1.9119484055982667
45361,0.9330617520629403
45362,2.427171919367531
45363,2.2889061973332545
45364,1.5841679533317574
45365,1.7194659873735887
45366,1.6147325007053013
45367,2.1747955715724245
45368,0.6660901035253204
45369,2.0323700746856943
45370,0.54060632594976
45371,1.987075115089354
45372,0.7581635586895032
45373,0.5272191927359273
45374,0.9636123472083327
45375,3.0189166836969292
45376,2.3705627937218097
45377,2.026853608591921
45378,2.0921391231160626
45379,2.4933294933636674
45380,1.1251710805294977
45381,3.210173907001078
45382,2.150105003217128
45383,1.7346237585545978
45384,2.4517725373121593
45385,1.9476987530064207
45386,1.7699045112169287
45387,2.503554879928913
45388,2.193665630826459
45389,1.1829732544468854
45390,2.7396853499543212
45391,0.994881059014908
45392,2.0347440228861444
45393,3.2619275218422885
45394,0.9728848760397995
45395,2.440880767992553
45396,2.1263867571937
45397,1.238097549296434
45398,1.781534625807204
45399,1.3900954275155755
45400,2.040739111605866
45401,1.1592709634895968
45402,1.7959233561167594
45403,1.615966465885137
45404,1.4733994855635189
45405,2.710455137182045
45406,1.5381434884854315
45407,2.2175003565752505
45408,1.8622129838505899
45409,1.3371910964812415
45410,1.8162964150248655
45411,2.1358398463483397
45412,2.633435767062693
45413,1.0358647022669345
45414,1.1403721441346093
45415,1.9186705840785407
45416,2.0429458556777007
45417,1.358481610014202
45418,3.40955904241153
45419,2.9029740888902182
45420,1.9709973781991792
45421,1.8563006932854194
45422,0.8618033087097814
45423,3.761075544611181
45424,1.7881908173517758
45425,1.8531307833106823
45426,3.2913762867146374
45427,1.7045762738782244
45428,2.518476467851471
45429,2.1431851700941635
45430,2.4437740150342577
45431,3.0026625752874665
45432,1.974541245069311
45433,1.4829204689386941
45434,1.8817007925862086
45435,2.8423786961161426
45436,1.1194045538945119
45437,2.2324386551089646
45438,2.211086172616376
45439,1.5907210108485685
45440,2.233641113116704
45441,1.321708964595281
45442,2.3971961281292735
45443,2.329847608442577
45444,4.319139167054388
45445,2.027708429112195
45446,1.710809566011278
45447,1.8515564689367707
45448,1.859412111852052
45449,2.901706999142199
45450,2.9938947601211225
45451,1.9604830361846695
45452,1.4765052785080641
45453,0.6788931873189981
45454,0.6226094328068115
45455,1.0205924344874049
45456,5.121940131711085
45457,1.5837392416329408
45458,3.5129501294502745
45459,1.5638363502600257
45460,2.292771370192007
45461,2.937065263486552
45462,2.983613528340477
45463,2.65834184055025
45464,1.8872249978038695
45465,2.059407775799947
45466,3.922533063639868
45467,2.3438499436249174
45468,2.1387315763898442
45469,1.2467045936258359
45470,2.5109581607410476
45471,2.2036262117287464
45472,2.232752220817943
45473,2.8038325826971757
45474,2.2991366545650394
45475,1.8045160444071726
45476,2.3132098856431114
45477,2.1274703041549756
45478,1.323637862468786
45479,1.3151799638519321
45480,2.21861209666163
45481,2.7576506930750497
45482,0.7505042713004286
45483,1.9626281021529906
45484,2.3313780088713543
45485,1.833052438484799
45486,0.7834336340847798
45487,2.7222123984180087
45488,3.1065380192184335
45489,3.5171321358612673
45490,1.8182779387913257
45491,1.8687277965085016
45492,2.9230490672130216
45493,0.7261249554276645
45494,1.9781982185012197
45495,2.040173985949153
45496,1.7897644337027074
45497,0.6887733280914006
45498,0.5278139120505472
45499,0.9873371662960153
45500,0.4924700467975711
45501,2.941370750566591
45502,0.9162222411963086
45503,1.8945070159691468
45504,3.2178808302429687
45505,1.5838403801595717
45506,2.234234574849964
45507,2.0686916429748194
45508,1.8017669741935123
45509,2.669226390214668
45510,0.7314718922758559
45511,1.4883952691890485
45512,2.468288259962911
45513,2.191870975139018
45514,2.699090139941184
45515,1.6062402082369687
45516,1.8762250718514153
45517,2.133046177127426
45518,2.1169868961116833
45519,1.1747693563722308
45520,3.177246922323654
45521,1.0789967849308297
45522,1.4514193675861122
45523,1.8514056373155157
45524,2.213447741098264
45525,2.2548967590817313
45526,1.1114491609295456
45527,1.1568775893620398
45528,2.4274976356473488
45529,2.098303750368153
45530,1.4401385394984416
45531,2.1768744072868884
45532,2.1724597022287497
45533,1.02054131386285
45534,2.1634433798252957
45535,0.8829467477229826
45536,0.7084897063712958
45537,1.6639613446743127
45538,2.572427618943408
45539,2.43429850315993
45540,2.0752134911932956
45541,1.6647780128532403
45542,1.5088735043961776
45543,2.749760301573545
45544,1.6544023327030004
45545,2.155286949719553
45546,2.0214200269597384
45547,2.817294502824012
45548,3.163532839075387
45549,3.046012246039915
45550,1.1927081911560506
45551,2.919476374156389
45552,5.027192221854037
45553,3.45004623179895
45554,2.3705539117584706
45555,1.797659391522906
45556,3.4689847460167016
45557,1.8262265456672395
45558,4.268944448930299
45559,2.9006660493023944
45560,3.9362848753325252
45561,2.0966249195684554
45562,1.6838156560757866
45563,1.5023685578972206
45564,2.2408902058725317
45565,2.3112863797988226
45566,1.9657706732732834
45567,1.7811095220073483
45568,0.33955037778780195
45569,2.147195056275649
45570,3.7509084747847794
45571,2.205363947813325
45572,3.059565197436811
45573,0.9060392994541147
45574,2.9927629406208993
45575,0.943419346392318
45576,1.5372854361950914
45577,1.8262234352363294
45578,3.2094551100729447
45579,1.975547043856757
45580,2.166219710741352
45581,2.2154933464824182
45582,1.8215548544280153
45583,3.2139170446291203
45584,3.986994195775793
45585,1.1998166770476857
45586,1.196182186700824
45587,0.9383189973227033
45588,2.0969418374546933
45589,3.2692724510813704
45590,2.1064492002267343
45591,1.840657187357273
45592,0.9788498210091134
45593,2.0349108943559173
45594,2.6098214915441105
45595,2.4457512237688164
45596,1.9752410534445772
45597,2.2422774288496043
45598,0.904578773930723
45599,2.3101770180021433
45600,0.9142105489313508
45601,3.420804265833006
45602,1.5243163280333718
45603,3.2019905936558857
45604,2.8609725629111153
45605,1.8083707140598335
45606,1.8938771186602352
45607,1.2095379044543577
45608,2.076784303356881
45609,1.7826274994461357
45610,1.9332038577122646
45611,1.055953364901967
45612,2.7216078009334126
45613,0.7039704541713192
45614,2.0077661859673412
45615,1.3851514598512438
45616,1.6840621385009342
45617,1.8165868164817738
45618,2.123760655571303
45619,1.6049181275681192
45620,2.2790608364064298
45621,2.2270517893372173
45622,2.131251340133062
45623,1.0814071933418106
45624,1.9144099919373474
45625,1.527790464824804
45626,4.977150536173184
45627,1.1791236057209957
45628,1.9215876281899256
45629,1.8388118574843233
45630,3.1021063811236402
45631,1.5938679219226302
45632,2.667247400129895
45633,2.4835832529223154
45634,2.518071653147203
45635,2.420369952876996
45636,3.2818105024169455
45637,0.9377771728538278
45638,1.5116317989126387
45639,3.2006111954788636
45640,1.337257115171127
45641,3.2625545256827237
45642,2.976256350346773
45643,3.407456156167413
45644,2.7293592204149917
45645,2.570971435776059
45646,1.9116623615373598
45647,1.8835684383073215
45648,3.060358310905279
45649,1.0823165505731396
45650,3.116691137459398
45651,1.7470432143451404
45652,2.685658853911086
45653,2.4828914671121893
45654,2.493498180114706
45655,1.7667956743494386
45656,1.5143179248249155
45657,2.3924731182974597
45658,1.178950266188508
45659,1.7541354204529824
45660,3.8002422630257726
45661,2.979188612281021
45662,2.034150854765315
45663,3.779072486778496
45664,1.7988876893171621
45665,1.636836707607813
45666,2.2657724962886263
45667,2.3142222213959514
45668,2.532949650202383
45669,1.457626330628635
45670,1.9693137760604316
45671,0.7798671952072809
45672,1.6041605526298852
45673,1.6913852217208643
45674,2.835269011925547
45675,1.4377916233484527
45676,2.314520197013408
45677,2.1353235856611903
45678,1.7675721490992942
45679,1.3698970861932835
45680,2.6560276235968914
45681,0.9474078360858869
45682,1.683638453583022
45683,2.1577399301980478
45684,1.3430088075433915
45685,2.35545411056183
45686,2.88299739927826
45687,1.657159699245291
45688,1.1607128413002101
45689,2.690352405025102
45690,1.0695269444141644
45691,2.9035712558080817
45692,1.6577807044446544
45693,2.0011299706599956
45694,2.2431485330790366
45695,3.7463716286832067
45696,2.1775059512847648
45697,1.5131172968657722
45698,0.9744255357986162
45699,0.7858528557990638
45700,1.7837943885036438
45701,2.421664773066013
45702,1.0878662713311584
45703,3.2590952096821013
45704,2.0890691691117453
45705,1.4149089669416952
45706,1.601555835509778
45707,2.3286353843899192
45708,4.247149039779508
45709,0.7975937025847273
45710,2.0154580074961714
45711,1.2522914912566705
45712,1.6632007591064308
45713,3.3946545651686932
45714,1.7186550098143485
45715,1.0987151966067898
45716,1.8944767207273117
45717,2.3457488236480017
45718,1.330961427069532
45719,1.2258584447797887
45720,2.0515340731568656
45721,1.44596529870104
45722,1.6753138142033706
45723,1.8287726134070397
45724,2.195122447112574
45725,2.212600217918421
45726,2.5878160988534873
45727,1.256949541665918
45728,3.379151444352999
45729,2.4040113624819313
45730,3.182901230272897
45731,0.5470814159571304
45732,1.2276704043307092
45733,2.2769451494366066
45734,0.9296473933829787
45735,1.357673811971985
45736,1.5854596321935048
45737,2.6472305410428802
45738,1.313750803308956
45739,1.6812939483587712
45740,1.6227419600833528
45741,1.7818483052670189
45742,1.7378243489373872
45743,2.0584979577547102
45744,3.0725269373177895
45745,2.388203835050298
45746,2.5225850637439464
45747,1.5906192375566093
45748,1.5269129759577638
45749,2.6164614490085327
45750,4.556130838898703
45751,2.917588055501419
45752,3.660935292844073
45753,2.602963456181989
45754,2.4331446247681825
45755,2.1045575338711586
45756,0.6743916975044613
45757,0.6965811690274037
45758,2.7491510039904057
45759,1.5908922888433068
45760,0.8596339796977617
45761,2.072249521097831
45762,3.3913435400936365
45763,1.7062930234631182
45764,1.52373817925546
45765,2.6703334592853523
45766,2.594290371995534
45767,0.8480010842062171
45768,1.9180273385829878
45769,2.716809021734285
45770,0.8710331964417151
45771,1.5187016087707264
45772,3.247799622128845
45773,1.6672134700705072
45774,2.8237612612651617
45775,2.1943549442952204
45776,1.5714279776684847
45777,4.027551769760258
45778,1.7814739747547819
45779,1.1867673287178278
45780,1.7360484550797253
45781,2.0986140387680834
45782,1.8354986421997594
45783,1.7877577937450795
45784,1.9491327783222516
45785,2.033826159572456
45786,0.9566625977165231
45787,1.8770909793485089
45788,3.3670752772030355
45789,0.5685140643409952
45790,1.9248701527648464
45791,1.698294140019641
45792,1.0551241769925852
45793,2.117263392973392
45794,1.35920194091576
45795,1.6133453206833792
45796,0.9621949919946005
45797,1.5963448740040604
45798,1.9360782157041854
45799,2.9648053379246946
45800,2.2454307450818547
45801,1.1991970170482489
45802,1.9968854302458396
45803,1.7392313473875802
45804,2.0400824511397317
45805,2.2454865553053978
45806,1.6023456252394652
45807,2.196714998894322
45808,0.5876302561784499
45809,3.0985932272895482
45810,2.7074292678183483
45811,1.3823583063693974
45812,1.1358276984954472
45813,1.4664023355237816
45814,1.4872638262613407
45815,1.5767831475715681
45816,4.753055336944811
45817,1.8251876886705816
45818,4.383319243375496
45819,3.848449430965964
45820,1.8174626171083972
45821,2.256866937290212
45822,1.7800454670069357
45823,0.45268939911866823
45824,1.536231694013729
45825,1.1353768418028238
45826,1.9413463004170026
45827,1.1728718137690066
45828,1.704063727955166
45829,-0.07222730160680868
45830,1.0300572952273939
45831,2.364566007269282
45832,1.7982421055133813
45833,1.5151776671248456
45834,3.4929096266549564
45835,1.8153285411454334
45836,2.997191110029142
45837,2.5915242190713315
45838,0.9038078033154164
45839,2.1176629248978713
45840,0.6062540138994308
45841,1.6922908116151874
45842,0.6749327654525601
45843,2.0084428412998676
45844,1.033941943541926
45845,0.29918572825204137
45846,2.39964416159615
45847,1.865128433903891
45848,2.095095248190681
45849,2.4814109792695547
45850,1.7968615178248584
45851,2.566205209212498
45852,3.4591737569417305
45853,2.080456093373087
45854,3.0224486117684037
45855,2.3368442435111874
45856,2.66760029445917
45857,1.3298895690565047
45858,2.9583647244274545
45859,2.854490562188637
45860,1.5497969538759762
45861,1.9181413031105876
45862,4.3086955670267315
45863,3.1558999174365283
45864,1.8940597445304306
45865,1.7825534852164182
45866,1.520383687982033
45867,2.6522086543399155
45868,0.841805125545747
45869,2.08969222261247
45870,0.21784653004897336
45871,1.885911709151877
45872,2.0860907491003644
45873,3.624431946435024
45874,1.6797645976317241
45875,2.917461164753675
45876,2.572036132118704
45877,0.39265902593144375
45878,1.5357155607081694
45879,1.393316354883531
45880,2.5774917226384133
45881,1.2877895553955412
45882,2.062862632035987
45883,1.5279435890676893
45884,2.624577801671741
45885,2.466618642069065
45886,1.3954395236418833
45887,2.820376233811203
45888,3.2124505961735466
45889,0.746120812624028
45890,4.452531011510658
45891,2.382574621738911
45892,1.8065947953746075
45893,1.419514344370846
45894,1.7609362745246955
45895,2.9852604499935183
45896,1.1165820815330036
45897,1.608926853485933
45898,2.1612439995562696
45899,1.947514855754676
45900,1.3893973543608311
45901,2.9718609964450167
45902,2.1718705076805946
45903,2.4110967479865053
45904,2.2445855455023533
45905,1.6822863308159413
45906,2.071199367133545
45907,1.105423459462898
45908,1.5090462337096753
45909,0.2565893261470862
45910,2.492402084196783
45911,1.6657750370707305
45912,1.0315533173775293
45913,0.21493356778692885
45914,1.7235555055191583
45915,3.834452014748649
45916,0.7585980214961054
45917,0.5919636078891415
45918,1.9775083675858838
45919,1.544481340116242
45920,1.3837674587031756
45921,3.024714966499303
45922,1.6942581058737147
45923,2.598041489938943
45924,1.464256428800816
45925,1.7116697722118275
45926,1.3471480616615352
45927,1.7923488572867825
45928,1.5353973626715813
45929,2.3531925071653603
45930,1.5981608254252748
45931,1.9416337999581472
45932,2.250919497689516
45933,0.7574170613834994
45934,2.9742751760348227
45935,2.550282743369692
45936,2.9960634022569934
45937,2.2158178098747356
45938,2.0847954319961204
45939,0.9457527511275288
45940,1.5613644989756708
45941,2.0377024808993482
45942,3.0259057050165126
45943,4.440232577755779
45944,1.942607474094693
45945,1.9588276450013566
45946,2.0428457088933882
45947,1.9603704695213011
45948,1.9325485049986781
45949,0.8165216062278517
45950,1.7325665278877125
45951,1.0221130980824782
45952,1.7705387187424861
45953,2.2048102813438177
45954,1.9376228959702573
45955,2.2094950370473896
45956,1.894967195502005
45957,1.7129189466571049
45958,2.6987219927415396
45959,3.327311842423107
45960,2.0410256074789146
45961,2.5344070184593193
45962,0.8008511550551134
45963,3.203539590120414
45964,2.1695534423910274
45965,1.8120771285377728
45966,1.2025396733291203
45967,1.6663373247068876
45968,3.1491481840779585
45969,1.6118352981411945
45970,1.134484999156733
45971,2.4683788879280186
45972,4.015669813545372
45973,1.2634839867912504
45974,1.4797567908303648
45975,2.208627810452221
45976,3.1018534356259266
45977,1.8426497860979723
45978,0.7936871790061062
45979,2.5939446701911706
45980,1.4710208167104213
45981,1.443395231176389
45982,2.0234770461614104
45983,2.330632444547767
45984,2.326176341089422
45985,1.7421760456077493
45986,0.9404225811735074
45987,1.1308527346253996
45988,1.573185916146251
45989,1.804341398037863
45990,2.98131012741198
45991,1.71444761114725
45992,2.1016104410894414
45993,1.8514908760848243
45994,3.7480439882561
45995,1.4587297599638447
45996,1.2976678864017188
45997,3.7686643338735735
45998,1.3165126131784746
45999,2.096255615083898
46000,1.7794166283189412
46001,1.9939355196522541
46002,1.2660332918650212
46003,2.8337605447190413
46004,0.9369849608160195
46005,1.641716399084622
46006,0.7788698101385876
46007,0.6998116434824908
46008,0.8294025350789411
46009,1.703914389810727
46010,1.134296084638116
46011,2.0220757896620114
46012,2.182396917224665
46013,1.7307532520956386
46014,1.6547201432231233
46015,1.194284535555731
46016,2.780715573924539
46017,1.9531762497217926
46018,2.919396141814069
46019,0.8696689571017018
46020,2.5786971154735028
46021,2.80753342333648
46022,0.6966584575447072
46023,1.141302898472226
46024,1.7058070258716356
46025,1.1769345342952136
46026,1.9454456107980818
46027,1.935738292183352
46028,1.9462715803543915
46029,1.8552220431343187
46030,4.085731629327981
46031,2.0420072544323418
46032,0.7061848985149837
46033,2.5217852370956706
46034,2.0789087361100798
46035,2.1392180337818516
46036,2.247651338089149
46037,0.5247641450321439
46038,2.875759518805083
46039,2.3515195539351055
46040,2.0585133793547783
46041,2.573392155902944
46042,2.866349428700076
46043,2.2017731170169625
46044,4.002546558171325
46045,2.597648070445615
46046,2.7444842440479036
46047,2.005317558914385
46048,2.03004600653464
46049,0.6767207206075909
46050,1.5560721218286346
46051,1.7969720505021485
46052,2.876401493661227
46053,1.7856603834647728
46054,1.998776175072841
46055,2.262968497689428
46056,1.4030732065408529
46057,2.789522025344681
46058,0.3552884664637972
46059,3.0119776064100066
46060,0.4255887357302015
46061,2.4360482217478534
46062,2.240709681218675
46063,2.648060094336394
46064,1.4656163304133827
46065,2.6565063139917555
46066,1.2843746593142527
46067,0.5506918348080632
46068,0.7472572517891791
46069,2.5871532294258657
46070,1.4621966607154349
46071,2.6367316316852154
46072,0.9427436998861225
46073,3.3872629125435125
46074,1.3224737785281349
46075,1.3470589224676601
46076,1.3257326693257383
46077,5.187135365700286
46078,1.9142893651257467
46079,2.5608565145032216
46080,1.8440493850869046
46081,0.9594384039698625
46082,1.4735679991148274
46083,1.8086258675604867
46084,1.8849148298187615
46085,2.0930218033917427
46086,1.5850842315227993
46087,1.977915111429155
46088,4.87377659660671
46089,2.577179824248809
46090,3.4431805952662558
46091,2.1793371811695934
46092,2.203719539098671
46093,1.4795689737711797
46094,2.6470928888178378
46095,0.34037691868878994
46096,1.4743427697244798
46097,2.055286305606586
46098,0.8885007102043971
46099,1.2967778440419337
46100,1.7315479018786846
46101,1.6496332971211913
46102,1.1066685269310952
46103,1.6313632357754386
46104,2.006096204920098
46105,2.098808961452349
46106,1.1241621240685404
46107,0.9685478997628465
46108,2.1721504849414757
46109,2.388459294639837
46110,3.0419137879209757
46111,0.4048292775099682
46112,2.2011921096150218
46113,1.9732027670503314
46114,0.974258911038838
46115,2.6196754836678053
46116,4.602749603447997
46117,2.0180223208063666
46118,3.049038245074371
46119,2.347557166918129
46120,2.5508635600396303
46121,1.9377762894063153
46122,1.699206097539502
46123,1.3186687068691398
46124,0.8024186245746776
46125,1.893584587323062
46126,3.1295069526670645
46127,1.8085086380843123
46128,0.6734197855288642
46129,3.531751063090738
46130,2.091817199851903
46131,2.6665431980111265
46132,1.2743488059484562
46133,2.3015324535453985
46134,4.129413863104482
46135,1.2560847249210099
46136,3.1258657015369167
46137,2.572364850929958
46138,1.578178242845972
46139,1.5552546505114933
46140,1.4562349713684952
46141,2.4361217134827626
46142,1.4845403510671389
46143,1.8926892638850532
46144,1.5289856642159947
46145,2.138657650751199
46146,0.6317209171539844
46147,2.0802364256819956
46148,2.2765235279330227
46149,2.675292903790087
46150,2.8523878572155326
46151,1.8296966167637692
46152,2.6947783048824476
46153,2.6822970137584505
46154,2.335791997326517
46155,1.5962700689642517
46156,2.421424430134252
46157,0.7168204500020039
46158,0.2660774992114696
46159,1.4006609736880051
46160,3.4207190298288666
46161,2.5064503580695785
46162,2.147582317382451
46163,2.158261301118081
46164,1.9544130140484697
46165,1.3878745021400505
46166,1.8842559770291984
46167,1.886246289161761
46168,2.5828055056718995
46169,2.0624793335629477
46170,1.3429994056304793
46171,2.0111093564528204
46172,2.795285778040082
46173,1.8965930486949034
46174,1.4917962711186235
46175,1.9157859987680794
46176,0.8468980606829177
46177,3.2349506065895994
46178,1.5361556925563988
46179,2.214810237384853
46180,2.956764315571867
46181,1.7891964334730872
46182,3.2463846310845526
46183,2.5106898472990125
46184,2.6269223481464294
46185,1.5480031081682313
46186,2.5082623935806296
46187,2.084380396879304
46188,1.7505911208999478
46189,0.10754625755284763
46190,1.597842186921973
46191,2.2872825922541153
46192,2.3483787257755253
46193,2.602339276638503
46194,2.1569393635118033
46195,3.25784279756499
46196,1.3019740981584391
46197,1.8968640254691422
46198,2.953336279290525
46199,2.45677862766928
46200,2.0028028978217236
46201,3.612508020789143
46202,2.756460671588556
46203,2.7731862092684594
46204,2.7529128909818184
46205,2.529878887998855
46206,2.2433375466697143
46207,2.2551806481618044
46208,1.9806871058399764
46209,1.730529757200543
46210,1.671038948896296
46211,1.6478802395083818
46212,1.6063977164422312
46213,2.086271491848194
46214,2.1035458884760985
46215,0.8687991452011445
46216,0.8273055846101158
46217,2.922130449563987
46218,2.8282594268384855
46219,1.1368816590979307
46220,2.709524068309854
46221,1.9564081981118733
46222,1.733499302357508
46223,1.1865503808586624
46224,1.761559077935118
46225,2.052763266839939
46226,2.0158120135436093
46227,2.3727085351372565
46228,3.1087476819968103
46229,1.4804422640269763
46230,4.344306867865683
46231,0.9381966830439339
46232,2.2901449075093225
46233,0.8538810844123361
46234,1.4975769518041275
46235,1.7340969599669052
46236,3.269453706390266
46237,2.3260117198182897
46238,2.017497254166379
46239,1.8290275907006048
46240,1.6184098315435094
46241,3.8693052478215435
46242,2.811824147304513
46243,0.8474728529371731
46244,1.8208159883050428
46245,1.3577796562410995
46246,1.8270392677273577
46247,3.7441847453328023
46248,1.919470181771132
46249,1.8416122597487075
46250,1.7771626057820242
46251,3.010694911703496
46252,1.638526948781248
46253,2.806684105547596
46254,1.3090602436040655
46255,2.6976649694294395
46256,2.8490023911965707
46257,1.7783233226574637
46258,3.2778006611474026
46259,1.1560433139301693
46260,0.7004634908729273
46261,1.4916412739481615
46262,2.8816404632533974
46263,2.169796251600097
46264,1.3126730980752939
46265,1.938263259632926
46266,2.0272580533035054
46267,2.354461540427451
46268,3.169727096057592
46269,0.8233951707862914
46270,2.801981769619836
46271,1.8320381482046812
46272,2.6971781690426297
46273,2.553959386014718
46274,2.205344434150888
46275,2.6165746094479303
46276,3.4127649585015902
46277,1.9681147187530357
46278,1.0887657513560498
46279,0.4767468087805966
46280,3.2089425455752405
46281,2.7472841118707336
46282,1.66800058835382
46283,1.84978430258181
46284,1.9686637985263005
46285,1.919751246769792
46286,1.8934565877073695
46287,2.097684986852414
46288,2.3636524077458176
46289,1.581289176492099
46290,2.3192941147008455
46291,2.232721061274624
46292,2.074146507804244
46293,1.8412560379215748
46294,2.324963289966682
46295,1.299265305789426
46296,1.9038904317197165
46297,2.2092988288411703
46298,2.0281964404068873
46299,2.6897833791721055
46300,2.514217877460041
46301,2.723619901887993
46302,2.3772103925706816
46303,2.2533573351955027
46304,2.1806019700715567
46305,2.5925228752431124
46306,2.1298579246190243
46307,1.920288331169985
46308,1.8066565597726623
46309,1.9218714369700294
46310,1.788290909592284
46311,2.4385081393749317
46312,0.9552659906059588
46313,1.202469423397197
46314,2.888066758226195
46315,2.935365709665014
46316,3.058463800320162
46317,3.3935589131835115
46318,2.285927998158286
46319,0.7789090366262457
46320,1.3414363764500905
46321,0.7137817657550087
46322,2.26539153264045
46323,2.5945050873400035
46324,0.5257613775360781
46325,2.314756410097452
46326,0.8111060050158514
46327,2.655516009521193
46328,2.0838361352104044
46329,3.461876190790349
46330,0.6870248838321089
46331,3.148613598833272
46332,1.886124195934812
46333,3.293532800490098
46334,2.248155361907706
46335,1.7574823732078855
46336,3.7603813341983567
46337,3.935503817078775
46338,2.5056049195497536
46339,3.4567905808712
46340,1.9288672925829218
46341,2.6231435655908015
46342,1.8220858070714883
46343,4.3080008978642255
46344,2.4523418205494423
46345,3.579441846695012
46346,0.6342499019348509
46347,1.1450338538564182
46348,2.1600026044250598
46349,1.7098624344499882
46350,1.4295542331933362
46351,1.9251594652377904
46352,1.6580837548373921
46353,2.1063195783978657
46354,1.7672263933302474
46355,1.6529635970952654
46356,1.1771200588022666
46357,2.683695975386307
46358,2.177860990058683
46359,1.2678732943678455
46360,0.9863644982596185
46361,2.0393271156872785
46362,1.3765580221411184
46363,2.4906122104439703
46364,2.8187429858660735
46365,1.0774742661766368
46366,1.2933605342837495
46367,0.7834894155798295
46368,3.222066580276703
46369,0.6533991629187668
46370,2.476404514809552
46371,0.8634439321232463
46372,1.4668586594075208
46373,1.929986815552006
46374,2.1099141607566025
46375,2.308936215217898
46376,2.389358874569936
46377,1.3080978339250677
46378,2.5081326790160077
46379,2.1287308169204664
46380,1.8370500298049848
46381,3.0393016698772612
46382,3.0344001630191357
46383,2.4234457501919024
46384,1.6993550905806103
46385,2.5798553190366675
46386,1.0917013119269114
46387,0.5038665925416979
46388,1.1084164477789074
46389,0.9154775411679879
46390,2.67481366736839
46391,3.634019227950823
46392,1.7533219064971135
46393,2.2336491612166824
46394,2.804690342405273
46395,0.7691298555791732
46396,1.112574465398147
46397,1.4782340817568809
46398,3.087718578306152
46399,0.6951529344875667
46400,4.246269842607795
46401,1.8488381945883745
46402,1.7243757576988799
46403,1.124467002322909
46404,1.5161296373228552
46405,2.990899717110679
46406,1.3453317904853819
46407,1.7625805627658337
46408,2.0477126185684753
46409,2.2326483264215824
46410,1.3673090637398744
46411,0.9078391971320343
46412,1.327916630660198
46413,1.9724624644579123
46414,1.9743101465222637
46415,0.6485669321826535
46416,3.0109084507766966
46417,2.227981902660467
46418,2.2611224579104245
46419,0.9299652738718365
46420,1.62914874910998
46421,1.1392915995050785
46422,3.12611342229593
46423,2.291114657045341
46424,2.024825808396905
46425,0.9920732027444004
46426,1.8382667794705014
46427,0.67106968307138
46428,1.3870257958208754
46429,0.8945118196166248
46430,2.109751358430991
46431,2.4479786147117295
46432,3.247095315505284
46433,2.40946839908392
46434,3.3354684796460248
46435,2.795171454382462
46436,1.0627359587319063
46437,1.749263551211527
46438,2.697066539358623
46439,1.6228962119743642
46440,2.6279069037618754
46441,2.8692593593202957
46442,4.200746969174652
46443,4.272626637670648
46444,1.9541606053545877
46445,1.4166890609138676
46446,2.1300330121682194
46447,2.569778527891991
46448,3.209491765105156
46449,2.491335719644667
46450,0.7665642316497667
46451,1.2485261572635835
46452,2.0112242141060506
46453,1.8059900343628001
46454,0.6295593094856571
46455,1.2143885072982314
46456,0.8222402368061168
46457,1.9361734161172848
46458,2.0380088895028265
46459,1.5018235688951123
46460,1.9151328949961837
46461,2.791319443267028
46462,1.9166415226958051
46463,1.576448839873592
46464,2.392708079602059
46465,2.5869925913915495
46466,-0.05151180927921217
46467,0.6315838380284262
46468,1.7358522630643805
46469,2.235962026573624
46470,1.2542049011743828
46471,1.2654261008940964
46472,0.5682765582829603
46473,3.4499406369376686
46474,1.860259687651272
46475,1.0357744335774086
46476,1.6196599533763987
46477,1.6331058110728662
46478,1.0925317582089846
46479,1.9975662027960155
46480,2.254901246743664
46481,3.231867992444478
46482,2.7922936197308488
46483,4.750036448846451
46484,2.204633129928972
46485,3.1593471768164036
46486,2.3874140682646328
46487,1.9117621858520337
46488,1.3374140890958373
46489,1.3534181154204177
46490,1.4829512126982038
46491,1.809785016785014
46492,3.0054082544085503
46493,1.7081741721950863
46494,2.72603556004961
46495,2.946766000802178
46496,1.4887034355956033
46497,1.1933281096618131
46498,3.4218418674625752
46499,1.7701867024729978
46500,3.8166270058342775
46501,0.880289884665352
46502,1.5646728346372853
46503,2.2039604471643415
46504,0.8904745376720058
46505,1.1157207580238904
46506,2.0125100436763574
46507,2.253069006568772
46508,0.6026072193058596
46509,1.063547853144712
46510,1.164889433159459
46511,4.684163517001046
46512,1.866937283382569
46513,1.5860072214444685
46514,1.4565326039728248
46515,1.6086295695586443
46516,2.4197592852746936
46517,1.8985017825638195
46518,1.74403272247325
46519,2.69592759449489
46520,2.2958993669020487
46521,1.9673222120420846
46522,2.653245914521861
46523,0.5451199018353705
46524,1.6020466512865852
46525,2.161449951980387
46526,2.5322391783336613
46527,3.6135806419786007
46528,1.5425641409055757
46529,1.6666737654129165
46530,1.0432066870676024
46531,2.726416860383125
46532,1.954101569932483
46533,3.943438870399305
46534,2.679283356210341
46535,4.615509625879611
46536,2.135728408426772
46537,1.3387859240817548
46538,2.0402643739577897
46539,2.517041378823393
46540,1.850301168318147
46541,1.7239325992416568
46542,2.3619522791128844
46543,1.3843173423741746
46544,1.1924317320238274
46545,1.7520153502509714
46546,1.8380693138539002
46547,1.5305742236944297
46548,2.0844590590593626
46549,2.3687176345695278
46550,1.2996176405164945
46551,2.530351475539703
46552,2.629314272941251
46553,1.9321122149815224
46554,2.6494215591834447
46555,3.7029584643502105
46556,2.0794500782057668
46557,0.9772595250732721
46558,1.3855389773247566
46559,2.8248062257217796
46560,2.0152050147982763
46561,0.5276061820774203
46562,1.0730690792908746
46563,0.827613548875398
46564,1.9497425506735198
46565,1.4826747248807877
46566,5.379419468262334
46567,2.6973465499133624
46568,2.10966131878606
46569,0.9951647240143515
46570,1.1179316861557425
46571,1.690504656605249
46572,1.875473784375906
46573,1.446117811832032
46574,2.9234659305572848
46575,2.4051824354397837
46576,1.7749498503720957
46577,2.5132147879210436
46578,2.0872140285692353
46579,1.9154174359291503
46580,0.8661009953437855
46581,0.7006015987268412
46582,1.7274394494723566
46583,2.828223292534169
46584,2.1132075728019757
46585,1.6015142214657558
46586,2.7047915690536968
46587,1.7675387273238456
46588,1.7825570441433314
46589,2.775494212705084
46590,1.006857069514865
46591,1.331100092134534
46592,1.71688521911328
46593,2.466640219369978
46594,2.1688161599926374
46595,2.6149531020228665
46596,1.7354630899105388
46597,0.5550325794219617
46598,1.2023319830777979
46599,1.3259494012480388
46600,1.236630320729624
46601,2.013261653964406
46602,1.116366433308393
46603,0.5659772327101749
46604,3.4761987376469747
46605,2.6199310510464784
46606,1.052074024285993
46607,1.8223641184050052
46608,1.7990179574567051
46609,1.6639847742029659
46610,0.6857505919656361
46611,2.1362264101015285
46612,2.3709208276396296
46613,1.7233390770684949
46614,1.5085829447170127
46615,2.6783097007305443
46616,0.7077271607491156
46617,1.1049988738781593
46618,0.9861262345879425
46619,1.6625280882582771
46620,3.129900827720597
46621,0.7347913792954586
46622,1.351002516585332
46623,2.363687208359565
46624,1.4853111616715609
46625,1.7002960972384074
46626,3.2695524854440663
46627,2.5257901302239034
46628,1.531289746675533
46629,2.2523095206888897
46630,2.60277789613626
46631,1.3620042579354532
46632,1.9319175069378716
46633,3.0659584315212314
46634,2.3348832099326984
46635,2.488347037377956
46636,2.560750649036528
46637,0.8113858207896598
46638,3.6660798179165397
46639,1.0893662728592943
46640,2.8223939839393637
46641,3.314562218067856
46642,1.301807218306294
46643,2.3647565266583754
46644,1.190605441173922
46645,1.4894968704665956
46646,1.0503621996342218
46647,2.2693481966281794
46648,1.6335970997375284
46649,1.7363479462250169
46650,1.7622304280484045
46651,1.8974995206799932
46652,1.1027896757651376
46653,1.159795599043683
46654,0.8120014718602278
46655,0.8232450168663803
46656,3.285892884833629
46657,1.7950349342531808
46658,2.726534575421681
46659,2.201616815050187
46660,3.2435694677376716
46661,3.365218236160672
46662,1.8301356691568529
46663,1.8409004768888764
46664,1.4339414071679997
46665,1.9386702382271324
46666,3.0775159365343825
46667,2.92117089230247
46668,1.051178541843484
46669,2.890328983661597
46670,3.2427589309618554
46671,4.063370331033568
46672,1.4175928511388918
46673,1.6042278085179404
46674,3.233170966246547
46675,1.518180862538692
46676,6.175853248102683
46677,1.9566818685094063
46678,1.3925160307741251
46679,2.0664196564063033
46680,1.6110929449312295
46681,1.0273779125322875
46682,1.400709871759318
46683,2.981350262300353
46684,2.9834723925061297
46685,1.566401346717356
46686,2.586184023872967
46687,2.369113831581693
46688,2.4649097324613507
46689,4.427105727462674
46690,3.2624244538233427
46691,2.535750457381205
46692,2.6457779512600013
46693,2.8913058499032687
46694,1.9757400438710633
46695,2.1355286701031204
46696,1.943664381068345
46697,1.4912417668555449
46698,2.503856683377009
46699,2.1465927659474886
46700,1.8716162319229994
46701,1.2330080987156364
46702,2.6002604802011575
46703,1.425164237257917
46704,2.8090854297871672
46705,1.535590738379831
46706,1.0648357048757262
46707,2.907386768374053
46708,3.4315592390663383
46709,3.0454901990909136
46710,1.7216748534968502
46711,2.0069155446204476
46712,2.1158516703012964
46713,1.6305320706691262
46714,3.285972098760084
46715,2.3187384879269644
46716,0.6624867729578909
46717,1.2692626213046552
46718,4.304014275450605
46719,1.9934918447896237
46720,1.65563685459081
46721,2.4362780713286227
46722,1.920161616812294
46723,2.523112235119946
46724,1.4747363831382216
46725,1.8871456993212021
46726,1.1691064382368381
46727,2.516230766929766
46728,2.6805291437077727
46729,1.5423333259486967
46730,2.6365987774399144
46731,2.0887154119209583
46732,3.1874417161615085
46733,1.4061634754793673
46734,1.0990787555805852
46735,1.5521175930375364
46736,2.023327447864574
46737,7.013783934495095
46738,1.2685199950743993
46739,2.394449843264894
46740,2.2542012113475636
46741,1.7957657483860174
46742,0.7747244244220539
46743,1.6298364960022766
46744,2.2479789300627218
46745,2.8144459679664635
46746,1.772560441208924
46747,2.474874888078297
46748,2.1445629151488035
46749,1.439567227770496
46750,0.8503738083586612
46751,3.281759195022019
46752,1.0152761378061115
46753,1.9555741640073094
46754,2.0005399603083376
46755,0.6177442486492382
46756,0.8682443249130927
46757,2.0455828391549673
46758,1.3137557689800161
46759,2.495256260966201
46760,2.3509626008666515
46761,2.062111078807284
46762,1.6984280900017978
46763,2.8184459794104697
46764,1.4175003257119982
46765,1.4288161450183097
46766,4.210836403782054
46767,2.3856090605819134
46768,2.2815461729945596
46769,1.7288405883361477
46770,1.7718286368904472
46771,2.4781760170172333
46772,2.496545112003666
46773,3.3930209154715314
46774,2.6300422823401135
46775,4.261381351493739
46776,4.1239875423216645
46777,0.7475177925962058
46778,2.378755768770951
46779,4.324358498849982
46780,1.8138374955965872
46781,1.2558047004206827
46782,1.7619712597248665
46783,1.4079435656391297
46784,1.7544731775116205
46785,1.4501546522795223
46786,2.122616081495714
46787,6.501103792915714
46788,1.5093671439320673
46789,2.4113001836566355
46790,2.4277467946534514
46791,1.9741673188132935
46792,1.7001944564655247
46793,1.562523551625283
46794,1.6426999396834177
46795,2.316751778539789
46796,1.711383194540204
46797,0.8380587122447309
46798,2.9043688183527507
46799,1.8619862471902948
46800,2.0276143391776387
46801,3.1046489554577477
46802,1.1956120669734176
46803,2.167654176056679
46804,2.470458759316422
46805,3.4532033470145507
46806,2.474160530782214
46807,0.6048574811023144
46808,1.1768353828738611
46809,0.31445467861190934
46810,1.266574508758012
46811,2.6835107264111855
46812,2.252207709448541
46813,0.35387455198407736
46814,0.8107686494630855
46815,2.5774175678201914
46816,2.223117353949739
46817,2.323112999973823
46818,2.1186016022824035
46819,1.9030414948537597
46820,2.176165611965942
46821,3.3294891785155514
46822,1.6819216163648676
46823,0.7741031149097353
46824,2.355225680948436
46825,3.1053583841738117
46826,2.1628552908763155
46827,2.3098313565878783
46828,2.5059335950022046
46829,2.3116201471171465
46830,2.2205311208958918
46831,2.445385821579279
46832,1.8871394082471866
46833,2.0849648884790355
46834,2.460972636887753
46835,3.4001245354633625
46836,1.5764525978449484
46837,2.036592355673264
46838,2.1190835215913992
46839,2.8209921706636223
46840,1.927934545464609
46841,1.8106644712585407
46842,0.7578858505972903
46843,2.1956782069058107
46844,1.1797428605822802
46845,1.9769498526471736
46846,4.1113199781031895
46847,1.1714165405729773
46848,3.0715134659672856
46849,1.0493994913753468
46850,3.0333574004725747
46851,3.8870564646775208
46852,2.186261407561865
46853,1.0297168657516664
46854,1.4867379952697064
46855,0.4840247932599553
46856,1.4764808385404677
46857,1.5119659008092725
46858,2.507516320375238
46859,0.4667091144187623
46860,0.9807849298559006
46861,2.298446403857966
46862,3.1674523689335103
46863,0.6480930175742827
46864,2.4474648779810764
46865,1.7453948034187334
46866,2.0475781169635354
46867,2.191179428454909
46868,3.5245869783262336
46869,2.170244455997839
46870,3.041940567484211
46871,1.8695839845661766
46872,1.6186936261718188
46873,1.6804011343082266
46874,-0.21810003988260007
46875,2.020784088078287
46876,3.6442579000664495
46877,1.2852635613612406
46878,1.9905375045350482
46879,1.9523096273720952
46880,2.7234176190756116
46881,3.2199858539150625
46882,1.6438982825239634
46883,0.7034920885284208
46884,2.6962434467757177
46885,2.014923081479587
46886,2.3072587256460295
46887,1.7761355775105656
46888,1.3434091739840568
46889,1.905976463929754
46890,2.255525388330362
46891,1.1130056151907297
46892,1.0808726753708768
46893,2.587408184186394
46894,2.036001628769739
46895,1.5725692945097904
46896,1.0037801264759807
46897,2.02861948217533
46898,1.259433455542208
46899,4.375210784946987
46900,2.872144235040345
46901,1.5289412746752618
46902,0.8868199674060406
46903,2.973509766199946
46904,2.129171771514528
46905,3.0405824192975643
46906,1.2310781372065875
46907,0.5674334196110493
46908,2.409597965184169
46909,1.3007228318733866
46910,2.838281328724335
46911,3.418995951922689
46912,2.5487221349249722
46913,3.0847412789346578
46914,1.0210217853008814
46915,2.2694181781654095
46916,1.6708253315371309
46917,0.9678589835751694
46918,3.8372473687986925
46919,1.867194789272851
46920,0.8741100366535406
46921,4.198009968292162
46922,2.2547066028350926
46923,2.6548914533257744
46924,5.649077143063749
46925,2.360092899492905
46926,2.317223266377958
46927,2.5417786209920763
46928,1.9542428541448444
46929,2.358401763425036
46930,1.2421243470511456
46931,1.1689614712485437
46932,1.2571255485278314
46933,2.5788560249882835
46934,2.739517355960963
46935,1.8774111218023606
46936,1.6309546423599528
46937,2.4196922644054766
46938,1.2491015227829507
46939,2.2341299422053424
46940,2.7830456183421006
46941,1.2676678054492143
46942,1.61204420729689
46943,1.4029888813477527
46944,1.750087301160839
46945,1.9938886675797747
46946,2.0723640639986485
46947,1.7253774598835463
46948,1.7061211877209885
46949,1.23042637356167
46950,1.5815609720323707
46951,2.9401029790319626
46952,2.0685466977389027
46953,1.6332271239628753
46954,0.9835177779266857
46955,2.637376047079705
46956,3.0443151508458826
46957,2.3439406691752964
46958,2.2103728740876107
46959,3.4967845059053033
46960,3.5651149278671923
46961,1.8499740028648688
46962,0.7365027454450015
46963,2.168660591661741
46964,2.310804834884891
46965,3.812565020733743
46966,1.8074222334671006
46967,1.572487725414362
46968,1.782106440927059
46969,2.838003075637424
46970,2.3340453897749995
46971,0.9604700178643029
46972,0.7159224713707744
46973,0.7734263295587098
46974,2.56445166308923
46975,1.4427386820261816
46976,1.8420023507862808
46977,2.208426800654159
46978,1.7244298969374725
46979,1.4551395752636793
46980,0.834741838283982
46981,2.1127685267100986
46982,2.6603949513257135
46983,1.8542617939417099
46984,2.1109094311395253
46985,1.6581420233162731
46986,2.426744502178707
46987,2.369905672310672
46988,2.8764788453464902
46989,2.029562217178416
46990,3.0372277514001382
46991,2.3722078877730297
46992,1.6355427910504474
46993,2.217385320215378
46994,1.6585139753956497
46995,1.0219595268101358
46996,1.945130480441506
46997,3.6117221666489456
46998,2.323643951786373
46999,3.182462197801229
47000,3.1599815051111193
47001,1.7407492343546807
47002,1.860607205661637
47003,2.1534665620660647
47004,3.101299799999005
47005,0.7720506535721228
47006,2.74932175409608
47007,4.931122520888472
47008,1.2189952451639527
47009,0.7039933557898692
47010,2.8210136984590477
47011,1.7112948986897507
47012,3.034801563159988
47013,0.9664425330127102
47014,2.063307531899099
47015,2.879076042752729
47016,1.8184334144879983
47017,2.098751211200508
47018,1.8831694467936302
47019,1.9717542726063328
47020,1.4415956213282044
47021,1.9709123257841341
47022,2.7615161435983566
47023,1.3524539241060012
47024,3.431019804292916
47025,1.8653932100630755
47026,2.211586304732691
47027,2.4089150269567767
47028,1.925693970347325
47029,1.963011903922336
47030,3.3365953306627674
47031,0.8083173949888902
47032,2.4324533223730143
47033,3.4635510530968787
47034,0.8942459231257089
47035,2.529068282641603
47036,2.4742599631496844
47037,0.9899892620278905
47038,1.5492749167337365
47039,1.312696528062368
47040,0.8374787437756055
47041,3.1789317676281854
47042,1.0518948966338613
47043,2.494517475854906
47044,2.362470298772706
47045,0.8809982786657571
47046,2.0273299921769308
47047,2.236594648192998
47048,1.1491571228734685
47049,0.28720326530606854
47050,2.2605309887035645
47051,1.115792450595741
47052,0.7993220097043974
47053,1.9445699380384056
47054,2.82202783419671
47055,3.344372926030772
47056,1.7358373222489831
47057,0.9669842832470508
47058,2.4553299083056572
47059,2.1809810278838526
47060,1.8822147492649464
47061,2.0747678107283107
47062,1.849436882470549
47063,2.3041416307837466
47064,1.5802976514527245
47065,2.3952666848292097
47066,2.6947502896886206
47067,2.2978417812066994
47068,2.316758386904766
47069,2.996148748884764
47070,0.5161791135768397
47071,1.1570228586270517
47072,1.5767201552092374
47073,3.1880272855800627
47074,2.259199033785336
47075,2.4662539664934258
47076,2.233222004320382
47077,1.5879347677812135
47078,2.087439630875359
47079,1.8834781483405791
47080,1.9450482748256661
47081,1.6899801002407457
47082,1.4047571363689855
47083,1.9669685121572655
47084,2.0752340586458473
47085,1.320705588577006
47086,2.864909411418253
47087,1.9500189607477694
47088,2.26317017353432
47089,2.5179524304706504
47090,2.329513628788888
47091,2.1589110301412617
47092,1.6263341666565267
47093,1.6816108376448753
47094,3.7697535137318283
47095,1.840769541839201
47096,2.015487673336203
47097,2.889882114930124
47098,1.3588499144298396
47099,2.0505422730772267
47100,1.4936531390081385
47101,2.6067625658953517
47102,0.8895412400803764
47103,0.8304268898670415
47104,1.577689159912758
47105,3.191138036607086
47106,1.8587475763417771
47107,2.254620041330895
47108,1.5620253564752389
47109,2.077772006910891
47110,2.737148125048755
47111,1.3079139043213672
47112,2.053014565665805
47113,3.7868896243327583
47114,0.7145521975310274
47115,1.2964923853047239
47116,2.987636490802828
47117,2.705400764274792
47118,1.4021997262846568
47119,1.8632947236021025
47120,2.2805011416548027
47121,1.6030136336405008
47122,3.7298072752607183
47123,1.5396700918147843
47124,4.921524762795599
47125,1.4006943454010994
47126,1.908769158791081
47127,2.4692229319592656
47128,1.0405779022652055
47129,2.0885696634822324
47130,0.6899106550881982
47131,2.077153815186051
47132,1.7705141161367735
47133,2.8259658246233315
47134,1.1286432129944401
47135,2.8777619366062055
47136,2.1651782123469587
47137,2.5043781429231373
47138,1.9982006949343472
47139,1.9696638768336285
47140,1.804911182950022
47141,1.2042046453006776
47142,2.896722454539699
47143,0.5060288169382403
47144,0.8193450563976299
47145,0.8814878453693211
47146,1.0411769867830003
47147,2.1140475255783784
47148,1.752624222697932
47149,2.0717716593305937
47150,1.418722981188985
47151,1.829048889896967
47152,1.2132886752468437
47153,1.2616448287482669
47154,3.028227311636712
47155,2.7253781195476634
47156,3.4000297038990865
47157,2.0264430321236446
47158,0.8614426783529012
47159,2.174300359669054
47160,3.408275621453228
47161,1.8906682382480895
47162,1.1067765354422647
47163,2.496560324321486
47164,1.6222365591816157
47165,0.9830680329597357
47166,1.5159800148402027
47167,1.591927824472961
47168,3.2557066433723563
47169,2.181666466377372
47170,2.394671716564183
47171,1.936709166668102
47172,1.8656830564973248
47173,2.185801223712666
47174,3.2666677954107186
47175,2.738197682790748
47176,2.0043096186192173
47177,0.33015433850185616
47178,1.1323090768463757
47179,1.7903625585149072
47180,1.4015647362108012
47181,2.2362448890317594
47182,1.2547759906305203
47183,1.7211318666424162
47184,0.730016672033706
47185,1.074934538584479
47186,1.2147827859066282
47187,2.35224629314051
47188,0.9773638502758146
47189,1.472896675753752
47190,1.9941757401173064
47191,1.2931624750230597
47192,1.599977440833193
47193,0.5432811749182207
47194,2.641994070564735
47195,0.8970307592059257
47196,2.14055984419592
47197,0.9629383060519672
47198,2.6455004491624834
47199,2.4754301576063966
47200,2.2940622243649287
47201,2.1380492474249664
47202,6.798645355293658
47203,2.9245124553772897
47204,1.8131196598080734
47205,2.6010698809743147
47206,2.1904992168242856
47207,2.8698340451090303
47208,1.829124999640655
47209,3.2515632384089557
47210,3.443945658078384
47211,1.9422269190477834
47212,1.7961860642765402
47213,2.0425339240245393
47214,2.551193060333297
47215,1.8261056697313975
47216,1.5440896205454848
47217,1.8321293893016986
47218,1.3245045411542407
47219,2.440801681278515
47220,1.7846733541382704
47221,1.9809955690771943
47222,2.195094816449533
47223,1.7169996810429566
47224,1.3099100366366372
47225,1.956634268886802
47226,1.3071870639831928
47227,1.8671161965265455
47228,1.6536091085276539
47229,2.3408529087856564
47230,2.1932486531742867
47231,2.7103624868128335
47232,2.2037699743933388
47233,0.33747699137462916
47234,1.6223702715559511
47235,1.751668463483469
47236,2.0588656359499495
47237,1.5521943424307523
47238,2.5019481688917296
47239,2.203575318639487
47240,0.755952481301648
47241,0.6011563853940558
47242,3.08510877882852
47243,2.498494869530532
47244,1.67564836394844
47245,1.6783140782292847
47246,1.36342502813919
47247,1.5031562424181928
47248,2.943329632713521
47249,1.9643280035090669
47250,2.438402401570947
47251,2.4326882761674966
47252,3.416997235936819
47253,1.3730156281376296
47254,1.4740809585518733
47255,2.34270556039845
47256,1.4054678275238004
47257,1.9669345649152135
47258,2.5634556164031324
47259,2.522102855370221
47260,1.9520500263471234
47261,1.8905405749157183
47262,1.7366547094777616
47263,2.7367346788588947
47264,1.2993816295978249
47265,1.7989555280563394
47266,2.1773181560474555
47267,2.705879690839808
47268,1.5563731414715605
47269,1.42346212886347
47270,2.942302115706923
47271,0.9981516485278306
47272,2.639985677795444
47273,1.1381557445864203
47274,2.7364512540013948
47275,1.0587685619955707
47276,2.289389566140862
47277,1.6474702577192772
47278,1.712582495507796
47279,1.5152349755118308
47280,2.3374197712765152
47281,1.5420776116270005
47282,0.8313087100057359
47283,2.612182831690106
47284,1.1768742317452237
47285,2.655021091124624
47286,1.6715935050732682
47287,2.3671079636784356
47288,2.6536817114421254
47289,2.803994021537079
47290,2.237128503953336
47291,1.805052767120273
47292,3.2563381117899937
47293,0.9110129904489241
47294,1.6028757759449732
47295,2.1594698338192657
47296,1.9695914511609658
47297,0.9791317158921515
47298,3.1268457190344066
47299,2.3292885460916466
47300,0.568581615619216
47301,2.3688403745465934
47302,1.845593365762248
47303,1.624996210813336
47304,2.7051554542977243
47305,1.8532243599705822
47306,1.3004979774317178
47307,3.364183769935508
47308,2.808874779096577
47309,1.9987282068818857
47310,2.037433259579551
47311,0.9519344779523848
47312,2.810462377239375
47313,1.5010154966934905
47314,1.4385356898867556
47315,2.044301022204415
47316,2.5415382917101255
47317,1.481086638158466
47318,0.7217349050858743
47319,3.007913563404486
47320,2.5415957209263027
47321,3.193448704632388
47322,4.28873078235803
47323,2.4106306013131586
47324,3.001313403742728
47325,2.0291513267726273
47326,2.524527410760861
47327,1.4381049225634328
47328,1.8871911928772036
47329,2.5529408098078434
47330,2.729419340753445
47331,2.3513325079303016
47332,2.7387624208596293
47333,2.55150029196259
47334,7.482063775004669
47335,1.329096216948514
47336,1.8958549141105365
47337,2.3714827254076596
47338,1.4704321494234094
47339,2.3974137296259883
47340,1.823932677536547
47341,1.7882237047944969
47342,1.3998959180612331
47343,1.6198602583477708
47344,1.2608351144805852
47345,1.1988324487328157
47346,2.1209233159879446
47347,1.456989307786266
47348,1.3409789550697653
47349,3.073595693010958
47350,1.8437829438435145
47351,1.1930728394834702
47352,2.0532385046591273
47353,1.7431628228300724
47354,2.8557502095201315
47355,2.803220344941167
47356,1.2900348021003438
47357,2.4056467797539867
47358,3.560295423736882
47359,0.9909090168586019
47360,2.9559042743364756
47361,1.163738913673697
47362,0.5486899617473568
47363,3.560671015526097
47364,1.9190099991132712
47365,1.6853511317975247
47366,2.1554616758461975
47367,2.5017960208431234
47368,1.7040815646434098
47369,1.7423897323778945
47370,2.282731640803874
47371,1.0439069953473563
47372,1.2280969080870747
47373,1.4934821876847835
47374,1.592070143750007
47375,2.493014253776657
47376,1.8373691786609783
47377,2.027567143754851
47378,3.7184046547361618
47379,2.276145874193496
47380,2.218858704073078
47381,0.8822227255958524
47382,1.6503949026605795
47383,2.4220836150059952
47384,5.456575753510265
47385,0.6023767456622267
47386,0.5005841128380624
47387,1.4996340096011025
47388,1.7074053958586646
47389,1.717258167422962
47390,1.7621220012326262
47391,3.8091400494587404
47392,1.5591339019697799
47393,1.918286721646929
47394,1.861911991993587
47395,2.53846066966166
47396,2.6976091422736985
47397,4.577689680434865
47398,2.8349381328655525
47399,1.7526317254967623
47400,2.1644904044942876
47401,1.2960353713260062
47402,3.043444836127179
47403,2.266245320693969
47404,2.6282815970341176
47405,2.35558503624398
47406,1.0738135539556168
47407,2.427459205402279
47408,0.27533362606772727
47409,2.5402146490648434
47410,1.0961275307072214
47411,2.101651705003839
47412,1.6788211669098914
47413,3.5111809377203897
47414,2.504899818014536
47415,1.8905410569317027
47416,2.007585664129465
47417,0.5281610618981532
47418,2.1845266361460887
47419,1.0907009990913892
47420,2.068976253566909
47421,2.646453561863275
47422,3.386043730314384
47423,1.0773914442305141
47424,2.0769809669658343
47425,1.6882705728785083
47426,1.9259347430845182
47427,2.9345821127518334
47428,1.5633678818499632
47429,2.246995613852853
47430,2.0200915527444465
47431,2.160187498233654
47432,1.6702202552637004
47433,3.213372974922869
47434,1.8352011867853903
47435,2.2446600346407166
47436,3.0349711096473655
47437,2.0988878021311663
47438,3.4790525132741053
47439,2.177901512301702
47440,2.2226407065674465
47441,1.1085204046462138
47442,2.842529033075408
47443,1.7144949590936278
47444,0.8241800698334458
47445,3.8701943581576614
47446,1.8607025583325054
47447,1.1950896619631735
47448,1.5780691667431697
47449,4.272545480978998
47450,2.912848024397249
47451,1.3895338728824527
47452,1.2518472130313967
47453,1.4208490438608692
47454,2.2338177444497234
47455,2.714249983120631
47456,1.962211446711322
47457,1.5801481132210995
47458,1.3908267838871708
47459,1.9560958479567887
47460,0.11315016774543807
47461,2.1785171911021877
47462,1.0434102166173602
47463,2.593256189018142
47464,2.833581180880941
47465,2.6711602566123247
47466,2.3824553313994414
47467,1.8371555852340506
47468,1.9126651766965992
47469,3.459424104312923
47470,0.8567895707764563
47471,1.9026120969130034
47472,1.4677087776790572
47473,2.032471135709784
47474,2.4816839272430613
47475,2.328868173961091
47476,6.216609823346104
47477,2.6604879147600258
47478,1.8467259278311872
47479,1.6084793841592173
47480,2.8188077090169585
47481,0.9713858566099773
47482,2.018568822401825
47483,3.3194833466661606
47484,1.98682085627118
47485,2.0485582647811356
47486,1.910297485412869
47487,2.1319828947508057
47488,0.8588365153151472
47489,1.540987922719708
47490,3.1463378524597516
47491,0.4182348890662908
47492,1.62940722960181
47493,2.1784637460500633
47494,1.9790928074803773
47495,2.5901080904668987
47496,1.9539815979411301
47497,2.478152390222526
47498,2.142969735372347
47499,1.8289595241053433
47500,1.99691489274241
47501,1.1982810955801924
47502,2.7102814145485326
47503,1.7862272126899583
47504,2.2919855688886415
47505,2.1959970149154984
47506,1.020702421646483
47507,1.7249977404684174
47508,2.1492883429195118
47509,1.7141422806785869
47510,1.8719538107093285
47511,1.7933140996049204
47512,2.5603449545834565
47513,2.539731302529738
47514,0.8835394559734979
47515,1.1552655557480733
47516,1.120412742994425
47517,3.8472970928831813
47518,2.85019888301391
47519,1.5013861534300048
47520,-0.7270063013319685
47521,1.6411125368194348
47522,2.106359987121344
47523,2.9755642912591753
47524,2.2209582417015383
47525,2.3524087967302236
47526,1.2143815248434393
47527,2.295292913361699
47528,2.0011804375528683
47529,2.5019585482627136
47530,1.744956607701262
47531,2.0242273385770204
47532,1.9114125393788228
47533,2.3388676002793076
47534,2.081501392161975
47535,2.742460091120755
47536,1.7140902670333773
47537,3.4328805071861623
47538,4.907326437732181
47539,2.06015504992088
47540,2.513965962547317
47541,3.035678020235018
47542,0.7958540931756488
47543,1.8552996831003767
47544,2.471157440064438
47545,2.423498866118649
47546,1.939317198774006
47547,2.214011987254324
47548,1.754946175717933
47549,3.6243581001386147
47550,2.6888353868311796
47551,2.48740489157543
47552,1.4639445261950783
47553,3.0072487795909026
47554,1.14439428409068
47555,1.9186836984396365
47556,2.6309477363263554
47557,2.8948737321928633
47558,2.377254056867592
47559,2.1617929982620794
47560,2.281121170224644
47561,2.9563130066266723
47562,0.9812624566817618
47563,1.7994278346032786
47564,3.1700751149652007
47565,0.9279276255761815
47566,3.5199574074256788
47567,2.459204496073312
47568,2.9781734652666927
47569,1.7939133642801934
47570,2.8044223457484705
47571,0.8843349434599332
47572,1.2443360718089878
47573,2.4731451580816426
47574,1.6128889339970556
47575,2.5444233465470987
47576,1.7099038062003586
47577,1.5928865414156448
47578,2.2544005909929723
47579,2.370951554430377
47580,0.8553517961658272
47581,2.595699312558814
47582,2.065948378440396
47583,2.1760264087687986
47584,0.8321568057215742
47585,0.3416077908218398
47586,3.1119216067723556
47587,2.34735975131904
47588,1.8776769676916274
47589,1.3465564820587232
47590,1.2797131319068669
47591,2.5683241768128653
47592,3.3490291849827116
47593,2.805272721706828
47594,2.900328776987756
47595,2.5014713896334797
47596,1.670026947078533
47597,1.8239806273766916
47598,1.336593355248901
47599,3.0173612430215044
47600,2.4499437795467145
47601,2.153058315213599
47602,2.52290379213958
47603,1.6939362829080125
47604,2.750593679020362
47605,1.8418793450718098
47606,1.2606321926710393
47607,0.8382248704697162
47608,2.4408618995325995
47609,2.259032655550868
47610,2.027086032844302
47611,2.3505531908893644
47612,1.313512750578191
47613,3.3511037214640567
47614,2.542909096888451
47615,2.429884569096288
47616,3.9490449591946515
47617,2.832329959367023
47618,1.6668295876560464
47619,2.136456803818376
47620,1.760214043412347
47621,1.4740099666208337
47622,2.5516452266522904
47623,1.9833499274171729
47624,2.7815411084263317
47625,3.7712148918470305
47626,0.7890933507957385
47627,2.6037337205560647
47628,1.880414561712037
47629,2.830557112794807
47630,1.4206276818765744
47631,3.76409493145362
47632,2.5007604068336917
47633,3.2366539826444978
47634,1.9891643533205041
47635,1.8938263653308454
47636,0.6877511986404699
47637,0.6462939204144931
47638,2.5391801780243597
47639,2.1216272188985315
47640,2.7933989365875718
47641,1.9384814868225675
47642,1.8631176969848653
47643,3.3870391227129915
47644,1.0702712828182825
47645,1.5796681297195931
47646,2.1811594585176763
47647,2.6217871347117594
47648,2.566867472032854
47649,1.650974171646375
47650,1.6954410861989402
47651,2.26841942680273
47652,1.115854419651086
47653,1.5248101248780728
47654,1.3328869592388344
47655,2.5040223279174114
47656,2.203380245796474
47657,1.9172939177882498
47658,2.8330516786101825
47659,1.8379066308267227
47660,3.965962379306646
47661,1.4310380590338454
47662,1.9962166074216512
47663,0.7822608855587987
47664,2.684962073084378
47665,1.9731996865233583
47666,2.545871942990587
47667,2.4666818849926244
47668,2.3618996532689636
47669,1.50052469674862
47670,2.7022872150523938
47671,1.931341349484157
47672,1.9211693355868462
47673,2.5336659284887943
47674,1.5245956127736875
47675,1.073819127201034
47676,3.0807126018548203
47677,1.0673176342151862
47678,2.308310516482095
47679,2.960830379267769
47680,1.7839596266128979
47681,2.285483050297657
47682,1.263903983941013
47683,1.7710338532089196
47684,2.617254705382827
47685,1.1716965736776714
47686,2.1670998818280154
47687,1.680028144131235
47688,2.005532533748976
47689,2.4546223868400574
47690,2.369514197420223
47691,2.114186308764012
47692,1.9285128172942123
47693,2.0269771347594556
47694,1.5839718953717963
47695,0.6872492057610131
47696,0.921745380359198
47697,0.14254989895408698
47698,2.02201516078415
47699,1.0564147573295202
47700,1.6881412460606455
47701,1.15829428328599
47702,5.764867516332764
47703,2.9089260904474585
47704,2.0629919076024947
47705,0.9069044290024877
47706,1.6483941767158399
47707,1.8670479207620403
47708,2.5586360394731145
47709,1.659585684393413
47710,1.9726738869672076
47711,1.3256344305538903
47712,0.8989717764528962
47713,0.5727105747173127
47714,2.3081508438119798
47715,2.592950148267647
47716,3.214877311093794
47717,1.7027182566448715
47718,1.7493389753177482
47719,1.6882544165292757
47720,1.7922181223423124
47721,3.354222428512557
47722,1.748285827192582
47723,2.4940900883039347
47724,2.860901150114117
47725,1.196145316256775
47726,1.4308020197160118
47727,2.079512572811126
47728,0.8596001108193079
47729,2.6014182270514254
47730,4.926620509338441
47731,2.3535984969709958
47732,2.9523751868915795
47733,2.079568802580674
47734,2.736602885270443
47735,2.1233445703931224
47736,3.295329346826307
47737,2.4064010464796297
47738,2.5113404433958237
47739,1.1896814657346795
47740,2.123927271416555
47741,2.130447514279787
47742,2.4147998455376936
47743,3.560892233363248
47744,1.0454235085366577
47745,2.1158078895291936
47746,2.652177363777419
47747,1.2081807131262536
47748,2.5448379232121354
47749,3.033524202030492
47750,2.2641966251305305
47751,2.336889072090365
47752,1.9283850716777025
47753,2.40952970023865
47754,2.7092007434557956
47755,3.379033830153091
47756,1.6151666952000383
47757,2.0008389814031915
47758,1.916477382119325
47759,1.760087073672402
47760,2.4623407990051476
47761,1.2764105896674067
47762,1.4666235574716353
47763,1.464926642520382
47764,1.6638167894219151
47765,2.389884653727762
47766,2.2514353623656405
47767,2.074938638139045
47768,2.3202390697326294
47769,2.018257418999717
47770,2.5081892123172125
47771,3.830266960620051
47772,2.049174519792466
47773,1.8299975194812959
47774,2.664165076520952
47775,1.4850831464154979
47776,0.618193049308374
47777,1.2225617986452022
47778,3.3082493645414814
47779,2.1264273104011266
47780,1.479826542556033
47781,1.1153057640576947
47782,1.2820250116469083
47783,2.86804476226348
47784,2.721449638471938
47785,3.4106265516416343
47786,2.998815512337522
47787,1.9813464988153058
47788,2.283853778804108
47789,2.542857983358978
47790,1.0591316915469093
47791,2.928213936604898
47792,0.44135737783745554
47793,1.21670431833045
47794,2.7964848346336026
47795,2.4658348522721667
47796,1.5997366028484947
47797,2.711998970316941
47798,0.8628229145653066
47799,1.5232893058834591
47800,1.7431113943564256
47801,3.8124807822557685
47802,3.729820521028657
47803,0.8696832052842751
47804,1.5266707933837225
47805,2.436074011026193
47806,1.3513384291287593
47807,1.8913115294590312
47808,1.4718539426546045
47809,3.4184128949543506
47810,2.0629764840832934
47811,2.466091095881211
47812,2.0076498893628667
47813,2.145759110316348
47814,1.2594708740017921
47815,0.5193038245856343
47816,2.0821413728521065
47817,1.6948889024006277
47818,1.734545729595439
47819,1.5159951960217413
47820,1.8702369754983579
47821,2.921356987763211
47822,1.951252792791287
47823,3.1213506547789933
47824,1.0697486801124185
47825,1.8031123858933569
47826,2.025043143518637
47827,2.5126419928554355
47828,2.40440636377636
47829,6.215945261727249
47830,1.5812425820173743
47831,1.513945636141358
47832,2.925698948682225
47833,2.532122674892335
47834,0.9458611322964074
47835,1.752866667372686
47836,1.3223468735735295
47837,1.8904169230599308
47838,0.8765001055780317
47839,2.0454942636188562
47840,1.5316191432860151
47841,2.650782578512718
47842,2.0167303220330624
47843,1.5720753769725917
47844,1.4158740805314523
47845,1.671397165398858
47846,1.7754801016063624
47847,1.8721237151271453
47848,2.4220498797225503
47849,2.107915768007956
47850,0.6331525141447258
47851,0.6632491273765098
47852,2.9066373178996017
47853,1.0369391490826203
47854,2.7964557492844477
47855,2.818260906346069
47856,1.890227556640511
47857,3.2922726530605573
47858,2.476903216750742
47859,4.460186601814286
47860,2.0138694904272896
47861,3.2323534646372636
47862,2.663993183028076
47863,3.5103035160611284
47864,0.6425661895062689
47865,1.533746784006503
47866,1.8011119264688347
47867,2.7685227613755856
47868,1.81024375228845
47869,2.395219250942411
47870,1.0472442384679255
47871,2.5294177850427104
47872,1.9646260808817217
47873,1.2667456978320004
47874,1.42981720766047
47875,0.8465755626889475
47876,3.0138449267459464
47877,1.5016355081752124
47878,1.580637297443623
47879,3.680439762814572
47880,0.7901756169434009
47881,1.758378511142297
47882,1.7455112132404764
47883,1.747330825619919
47884,2.635247955844214
47885,2.4269917185238725
47886,2.7351906316629666
47887,1.0211118596996371
47888,1.3167677664542907
47889,1.7141575379089957
47890,2.7233920163950742
47891,1.7191171163750099
47892,1.9667960203734438
47893,2.2481582787813466
47894,1.120493949259945
47895,1.5972885985498806
47896,2.202289181297168
47897,1.1713989479168987
47898,1.8149948573404586
47899,1.920440194656294
47900,1.4786473125708497
47901,0.8664853162334012
47902,1.313587915843712
47903,2.142754367549614
47904,3.125175528414843
47905,0.5392346403706156
47906,2.4628520802717233
47907,1.318472053242452
47908,2.899994958173835
47909,2.1989185631870356
47910,1.4686309895169032
47911,-0.026623087488019337
47912,1.4660208875006688
47913,1.6398356828217686
47914,1.9663552681268044
47915,2.152883210339702
47916,1.0632787679344489
47917,1.9582244086186193
47918,2.2494266909651515
47919,1.3233724878955542
47920,3.3085143134533013
47921,2.1838485348053
47922,2.3154452638986243
47923,1.7220548338579391
47924,4.592078627687066
47925,1.1799686235193505
47926,3.9593586420882048
47927,1.191290450037144
47928,1.5233362093468372
47929,2.586564119446166
47930,2.7987884847820084
47931,2.219978963529691
47932,4.1887557997578
47933,0.5758195160913999
47934,1.8950871656211987
47935,2.466077532915726
47936,1.2467275173607035
47937,1.335423809154129
47938,1.8403425629213643
47939,3.4657432706185745
47940,2.171011145087853
47941,2.0321106008956775
47942,2.19018079695104
47943,3.8793522884011793
47944,1.3423046719372493
47945,1.9933160131903804
47946,0.8723714473061221
47947,1.4171173690654726
47948,1.269035622818997
47949,2.9068208447292534
47950,1.5595709469630492
47951,3.088449330990308
47952,1.333649257666636
47953,2.5383607819931697
47954,4.506915605901554
47955,2.5761498693885727
47956,1.2798986181205834
47957,3.0471380064261098
47958,2.7831347179562513
47959,2.6885365440544007
47960,2.199608848202814
47961,2.2458734375273153
47962,1.8518197683900013
47963,2.410481275157089
47964,1.9080057580907805
47965,2.6002544494683164
47966,4.383555735974944
47967,1.7472397769700834
47968,1.0927106316640973
47969,3.627721872998542
47970,2.4874350469128856
47971,2.2429733269111765
47972,1.0568889737514056
47973,1.308210174125648
47974,1.8990086938486428
47975,2.130028539063467
47976,3.0671995251634243
47977,2.4628192407278178
47978,1.5983225729036619
47979,1.7544570520114249
47980,2.357934063526521
47981,1.6247616807485912
47982,2.1339153054434377
47983,2.405249744190428
47984,1.7798279517368982
47985,2.191402469780172
47986,1.9619916850837456
47987,1.6286401860185364
47988,1.073223736165005
47989,1.8260773420494374
47990,2.3043811647844166
47991,2.227555297039345
47992,1.7249070297784357
47993,1.2530412628118697
47994,1.1030534944279324
47995,2.5432185661370355
47996,2.921047123731327
47997,1.6143540698209193
47998,2.4405008745741696
47999,2.318501572880848
48000,2.316021809517153
48001,1.6492650873165502
48002,1.3538808083323843
48003,2.0369077208399347
48004,2.9520371897041358
48005,2.7591791086510185
48006,1.0721612837927381
48007,2.3298677825195
48008,2.8717208334472417
48009,2.233501031789018
48010,2.6109068072870016
48011,1.6065791332364228
48012,1.5216891099145258
48013,1.949003871507223
48014,1.7724896900615903
48015,2.21550530932209
48016,2.8341364796751805
48017,3.2953234259872204
48018,0.9585805239603715
48019,1.7788955603004197
48020,1.5731600640841918
48021,2.0620466227885927
48022,1.7258203799219913
48023,3.9037576114589214
48024,2.2735196867065
48025,2.068435188933499
48026,3.031125071912321
48027,1.7975013089251917
48028,3.2678711757840233
48029,2.4020247935532666
48030,1.9771447317680924
48031,2.5388486492749607
48032,1.8144828109123594
48033,1.8191506619675266
48034,1.1761840902968856
48035,1.7268435057436804
48036,2.0325883242168814
48037,1.2512793978820795
48038,2.2786399719491826
48039,2.439524742921108
48040,0.8192002976438957
48041,2.6300339547009983
48042,2.115662333302353
48043,1.8477863193583133
48044,1.1303934755054783
48045,2.0275313842480998
48046,1.684733484022317
48047,1.7616024135130246
48048,2.5957131365239263
48049,2.2579066552317
48050,2.3239973677015513
48051,0.7971108698704086
48052,3.0360256877561085
48053,1.4868297920697984
48054,1.4673028878649177
48055,1.16451073840431
48056,2.0951674426996334
48057,4.214172633796693
48058,1.4000171502202363
48059,1.7141488492328207
48060,0.2556478316781323
48061,3.8364971842430577
48062,1.9365368135963053
48063,2.1226354010894113
48064,2.4692127040021603
48065,1.8960491825420007
48066,1.284660145532051
48067,1.4609371089428649
48068,0.8632313945541199
48069,2.0210832420454494
48070,3.5884222518442783
48071,2.1728525411901956
48072,1.1708868899889708
48073,2.0585455660388092
48074,2.4340879405457656
48075,1.7310438345940256
48076,2.037176458328034
48077,2.5955519286506004
48078,0.5601236572578401
48079,1.8772446506619644
48080,1.0000121649766314
48081,4.138713477268944
48082,0.7042250733394866
48083,1.4042472294077157
48084,1.593759824534196
48085,1.8660225318893637
48086,2.4759865563204997
48087,1.5631972053104448
48088,1.7036099308743289
48089,2.117371319296062
48090,2.0223462022346723
48091,2.4346701113783453
48092,2.5139230879050203
48093,2.4429275752232087
48094,1.340298380458293
48095,2.0672455923592494
48096,1.4262654246000537
48097,1.6268533365082831
48098,3.3760533558213695
48099,2.932495597725854
48100,2.2540167760060754
48101,1.387728373716513
48102,1.9311152450164002
48103,0.950376563056075
48104,1.4468828101278746
48105,2.2800345480549424
48106,1.3566271842506907
48107,1.3922415418450953
48108,2.912751756714762
48109,1.6449183974429857
48110,2.0078261228543184
48111,1.020187166942577
48112,0.4326311819244495
48113,2.8170093434754833
48114,2.950924950150352
48115,1.8102492229974558
48116,1.9132105758891171
48117,0.7818476805258143
48118,2.0103653682315965
48119,2.0559021627012157
48120,3.030339722084669
48121,1.5079191785222719
48122,0.835919354247423
48123,1.6826520005739454
48124,0.9162638716243947
48125,3.0005397076847586
48126,1.2670280300001835
48127,0.9659751390293039
48128,2.533557108622894
48129,2.8034149059331597
48130,3.233039745947117
48131,0.45411730821383145
48132,2.05132470587575
48133,2.4839572078062133
48134,2.294713053733844
48135,1.754092987818602
48136,2.5117898187496905
48137,1.5923077618629335
48138,1.796768154955025
48139,2.4617366673185472
48140,1.8979029901057203
48141,2.195101776670704
48142,5.127003980081398
48143,2.1468103750168552
48144,3.162230841511878
48145,2.399719381256368
48146,0.4020298125255266
48147,0.21746299345753783
48148,2.635871143322859
48149,1.2460085959089398
48150,1.5801381952453752
48151,1.6170107063291397
48152,1.8059632160658552
48153,2.4876913653879384
48154,2.9472484575469267
48155,1.5337922048745511
48156,2.847440591648173
48157,4.22543915691768
48158,2.1133505647696538
48159,1.7768464109228788
48160,1.5569361272371438
48161,2.659319438144884
48162,2.296135424063813
48163,1.8754277514583535
48164,2.397427061912566
48165,1.7058283633693492
48166,0.8813254361712382
48167,1.8231262384906728
48168,2.496597730991553
48169,4.04855519736148
48170,2.3197033911296714
48171,1.9806758007377852
48172,3.140111606064707
48173,2.129743734408585
48174,1.182282164584322
48175,2.329927780023951
48176,2.5444437789357437
48177,1.561131464447186
48178,2.552168757229296
48179,1.99560606594968
48180,2.2045912271362624
48181,0.8865881428116609
48182,1.74510077974535
48183,0.3181606905262555
48184,2.7023017575842587
48185,4.725212900586541
48186,2.1522350826600913
48187,2.4896073030983814
48188,1.5289584006588939
48189,2.198206794467616
48190,2.059365410262295
48191,1.931934552563817
48192,1.47747540078867
48193,1.986177333421466
48194,1.39435023610001
48195,0.8391663614319427
48196,3.1064425828862454
48197,2.4336869268022454
48198,0.422105536994863
48199,0.48252117826920937
48200,2.094842453153298
48201,1.783037260289845
48202,2.3231340541316357
48203,2.083656380485337
48204,2.6287708858545216
48205,2.139085146637626
48206,3.4899044551477587
48207,1.6735146923088848
48208,2.8244479079678726
48209,2.867385048214615
48210,1.730281572389103
48211,0.9532621000086152
48212,3.12120263695018
48213,0.8314550121565816
48214,1.741401845104754
48215,4.537978488253984
48216,2.2193436796063963
48217,1.1959988237794477
48218,3.016036938213084
48219,1.0001434162126799
48220,0.5027954492040152
48221,2.2911296967608266
48222,3.1570111792258544
48223,1.3500197412852515
48224,2.7032273694816666
48225,2.8069548811299967
48226,2.6844821566210513
48227,2.166819768861984
48228,0.9262317403123106
48229,3.175950529638115
48230,3.3096043297503073
48231,1.9095793733948838
48232,2.684410279718911
48233,1.443557480279864
48234,2.3657098323965258
48235,5.041654033732598
48236,2.494589086933459
48237,2.815271035794275
48238,1.9726469750760458
48239,1.6057085266739008
48240,2.269350396100684
48241,3.8624819785251177
48242,1.938489488533655
48243,2.631157886741171
48244,0.8745309237291394
48245,1.8927412075439562
48246,1.7725664039327924
48247,1.8341346502367344
48248,2.6777591373588336
48249,1.9652701541189188
48250,1.9783314280022637
48251,1.848125539628711
48252,1.39475858101747
48253,0.8164016090481567
48254,0.8050361839146731
48255,1.6447869408871796
48256,0.6460659077724671
48257,1.0129095761843416
48258,3.359567708984116
48259,2.442191693911205
48260,2.7427126203651326
48261,2.6379444180432188
48262,1.9898066068214106
48263,2.3177496090457623
48264,2.2152287883499184
48265,1.8446694734640658
48266,2.08711380499296
48267,6.987450964911261
48268,2.2731494778497208
48269,2.997749828929244
48270,2.124319944950109
48271,3.233601282840759
48272,2.202561891745397
48273,2.039232866188115
48274,3.0059160389203186
48275,3.3553592542323187
48276,2.1850797376919573
48277,2.211909290739243
48278,2.1623042035257996
48279,2.955173285809778
48280,1.4034675460965786
48281,2.8250578147024754
48282,3.443406983114663
48283,2.7477892686308465
48284,2.809778150131379
48285,1.1135397423572186
48286,0.453877310534871
48287,3.430203371829144
48288,2.2111578757963244
48289,2.197929045772888
48290,1.8294855815037323
48291,0.39291044191369195
48292,1.5971131838517323
48293,2.4430925987644514
48294,0.792861089592833
48295,2.4952168674288444
48296,1.5999093046113302
48297,2.601973241113832
48298,2.908857687446776
48299,0.6303810534163006
48300,0.5138270930097448
48301,3.067037860045282
48302,1.531577846993791
48303,1.9388003166684555
48304,2.8040001301041997
48305,3.133588532485568
48306,1.992308790762273
48307,2.5475091961352803
48308,2.0041376583865897
48309,2.668677001422573
48310,1.950759498870383
48311,2.810336080945177
48312,1.688428065772186
48313,0.9353805582063188
48314,2.1394061665507706
48315,1.7066896526858457
48316,2.9861365058139953
48317,4.049329985852246
48318,2.2326004943999394
48319,1.3840294997823577
48320,1.7427949888264251
48321,0.7678261223164
48322,0.8439558764308899
48323,2.420277952434084
48324,2.9706876877273274
48325,1.608034040756685
48326,2.4024787762958795
48327,1.7659648301483841
48328,2.043046775718345
48329,4.310757937525864
48330,2.101360874643248
48331,0.6336901699132227
48332,2.171326703436968
48333,2.1192702173044395
48334,1.4387956942554823
48335,2.1457727031386327
48336,1.9339375464927286
48337,4.429585416707646
48338,2.057181516788404
48339,2.060828499391505
48340,2.64476002325744
48341,2.0257975349339006
48342,0.41301052187434095
48343,1.2092334369571844
48344,2.3162569301178877
48345,2.2304564725133957
48346,1.800201930624425
48347,2.356486287361662
48348,1.7616800976246125
48349,2.019664702940034
48350,1.6752513762863686
48351,2.200832339194193
48352,1.1277996931531575
48353,0.8525382337426066
48354,1.108886145770363
48355,1.4134220369351382
48356,0.6509197025589941
48357,1.2788660127966693
48358,2.8519682625901197
48359,1.7325663198903385
48360,1.6413182485601965
48361,2.993801372325862
48362,3.797263556349847
48363,1.0460471335612525
48364,2.0170005638763584
48365,1.555537249609749
48366,1.0271768938394956
48367,0.9442147601584736
48368,3.164754552761721
48369,1.2169903481752584
48370,1.850331231406983
48371,2.1584952266663393
48372,3.2850510843264686
48373,1.992871951461595
48374,0.9299146207761098
48375,1.3387600769526529
48376,2.4058063000916903
48377,3.0537028011769465
48378,1.8786959820883737
48379,1.8626284251673226
48380,0.004622682464002992
48381,2.5293421910924323
48382,1.6751348734051774
48383,1.6058335172165172
48384,1.9798099032338143
48385,2.205185816474362
48386,2.0332470784397287
48387,2.557540585407537
48388,1.476756000889786
48389,2.02000787837364
48390,1.5565387319936121
48391,2.584622295841079
48392,1.8989920966891631
48393,1.9140594827445625
48394,2.0118345461010136
48395,2.1843952197744514
48396,2.502896907819874
48397,1.2525477267418381
48398,0.9476219265705907
48399,1.2291669995537617
48400,4.025602412653392
48401,2.709836774950894
48402,1.141596161736075
48403,1.1031473731988726
48404,2.5609816263326195
48405,2.4053225830288767
48406,2.2885441502148183
48407,1.676160528199155
48408,1.7065666918177769
48409,2.2224057681421527
48410,0.7392125548008792
48411,2.534905996024591
48412,3.021258740504919
48413,1.86414832731068
48414,0.9715051423135108
48415,1.1720710439402708
48416,1.0151139165312415
48417,1.4884435372514275
48418,1.981213993267005
48419,2.4553441089200803
48420,2.0245139396119285
48421,1.321250681296
48422,1.3108030646657625
48423,2.948377660437856
48424,2.0080798045433284
48425,0.8522584108333078
48426,3.9244579926604928
48427,1.2232816841306473
48428,0.9491736860680362
48429,1.4678143829991512
48430,2.3139433616091836
48431,3.446849051685014
48432,2.461594985901698
48433,1.6883170395690144
48434,2.21631432987288
48435,2.300826332109665
48436,0.7993399475056009
48437,2.365084508973048
48438,1.982252100596547
48439,0.728153062152785
48440,2.359356421693697
48441,1.3261541206184404
48442,2.7177492286147853
48443,1.6033885331983626
48444,2.3877990733772094
48445,2.1329873414531235
48446,1.0719255740376212
48447,1.9610400925405997
48448,2.45519692121907
48449,3.085070515413406
48450,4.250763586681742
48451,1.988545654323616
48452,2.5253824915822634
48453,1.891659530638627
48454,1.9332470480636914
48455,1.6691874860829472
48456,1.6487445572593913
48457,4.189179580196047
48458,2.610238123189994
48459,1.8411181786403716
48460,2.433825400686459
48461,3.981530299728824
48462,1.9103872026788054
48463,2.9951371283508124
48464,0.3668608985336306
48465,2.049602101784359
48466,2.1986210044463803
48467,2.13976364622566
48468,2.922214930369016
48469,2.9196575697180833
48470,1.7753942836572065
48471,2.1207716298357084
48472,2.3479194327742476
48473,2.070467685600036
48474,3.285226110653994
48475,1.315981415736431
48476,1.5109613596552407
48477,1.6431868464836583
48478,2.750723358155213
48479,0.6420330399745495
48480,2.141314660532835
48481,2.0779500811994467
48482,1.7818912755645755
48483,1.6840506932302404
48484,1.7239180195128725
48485,2.493752934126597
48486,2.6925672807321845
48487,2.4212538525914127
48488,2.217770022176495
48489,2.3270708739812704
48490,1.910086290828687
48491,2.0485271057901286
48492,2.527780175431616
48493,1.2036763310581478
48494,3.1636058754003926
48495,5.997669392420001
48496,2.9220826769721313
48497,3.2165943697140804
48498,1.9692287522456553
48499,5.222261047559485
48500,0.5746105933632322
48501,1.9279498614473738
48502,1.844658887651029
48503,2.2652048720898534
48504,0.9193201857213396
48505,1.8857679445350826
48506,2.7043764521234266
48507,1.6647398329487118
48508,0.9913133371153791
48509,1.081748753178566
48510,2.0701051182234025
48511,3.1816232631684827
48512,2.179213927171432
48513,2.4356831549909117
48514,1.823102262899205
48515,1.884830260370208
48516,1.8114745888053392
48517,1.0706147852000356
48518,4.861151969410521
48519,2.7117886488665874
48520,2.654931232425767
48521,2.2162414226927893
48522,1.814923976453855
48523,2.4386090479363176
48524,1.550696302499425
48525,1.4450995296799078
48526,0.5078062574146429
48527,2.601236081752681
48528,3.366889980811628
48529,1.964448609455097
48530,1.0452679380705732
48531,-0.4223160577230516
48532,1.8981838145290908
48533,2.7690639667927854
48534,0.7313542247212723
48535,2.2462427284460844
48536,3.8290082300047104
48537,1.3758371583819553
48538,2.125802127451635
48539,0.35138644551257414
48540,3.1402787646676344
48541,2.5714905581393026
48542,3.4617945623935356
48543,1.9846985944527873
48544,2.0915384550677203
48545,2.8155482247035266
48546,1.8799797194868972
48547,1.570764742382572
48548,2.06948207672923
48549,2.3782904037109773
48550,1.446350686122031
48551,0.9829907578190387
48552,1.581227384909809
48553,1.4009993552975715
48554,1.5076203330734828
48555,1.6004558182841535
48556,1.9100661079409207
48557,0.7541542146724822
48558,2.143167089559185
48559,2.5969328669036926
48560,0.9906904604590849
48561,2.3118142630044645
48562,1.7301113745276666
48563,1.602236949497815
48564,2.597400602100784
48565,3.8805225757672375
48566,1.7761015317301698
48567,4.889211189252471
48568,2.9286963126210495
48569,1.854938798693368
48570,2.357466697448686
48571,2.296500461292588
48572,1.8456649938340774
48573,0.9467193841073396
48574,1.4803525236872588
48575,0.5302217257093673
48576,2.5235736827982578
48577,2.166552878481326
48578,0.5315842536225475
48579,3.2668714742396574
48580,3.2837220389283104
48581,0.6094079822394534
48582,1.9245928556760958
48583,1.7715030067007262
48584,2.1318679533922733
48585,2.584339938429231
48586,2.279359814801559
48587,3.1375072099968264
48588,2.450902252209474
48589,1.0099579213210959
48590,0.9110658061904076
48591,0.19178870050161834
48592,1.4043254964839136
48593,2.4088003200269625
48594,2.8380614559326602
48595,1.6513450287549674
48596,2.149541032112026
48597,3.4713618218311737
48598,2.2981683272276143
48599,0.7406209224361646
48600,2.3252263053451756
48601,2.7271969132777087
48602,0.8369480802136735
48603,3.553132042599046
48604,1.1283675956831658
48605,2.7882459650444247
48606,3.229404023107193
48607,1.8518782477953408
48608,5.300040400175568
48609,1.8977289933956456
48610,1.004779419837682
48611,1.9608280639461597
48612,1.4298932742464885
48613,1.5562421435297082
48614,1.0563759263827208
48615,1.4748435803708446
48616,2.20526400735006
48617,0.8828686166672384
48618,0.6875635399533735
48619,1.904948604172425
48620,1.4343893263805043
48621,1.116947573370851
48622,2.6310019177514974
48623,1.7248997570385711
48624,3.160686160096475
48625,2.768661441285772
48626,1.0226465962878137
48627,3.176992142239584
48628,1.8482821047494156
48629,1.7717698360001322
48630,2.4351289453744656
48631,4.150885947666239
48632,1.9806577299679304
48633,1.6591447511363597
48634,1.9518194713941028
48635,2.551981763979093
48636,2.66042100303018
48637,5.089018014168914
48638,1.5821547601773247
48639,3.289936147100768
48640,1.9532678219628608
48641,2.387238909568566
48642,2.223583797711484
48643,2.955617394444232
48644,1.5541270187877743
48645,4.893940682990042
48646,1.8397979771538715
48647,1.7706837628480443
48648,1.510080698154752
48649,2.1930352885565085
48650,1.0856107943971054
48651,2.254265813467555
48652,1.9866641261676818
48653,2.256128169850925
48654,1.5774560347720836
48655,0.9124486774399472
48656,2.01241083468625
48657,1.137276551431512
48658,1.873917553332177
48659,1.3953960060562878
48660,2.7828476250266903
48661,1.5642780257179112
48662,1.718365525406945
48663,1.5111814762796811
48664,1.145295505223892
48665,1.0003064443480127
48666,1.6784312128363368
48667,0.8999049704941697
48668,0.8440364532424098
48669,3.6582667472709005
48670,1.3934343098911626
48671,2.6309780249540964
48672,2.806944587104347
48673,2.0464820181795034
48674,2.3814308547666414
48675,2.464207064017849
48676,1.2107716719188417
48677,2.4340524997196766
48678,2.09709177490911
48679,2.1484993342132057
48680,2.8841640036433134
48681,1.2419393388104893
48682,1.3308163112474887
48683,2.058414997803787
48684,1.876874047280431
48685,1.8403682586104821
48686,1.2419982698239949
48687,0.7305055261991313
48688,2.327502467061322
48689,1.3158016415591334
48690,2.3147519368833187
48691,1.2248312670790824
48692,1.8298869854526316
48693,2.043572078290154
48694,1.7071874887637577
48695,1.2990207465787549
48696,2.109986543013271
48697,1.4720242951614324
48698,0.46999456797841077
48699,2.5820970116865496
48700,2.376752014704735
48701,2.216539500097568
48702,3.6401879693060977
48703,1.7143948841928704
48704,1.9652730592532421
48705,3.1676871191981633
48706,0.7936427653988147
48707,2.034279805396629
48708,1.6063192792950929
48709,1.2090317341246433
48710,1.9771058108075579
48711,2.6541421808976793
48712,1.2424920570339069
48713,2.4658177781138093
48714,1.4113843821077836
48715,3.4435988807249203
48716,2.2961798546107204
48717,1.9173455729903566
48718,5.928689294787603
48719,3.0540872388912845
48720,2.7043597556141705
48721,1.6774698559428387
48722,2.7623342036894982
48723,1.0680310139347995
48724,1.6972941569722622
48725,1.612325631313169
48726,1.383633087915456
48727,3.105079236876236
48728,2.430869070556213
48729,1.5569964641616991
48730,0.9344280680464934
48731,2.3943720991844373
48732,2.4577817525544745
48733,1.9035976118913709
48734,1.499122041716575
48735,1.8884464317540974
48736,1.6163560977819884
48737,2.2094567905389297
48738,1.8488069548583468
48739,1.9936581007642076
48740,1.1236436863404435
48741,2.91899299056206
48742,1.2355899700381343
48743,1.301917875216823
48744,1.0747713074697671
48745,1.477144989733688
48746,2.104806612858752
48747,2.233290793344622
48748,2.0603961940850226
48749,1.0483768483708857
48750,2.861684876076879
48751,1.8758986015718904
48752,2.450211138313726
48753,0.7838096266964598
48754,2.7019253380439068
48755,2.6797874634615724
48756,4.3398255602235025
48757,5.181983557738526
48758,2.569704306070335
48759,2.00064770454744
48760,2.401760432546233
48761,2.691779338305601
48762,1.437062740467418
48763,1.903119672186115
48764,3.1899756189951702
48765,1.260958664465008
48766,1.4231149069120974
48767,2.7713038469413647
48768,0.9209404143915734
48769,2.513601417532513
48770,1.7172847886401001
48771,2.7463617787529913
48772,2.3128850334300637
48773,2.3151887669706213
48774,2.2798844861467416
48775,2.2105603433338104
48776,2.729480057404537
48777,0.7378027787761781
48778,1.78859047635369
48779,1.9475694559714398
48780,1.6956802249815155
48781,2.082976659409134
48782,1.9726338605854608
48783,1.6747326739059218
48784,1.349168608633704
48785,1.5642578942273673
48786,1.4361260907850948
48787,1.2245256091871681
48788,1.8834400476004447
48789,2.0732823558371507
48790,1.7126185735677666
48791,2.744999563963461
48792,1.3290953444231235
48793,2.306012691544609
48794,1.5382526693784087
48795,2.7503309970185725
48796,1.046799985367663
48797,1.4927134766796826
48798,2.825825211175186
48799,3.215292500810122
48800,1.7028310897001262
48801,1.0051979318245188
48802,2.295371839481092
48803,2.1658764950119647
48804,1.5033332400040607
48805,0.6470130548853987
48806,1.329068265244004
48807,0.3138501493183483
48808,2.334736831187861
48809,2.537466196268376
48810,2.147751880104174
48811,2.409626174995246
48812,3.2300367904688656
48813,4.615575805644333
48814,2.2296741894840437
48815,2.881250521987077
48816,1.7713241915290894
48817,1.7387098182624143
48818,0.5797886678748085
48819,2.3751581236315005
48820,1.700297691751672
48821,0.40491532350629456
48822,3.3327884393502885
48823,2.9257838620554963
48824,1.9470687482095883
48825,1.1008527430377768
48826,1.7105144783238657
48827,1.1608264815239835
48828,2.741751387957123
48829,1.9550450158749229
48830,1.6102556500309362
48831,1.892441265508232
48832,2.5738634330500716
48833,0.34410236293603447
48834,2.5658672694179927
48835,2.2088592620790806
48836,2.09227030272001
48837,0.6567430161968915
48838,0.7877966164211543
48839,0.9853621419064424
48840,2.19405550446254
48841,1.3486365833836729
48842,1.5378608703273997
48843,2.321298643208685
48844,2.1393549582358915
48845,1.9491512089912817
48846,2.6690969345779862
48847,1.9801982245102963
48848,2.3723389083752693
48849,2.6208119182815466
48850,2.3619818444459995
48851,0.6934554989582296
48852,1.80404760199432
48853,1.9889559915624062
48854,1.6097254889157142
48855,2.715215173173931
48856,2.4788190829662042
48857,1.1834831026384904
48858,2.7732954978923345
48859,2.538265929703101
48860,2.6759140377156854
48861,2.8523939225683606
48862,4.151699611664057
48863,1.6651236803550873
48864,2.5630170879003344
48865,1.3275073983581152
48866,1.8144422597239966
48867,2.752679765544528
48868,1.2028967879842156
48869,2.400734565947637
48870,1.929162855500735
48871,1.8726124851521817
48872,1.9735142074971606
48873,1.7574110016693325
48874,1.964863536546389
48875,1.7420489288132757
48876,2.16423499619318
48877,2.2913231823879627
48878,1.5214499220667932
48879,2.3154426932501693
48880,1.9829292358407429
48881,1.3335700059631819
48882,2.2046447501265334
48883,1.1368104433090238
48884,2.006391644091032
48885,1.5020824060516347
48886,2.7385514252218144
48887,2.5321960615651946
48888,1.5738420249327802
48889,1.5217824609161994
48890,3.043797028345608
48891,1.1380764139824464
48892,0.7186459616275869
48893,2.597129975343421
48894,3.620437846355358
48895,1.1267238795031815
48896,3.3217951434873
48897,1.7355554270858349
48898,1.4236449099784565
48899,1.2100939633909817
48900,1.6554292017124865
48901,1.25624880259479
48902,1.9362056125119267
48903,0.8123870360435319
48904,2.6487946815906156
48905,3.0650795641589355
48906,2.8735496247201766
48907,4.684739238484063
48908,2.5083535012840414
48909,0.973527100990097
48910,2.598802295118162
48911,2.1974666296191145
48912,2.0723155569661458
48913,1.7935163665438765
48914,1.9651956352661983
48915,2.1007482484563127
48916,3.8298715020536065
48917,3.2882324777451615
48918,1.9106117423043543
48919,2.6656526978535666
48920,1.4306623127540377
48921,1.8798664975357084
48922,1.0673442093301446
48923,2.527903848498795
48924,2.3870934253983194
48925,1.7714586606515468
48926,2.2417999932746397
48927,1.6754616124316684
48928,0.9936424717522101
48929,2.9715999594309963
48930,1.504638644767212
48931,1.0773496496382222
48932,2.10201982359974
48933,2.1556738956344788
48934,3.601235342132682
48935,1.7884976741133372
48936,2.4047651746915903
48937,3.138481052923929
48938,2.3828585731178507
48939,1.7069165935152952
48940,2.315600438798114
48941,3.4327671787125738
48942,1.313818688411061
48943,2.371554777015305
48944,3.020396098723701
48945,1.6621695016460833
48946,1.7500277904657153
48947,2.002828307600467
48948,1.7767970059776061
48949,1.6187659597663213
48950,0.9703767243843373
48951,1.8781443172967869
48952,2.2377335939507432
48953,1.5758403725174333
48954,2.4677105208845234
48955,2.0616551096346925
48956,4.2393739377191295
48957,2.0522463942622053
48958,1.9258058913299223
48959,1.6707065795519611
48960,1.93725180421756
48961,0.8778765758595455
48962,1.2360139931440486
48963,1.5513698771793258
48964,2.1602133878023366
48965,1.8018797500488404
48966,3.0905914221276234
48967,0.5605542000228354
48968,2.0943914553233185
48969,2.445962450795477
48970,2.0015707782795644
48971,2.0582045663089445
48972,1.3206567684445645
48973,2.1607771156332447
48974,1.6158958134104893
48975,0.6898380019641905
48976,0.46091586472537927
48977,1.0695821695998617
48978,2.5780985006538586
48979,1.320678277169435
48980,2.4067559132901266
48981,1.8287822649858612
48982,2.0131519579854
48983,3.2315250464395504
48984,3.116452195632391
48985,2.4990098063379094
48986,2.1571957196399367
48987,2.727991886922439
48988,3.2093714968770257
48989,1.9061418440409454
48990,2.0927053353687057
48991,1.7581833354934204
48992,0.9693715770447469
48993,1.958553797604715
48994,2.039638531609782
48995,2.974278118328698
48996,1.1060706295232166
48997,1.0077539466591787
48998,1.2597746658295108
48999,2.9633280509880393
49000,2.1320542838654006
49001,2.4918530224360254
49002,2.105881656370471
49003,0.9905326558323182
49004,1.8568046347845808
49005,2.095673920075967
49006,2.4799469374607597
49007,1.678677501069295
49008,1.6231946961225319
49009,0.47314565606576053
49010,4.0837144663597655
49011,4.3652644899568855
49012,2.180200233725728
49013,1.1475764680800253
49014,1.939270503654356
49015,3.0791544206354757
49016,1.688729037377378
49017,2.7540464083192333
49018,1.8909690480628925
49019,3.296593704230496
49020,1.4521611450833731
49021,1.6291533076964058
49022,1.8529572750544645
49023,1.7012632603129774
49024,1.548611488565797
49025,1.7802156220621654
49026,1.1154017275577814
49027,1.9223080686149316
49028,2.224082792203532
49029,2.335486985211105
49030,1.6505933983343368
49031,1.48112030556252
49032,4.029134989959225
49033,1.8672073639125841
49034,1.8334730141786864
49035,1.8854147328626567
49036,2.145673576098879
49037,2.7467918155792077
49038,1.4378520586450065
49039,3.1115741453738863
49040,3.3120168767983955
49041,1.8891016129250815
49042,1.8212762131552793
49043,1.6068021657726348
49044,2.4055040707035573
49045,1.961287948772231
49046,2.1758073062569707
49047,2.900426726628723
49048,2.4298330635619934
49049,1.9558904132382793
49050,1.8968587275475528
49051,1.8466204067542051
49052,2.7669352445638893
49053,0.6007692570303078
49054,2.116801919741647
49055,1.4491083659301651
49056,2.977471048699158
49057,2.096355161912733
49058,1.742189696666891
49059,2.210172233861684
49060,2.0277849854359005
49061,0.8888412513438126
49062,1.129650916245005
49063,3.5587891264471097
49064,0.6426731216981025
49065,3.1254875382885317
49066,1.3532888097243259
49067,1.3634734170559497
49068,3.0636867846949514
49069,1.9184770688925639
49070,3.560366710633218
49071,1.8356945068366528
49072,2.1787028329295453
49073,2.3671208959163366
49074,1.650820171471338
49075,3.26504835014417
49076,3.891856933323048
49077,2.555328109540376
49078,3.0386724332930157
49079,2.2632146388758727
49080,0.8963022205018802
49081,2.535931023867704
49082,1.7753266055930652
49083,2.2314149774300205
49084,2.245585441800067
49085,1.0205124154743643
49086,1.8329815082660446
49087,1.9604796664366404
49088,1.2526734839437026
49089,1.9007019647931571
49090,2.3862044806932587
49091,2.122196254362038
49092,2.2639814881908435
49093,2.377163349721023
49094,3.2726388788147602
49095,1.7171085322637438
49096,1.4116853596191348
49097,2.0152294614134476
49098,1.574556464225786
49099,2.325980568261812
49100,2.3002857632173246
49101,1.3137691951200168
49102,2.5132652301880967
49103,3.9101391845938593
49104,2.6458488326314864
49105,3.2736672180334807
49106,2.722174702889525
49107,0.8549519179905403
49108,1.29944366570367
49109,2.889768703356296
49110,2.9168347430959045
49111,3.697940833616599
49112,1.8518195379704565
49113,2.358956646328906
49114,1.364419091370081
49115,1.7634987774586435
49116,1.0701873272834916
49117,2.549486107487745
49118,1.4132855716979265
49119,2.722281030497001
49120,2.7957653053525107
49121,1.7404912511357367
49122,1.051823503048574
49123,2.3044018862666604
49124,1.3185623542527054
49125,1.2500901218096345
49126,2.0841642509087634
49127,3.6119217227968576
49128,1.0592536507338153
49129,1.9577203289104546
49130,1.7274387048415676
49131,2.458737443401759
49132,2.2580918038427527
49133,2.4653950770487754
49134,1.5721422476376148
49135,1.0747610073737235
49136,2.8437232430138337
49137,1.0610446702341676
49138,2.0094235070711406
49139,2.0677477749379776
49140,1.6335264658294548
49141,1.5492898386288374
49142,3.1466869692379262
49143,1.0978306138381413
49144,2.195467912892596
49145,2.5056026295379255
49146,1.914196473016247
49147,1.039960539007339
49148,2.6096649390458353
49149,1.0777956851881
49150,1.2594717880722044
49151,0.4842858900467206
49152,1.2722515726736958
49153,2.1129206856989455
49154,1.9192277457486355
49155,2.9218652288320257
49156,1.1316614937234988
49157,1.0789267014210395
49158,1.9436379140866578
49159,1.440401256529647
49160,1.951871930426222
49161,0.9682957548442346
49162,1.4329177850880228
49163,1.403426970323487
49164,3.0844813385547525
49165,2.244800750412338
49166,1.7815040053121578
49167,1.5463672643320407
49168,2.2543218263385185
49169,1.1248672803549766
49170,1.3904998314577952
49171,2.019599224793204
49172,1.9756005722859271
49173,1.88344763307542
49174,1.1330421984722676
49175,1.0406656987569107
49176,2.0477330813487455
49177,3.340216732678833
49178,1.8126539033546223
49179,2.170761753406431
49180,1.7957879236609813
49181,2.930129944600111
49182,3.3975578655599747
49183,1.900143036586016
49184,1.7231408242566815
49185,1.2666215290516263
49186,1.1072363172715782
49187,1.4830402508045566
49188,1.6824774962134867
49189,3.2634495164585573
49190,3.0085175737589935
49191,3.020599897548422
49192,1.6560904734542987
49193,1.7622365683144778
49194,2.014381731782869
49195,2.277520255241896
49196,1.6640261636975353
49197,0.8477836386148354
49198,2.0705078711831817
49199,2.2360726192856006
49200,0.7697085028042565
49201,1.6475081349487581
49202,2.7451045533230456
49203,2.121147626758784
49204,2.795034509724367
49205,4.430793659199566
49206,2.0369639588308885
49207,4.221379769263983
49208,1.4840402310239469
49209,1.5962312780757841
49210,1.94969749620455
49211,2.5623217858237695
49212,4.224892864090322
49213,2.8548529276412395
49214,2.1025622164249
49215,1.7436942676078502
49216,2.8689259387921737
49217,2.595542940888329
49218,2.796839892408201
49219,2.3627143493229426
49220,1.365926199472952
49221,2.4587690721200417
49222,1.0630059667330514
49223,2.9676596175949967
49224,1.6282152292327368
49225,6.742200893367027
49226,1.2912461249628393
49227,2.1267294383281907
49228,0.32337167717375337
49229,2.383573682120982
49230,1.5944633891337148
49231,2.043183367798939
49232,2.7500021319062853
49233,1.662476179512744
49234,0.7813101418162844
49235,2.325133184890504
49236,1.7654585101764226
49237,3.5893445303533014
49238,4.8589676410817475
49239,1.4355102928633272
49240,1.4657580684580722
49241,1.8445348271242992
49242,0.9504761361285077
49243,3.324343609141323
49244,2.683036964433306
49245,0.9600973368096177
49246,1.7374073235079805
49247,1.6926577455331326
49248,1.8015116345201605
49249,1.8692670986734967
49250,1.669450229908655
49251,2.1997694749359624
49252,1.82173940867807
49253,1.7752479599308444
49254,2.1470309418137816
49255,1.6404268517003047
49256,2.2277911607725542
49257,3.5679537032332718
49258,2.419669334199419
49259,1.8308985649286953
49260,2.643198097088707
49261,0.4564216265816867
49262,2.3280820994494675
49263,2.8381770542138938
49264,0.4675084186168377
49265,1.963738457277195
49266,0.9372038777611778
49267,0.7875334644833316
49268,1.1416655132915778
49269,2.422107166062439
49270,2.776747550527851
49271,1.9589992744624993
49272,3.168458686154878
49273,2.6252825857498294
49274,2.1486273072291198
49275,2.985360691395563
49276,0.5721128741665424
49277,1.1682782325259211
49278,2.025930578126733
49279,3.2959560709846016
49280,1.2521234906370609
49281,1.715969589424816
49282,2.370648889988992
49283,3.320493456862124
49284,2.1709193061264216
49285,2.254152260192292
49286,2.071605063414843
49287,2.0769637559558873
49288,1.6623525493344005
49289,0.4806113127176346
49290,2.251252768142791
49291,1.55085808840753
49292,3.070263614444322
49293,2.572680175974682
49294,2.6704994038124
49295,-0.15196406668329843
49296,2.225608402736867
49297,2.015290483307929
49298,2.4106340306125773
49299,1.750582083681266
49300,2.279864121877708
49301,1.0346990745932203
49302,2.199074141192554
49303,1.252829271783952
49304,1.741236954703787
49305,2.915942285994916
49306,2.704039592242488
49307,2.0545151988105275
49308,2.551073857293737
49309,2.035261554812891
49310,2.4083830409727938
49311,2.2456532737203005
49312,1.3638357208158638
49313,2.9709433530235714
49314,0.8788107906539295
49315,2.0183108118292736
49316,2.946128400864012
49317,1.9821706462067894
49318,2.019147446470541
49319,1.6315135507068632
49320,1.5373201780644763
49321,2.1826365174952613
49322,1.9049262179480166
49323,2.344356228509902
49324,1.7784014991963915
49325,1.8464439278488953
49326,2.8065346730087413
49327,3.1858710717206336
49328,1.0813865459820917
49329,2.4557043101410514
49330,1.9043991764820376
49331,1.5641594127931668
49332,2.8369954926348555
49333,2.9571255199738147
49334,2.691816362006186
49335,2.3071168236827333
49336,2.5763053324596967
49337,2.1419650869078666
49338,2.653604848943708
49339,0.8782983234716184
49340,2.097734321976702
49341,2.366895511388094
49342,1.7685569621629185
49343,1.0972375638843062
49344,2.9665120779902736
49345,2.2768315878674628
49346,2.9732548810444186
49347,2.2927767799428906
49348,2.1338468376304647
49349,2.711558258990877
49350,2.1061288408906407
49351,1.7121108740661484
49352,2.3341580455311615
49353,3.35931948525333
49354,1.6681672859797914
49355,1.381259442332535
49356,2.1278988877906784
49357,1.7949465616383833
49358,1.8841729744483473
49359,1.1567255354007742
49360,2.3572667743916256
49361,1.9232152151884208
49362,2.279757491056543
49363,1.447865316940515
49364,0.9598692495592047
49365,1.9814894232662894
49366,2.939688123280753
49367,5.794408902617924
49368,3.6481763486756265
49369,1.6178324534024213
49370,2.1219339007608298
49371,4.133189504040821
49372,2.7760175657817214
49373,3.028674142722096
49374,2.606799757180333
49375,3.431102055013149
49376,4.842151279098545
49377,2.851626300683634
49378,1.6805666186654662
49379,2.1358349776462333
49380,3.034996730935248
49381,1.8173798334627378
49382,1.2711619469538107
49383,2.116308687246942
49384,2.5790711332298315
49385,4.340838686586466
49386,2.956464921304921
49387,1.946751609783881
49388,1.6974251056655802
49389,2.537070202326042
49390,1.9990512910245073
49391,1.452819153600494
49392,1.9495511299669843
49393,1.2408428009107269
49394,1.6823029266227039
49395,0.9625402466205628
49396,2.9540310945272097
49397,1.7607846269788254
49398,2.2454266719793807
49399,2.911979283678356
49400,1.8684201278985597
49401,0.8956691997697206
49402,2.406728791082088
49403,1.9447606113533382
49404,0.6021234903401833
49405,0.8174647484409903
49406,1.9092492843243036
49407,0.8983083453217375
49408,2.208733930996985
49409,1.9631342802253968
49410,2.5681178456001277
49411,2.2939353175171746
49412,2.3949669910357514
49413,1.7096985151369282
49414,1.818790030209506
49415,2.7906379547084583
49416,4.495785567954272
49417,0.8329573171515321
49418,1.9920752934140395
49419,2.2017637307610087
49420,1.0113646056939487
49421,0.7110930114349188
49422,2.51213103176498
49423,2.356665163668282
49424,2.589669181919284
49425,1.790922326088463
49426,2.705913087231764
49427,2.2068221587823516
49428,2.0764136404801974
49429,1.7790732524550563
49430,2.2583097774357768
49431,2.0046300576058087
49432,2.085920209877095
49433,1.4157686657174509
49434,1.8115876087941558
49435,4.163292199957247
49436,1.6763882471283722
49437,2.819368631733603
49438,1.6472523776069892
49439,1.5909609603745665
49440,0.8020668237621962
49441,2.0598135042721637
49442,3.1693380842406924
49443,2.3589244530348097
49444,1.3792121114191502
49445,0.7885003259132191
49446,4.106031233080785
49447,2.0806222181911593
49448,1.8317064667476544
49449,1.819235899037139
49450,3.1755199802391445
49451,2.326985508512948
49452,2.1636162106743626
49453,3.2283115686991763
49454,2.8386768485723692
49455,1.9835423226219362
49456,3.7872685840052753
49457,2.2996184244400624
49458,1.2428946596941302
49459,0.9837269549357543
49460,1.1094434137174574
49461,1.8195221838489886
49462,1.3384421252890846
49463,2.2899942273533327
49464,1.7215262841105599
49465,0.53612313433743
49466,4.537192910650688
49467,1.1143867963077199
49468,1.6246593631380648
49469,0.38144084576856585
49470,2.1582574343940593
49471,1.410960675186196
49472,1.9672768510712402
49473,0.6979634718230798
49474,5.25631185445441
49475,2.314992486000868
49476,1.6547700649746844
49477,1.3802005168868376
49478,1.995868278627654
49479,2.84502829542906
49480,1.3086020712715438
49481,1.9974563850175713
49482,3.3926894181521945
49483,2.060461297578364
49484,2.3332009930242847
49485,2.208612664522569
49486,2.2445490629285914
49487,2.156753079513294
49488,1.9509121695466618
49489,1.5809639160387334
49490,1.361671980849863
49491,1.0258713162245456
49492,2.306235318491865
49493,1.204928636675426
49494,1.9789207865434193
49495,2.2528482509778627
49496,1.9866031392215362
49497,2.1627529096993214
49498,2.2524232434832783
49499,2.762659703208861
49500,1.7347651720252415
49501,1.082665213189884
49502,2.0501326460562623
49503,2.814642949301728
49504,1.8168154194350734
49505,1.463959071088567
49506,1.395737669626243
49507,1.5152936579566116
49508,3.273522265120178
49509,1.1482245086643417
49510,1.9902940744052628
49511,1.0184253912844454
49512,2.355373793146974
49513,2.1024706562721107
49514,2.167770766927447
49515,2.7663029422288687
49516,1.258223713038653
49517,2.400397983740014
49518,1.9423124469291153
49519,2.07593116197949
49520,1.0361584714822243
49521,1.2922272223577735
49522,1.246626229394593
49523,4.068482194984512
49524,1.6160825528385558
49525,4.024243178547856
49526,1.7587082431409726
49527,1.8384007591385156
49528,4.737545165785249
49529,1.7963429073334254
49530,2.5455604584645357
49531,1.4059830804385953
49532,1.4511296273163055
49533,1.557608535103256
49534,1.2564153541798788
49535,1.0994334926783225
49536,0.6394839552231559
49537,3.052464326188833
49538,2.1776144199719596
49539,1.0737200156416407
49540,2.309837667933053
49541,2.1435395190109574
49542,1.374721934808754
49543,1.2834568386838399
49544,3.1142103844852755
49545,2.3099735553660565
49546,1.0205112069240343
49547,1.291931426074079
49548,1.979737430934705
49549,1.2473882003501586
49550,0.8424857790386611
49551,1.8357530834217712
49552,1.7214947033604133
49553,2.372342103450414
49554,1.845677128273877
49555,1.2825928819303485
49556,3.4697414277826724
49557,2.057614981165976
49558,0.6892430644150807
49559,2.7461944536807295
49560,3.164422216565903
49561,2.885038008487321
49562,2.1106323613900955
49563,2.5937961486690213
49564,3.877027632286797
49565,1.6944582553006597
49566,1.9219287224540693
49567,5.219835815986748
49568,1.9062414888199655
49569,3.36576127709138
49570,1.2093145429645773
49571,2.77463726455138
49572,1.0561531256737524
49573,1.6171372759108067
49574,2.392795731017941
49575,1.3291534139665444
49576,1.8721613373707129
49577,1.5436724865145521
49578,2.6759139984066493
49579,2.514308172042682
49580,0.9850552181110359
49581,4.6285269722144164
49582,0.7933793912207534
49583,2.228731003759407
49584,2.2000583017928648
49585,1.6172803238714692
49586,2.925557194462165
49587,1.406882950868912
49588,1.8869262086730387
49589,1.901534181548584
49590,3.520113616985874
49591,1.5949583096313944
49592,3.0366958292878934
49593,2.6252292185404826
49594,1.1671065613884082
49595,1.2812586407509912
49596,2.220688572114497
49597,2.381098358496615
49598,3.140131373758642
49599,1.1489877700800974
49600,3.1481833344643633
49601,1.690261627106409
49602,1.8083138432050205
49603,1.9218111375549825
49604,1.916151501654177
49605,2.368199109917036
49606,1.5189147345558993
49607,1.7815741571838046
49608,4.766710984898687
49609,1.2166151151629236
49610,1.6308219589014925
49611,2.3640852130574714
49612,1.544257479219219
49613,2.17812688281915
49614,1.5478385560068375
49615,1.6845958236882552
49616,2.555916753944217
49617,1.2577095293088902
49618,0.5274805154907085
49619,2.4479900684086573
49620,1.707971048482186
49621,4.992089294548741
49622,2.4066622336665304
49623,2.1907008360274958
49624,2.1647753207438285
49625,1.407736651631275
49626,2.120467778986594
49627,2.2710492745857493
49628,2.3022141571446397
49629,1.953014565488921
49630,2.5332808209395523
49631,2.085796188153786
49632,2.1813176388978235
49633,2.4371534189310893
49634,2.0052860472697276
49635,3.4861001638511837
49636,2.741795933749607
49637,0.5245502229755132
49638,0.9914511082122814
49639,4.2180751546386475
49640,3.8671972808873747
49641,1.7997742702712998
49642,1.3790563799550242
49643,1.4945249089172705
49644,1.4229020161108465
49645,1.9470903899598042
49646,1.3927904870046746
49647,1.7441945935670518
49648,1.140077862854504
49649,3.1963810742636127
49650,0.2605449114651748
49651,2.7068313569040185
49652,0.7253198340313602
49653,0.7275122900922071
49654,0.6128994730683033
49655,2.197071473666483
49656,2.1104247428907925
49657,2.7610767664670206
49658,1.6031244552630142
49659,1.719093789720219
49660,2.4902185570305235
49661,1.2449353550154072
49662,1.6357188525139037
49663,3.41786667562058
49664,1.1922645312669289
49665,2.172804566188347
49666,3.407365174241498
49667,1.3246638170647032
49668,1.9269984082508174
49669,2.6404978815026396
49670,2.24541163894758
49671,1.5401205893877403
49672,3.4248502610941216
49673,2.5225820551704174
49674,2.9748794185988388
49675,1.7688926444098314
49676,3.14138917330105
49677,1.3419258258104847
49678,1.8582347679641913
49679,2.491248938054497
49680,0.9916266732294119
49681,1.4616113998013134
49682,2.7729467671351955
49683,2.651372177474336
49684,0.7025957151401343
49685,1.8044070518004531
49686,1.4983267801912703
49687,2.344952265757229
49688,0.8339876130866486
49689,3.201518260631879
49690,1.8284842738463425
49691,1.3636342416699136
49692,1.3225948009551018
49693,0.8915109469606435
49694,1.799322032607563
49695,0.7382119867677943
49696,0.8930093314627925
49697,2.4029151958239865
49698,0.8150410263293963
49699,0.8473972379058665
49700,2.477147860162823
49701,0.6541786443274944
49702,2.0870161556223223
49703,1.9358523499851543
49704,0.6765827109118732
49705,2.136114288002375
49706,1.7076329257213558
49707,3.2070522372741834
49708,2.254543175994101
49709,1.5248810052128832
49710,1.5610619087690338
49711,1.5250092849553454
49712,4.130768472086189
49713,2.117298238172488
49714,1.4558681494433472
49715,2.3533118888878235
49716,3.0050941607329946
49717,2.4850510228081077
49718,1.8138876575711507
49719,1.231024446134839
49720,1.914513917570119
49721,1.6818667542140986
49722,2.162178304190647
49723,1.4508180877159091
49724,0.9563950565310222
49725,3.17516319567342
49726,1.0866799334828698
49727,0.4266442953150431
49728,0.8123755943850384
49729,4.861687183024564
49730,1.2248396115202098
49731,3.690249674526136
49732,2.2732728608731207
49733,2.32568727123153
49734,1.1801293864423386
49735,1.6120606696951754
49736,0.04551650031444865
49737,2.42094301379921
49738,1.6137757773929025
49739,1.9664305290508537
49740,2.2378003294603417
49741,2.0294012713136382
49742,2.3199771003705365
49743,2.3933352044962177
49744,1.8938405321413754
49745,1.4911564682835419
49746,1.9687251249499838
49747,1.8538824111481418
49748,0.9627617664301198
49749,1.7210489639783546
49750,1.5443882235547122
49751,2.3726787452854055
49752,1.6577939220193656
49753,2.590207151816159
49754,2.4786941519733148
49755,1.2333951935580387
49756,2.1833510435056525
49757,3.4365361886735
49758,1.0707146010038642
49759,2.0732078522714446
49760,1.5701126586019072
49761,1.3022469870545024
49762,1.8632509490625466
49763,1.8837465269402003
49764,1.606282154256533
49765,1.1332789617733
49766,0.8416629153504616
49767,1.6203894826439011
49768,3.9761957197946387
49769,1.9297604820488274
49770,4.049040510355745
49771,1.9208155899647608
49772,2.583533315271488
49773,0.9053293973375673
49774,2.1951234525464614
49775,5.184974480887938
49776,0.9034198634438724
49777,3.091745308943622
49778,2.3693405837982766
49779,2.7631909789480176
49780,1.884853294364433
49781,1.2041829507640642
49782,3.1531436527061203
49783,2.0862274978906044
49784,2.755342592782604
49785,2.649856462552215
49786,1.2225263406251088
49787,1.4823308427180208
49788,2.6788813097623674
49789,3.043019033482935
49790,2.9353541530470153
49791,3.6769266746737443
49792,2.1977900312046827
49793,4.911007540781583
49794,1.2519292836490052
49795,5.006566855812878
49796,1.6620657798768406
49797,2.138939958500089
49798,1.7829904134305252
49799,2.2905238264199355
49800,2.5283805016759686
49801,2.237193723493931
49802,1.7804802105914277
49803,2.203310482987952
49804,4.763251338634575
49805,1.7468852874703202
49806,2.4787765760525033
49807,2.411643780623983
49808,3.09145678373455
49809,4.409812209956627
49810,0.18911634255756127
49811,1.7394903828255934
49812,4.380568913914381
49813,2.7375741413451777
49814,2.193082848897461
49815,0.9588408672248505
49816,0.7237077921546984
49817,3.11648378940923
49818,3.1982981037294778
49819,2.0371581884324144
49820,2.9402993792755296
49821,4.207898867121244
49822,1.5238423836634922
49823,2.9020800818966492
49824,1.9450694396970718
49825,3.269957464677965
49826,0.571595783042433
49827,2.645710129729885
49828,2.4448738860420605
49829,1.7643876653214292
49830,1.5876582942794428
49831,1.861455080700388
49832,4.1106355347811885
49833,1.4371619615923166
49834,1.0232909713495317
49835,2.767477365278488
49836,1.1618738866648926
49837,2.368226852426517
49838,1.2328165605787333
49839,2.787081385332158
49840,2.471779855959838
49841,2.2140060689506313
49842,1.766243770535283
49843,1.5060538187940722
49844,1.7911212046369727
49845,1.1278953696184644
49846,2.67900772042627
49847,1.893888010906636
49848,2.1298829389940366
49849,3.381664806259181
49850,1.8766305960292087
49851,2.850314567708658
49852,2.0279979627122913
49853,1.9574655806382424
49854,1.8771844411878789
49855,1.5445782858425972
49856,2.0026149665902153
49857,1.018939315655338
49858,2.327100029258368
49859,1.3855673434286047
49860,1.3498906702585458
49861,2.65498752304822
49862,3.021518589414768
49863,1.282993355213165
49864,2.867498599628746
49865,1.7243565299076735
49866,2.249361597698062
49867,5.137835946858637
49868,2.8243748517693916
49869,2.338364551050681
49870,2.599094082949456
49871,1.0280526882464258
49872,1.9911130831224995
49873,1.9210611628732437
49874,1.4473492965256796
49875,0.423599908646473
49876,2.3863237989980064
49877,1.739083705187788
49878,2.140893687552115
49879,1.163551413878963
49880,1.5023242447970588
49881,1.8636619778362586
49882,2.3815122347646778
49883,1.2426546458657555
49884,3.5814961156688554
49885,1.4982337666345344
49886,1.9824325966732488
49887,2.651554052177211
49888,2.242222210013267
49889,1.5379819375496098
49890,1.5732207918364693
49891,3.637582015537177
49892,2.125917637615629
49893,1.7173899792587264
49894,2.148894242777992
49895,2.6592695442599563
49896,2.0748622896244626
49897,2.9572712705627
49898,1.778555398431024
49899,0.8503799528348495
49900,2.188577091471366
49901,5.899935442471758
49902,2.3759596553242446
49903,2.501801825473791
49904,2.3405872760914974
49905,2.5942241903252707
49906,1.0930157146679065
49907,2.9149933719569816
49908,1.9616146939736012
49909,1.705610123681197
49910,1.0857310995717881
49911,2.661668214499173
49912,2.2916627805544536
49913,2.2071820312177195
49914,2.466551238344792
49915,2.9138100928979895
49916,1.756285925701583
49917,1.5843223421624018
49918,0.8114978558740091
49919,1.9327293183758982
49920,1.3109482713250387
49921,2.800198541696801
49922,0.909048022335945
49923,2.1047038828683498
49924,2.5756835003075764
49925,1.8875947105861854
49926,1.771537483134722
49927,1.9198190385323457
49928,1.308300879668586
49929,1.5907636795837519
49930,2.82890562009014
49931,2.1457049804259967
49932,0.9599468666016051
49933,2.102069332572846
49934,2.0394691737358457
49935,2.8615902399511626
49936,3.807716899070371
49937,1.5948736593790969
49938,1.9918504300401452
49939,1.2241813611190508
49940,1.0831397277101615
49941,1.9844965246602229
49942,1.6674110744122999
49943,1.9680108250612136
49944,1.7384777728307128
49945,2.343376237458905
49946,2.115572346872405
49947,1.7488137180110783
49948,1.7563708042327733
49949,2.2655321702510562
49950,1.8303169183683394
49951,1.7500785188546644
49952,1.5818834632771726
49953,0.4365021073028075
49954,3.1087914846487124
49955,1.8847988064557626
49956,3.2951653256246374
49957,1.7682131865056334
49958,0.9079613600375609
49959,2.2440641593582527
49960,1.8125762039012656
49961,1.1897600632436252
49962,2.744003119139961
49963,1.548540613627793
49964,2.23702411306256
49965,1.72362454216848
49966,2.1465275983604144
49967,1.013622835330736
49968,0.8148937874798605
49969,2.9891927549400066
49970,2.322145779831878
49971,1.5373785741576143
49972,0.416377363500942
49973,2.0750555037103666
49974,3.527309276310497
49975,2.098356680487349
49976,2.3109899935654
49977,0.9558794913551338
49978,1.5084410427118016
49979,2.8846979584770196
49980,1.3652703850915415
49981,1.0267012847566548
49982,2.1171832036105798
49983,2.210122855584437
49984,1.7297763152750534
49985,0.9562135672075982
49986,5.305288152019465
49987,2.047775482597082
49988,1.8047984459684798
49989,2.37014841404482
49990,2.1053611830103023
49991,1.823687813595697
49992,1.680290500233241
49993,2.1237810080121378
49994,3.01738932604912
49995,2.8523766677939335
49996,1.496128597348715
49997,3.066291405708796
49998,1.9122997123205678
49999,2.693203723932072
50000,2.184317289646053
50001,2.3877458735406805
50002,3.9502202015778494
50003,2.972313185019104
50004,2.634171625670639
50005,1.7734157385646938
50006,2.379761820785454
50007,2.535070998461414
50008,5.14853722034416
50009,1.8674653824898613
50010,1.391203490490696
50011,2.986112405965251
50012,0.5399322352626044
50013,2.0946926476279373
50014,1.815067438499149
50015,2.278234005794374
50016,2.213113892543845
50017,1.5371388139418798
50018,1.513059816627404
50019,1.6616336082779242
50020,0.705860644956033
50021,2.6182049450523053
50022,1.6543640672869486
50023,2.535882558779626
50024,5.327514557723582
50025,2.1058005065383725
50026,1.1923385049887258
50027,1.1074152817013854
50028,2.2147785744790767
50029,2.0967449302089847
50030,1.9270248425965377
50031,0.43905277013864463
50032,3.5476895728108744
50033,1.9113013792332936
50034,2.6706856828772914
50035,5.107474730668393
50036,1.4068456424099551
50037,1.3627649253169452
50038,1.7224602295517784
50039,2.050473581952069
50040,0.38689792226226416
50041,2.2199362443655275
50042,2.0541751174928677
50043,2.701424210832556
50044,0.6249091749152456
50045,1.5495183007199813
50046,2.0866171557808
50047,1.2503311130126349
50048,1.8027234563155474
50049,2.3273190615566364
50050,0.9313422344848021
50051,1.9569076906330523
50052,1.6734823306039814
50053,0.9202110456384673
50054,2.246702160838659
50055,2.1601085284237627
50056,2.332957956134493
50057,1.5041918899267515
50058,0.6168190300573002
50059,0.755259915170754
50060,1.5187516878771774
50061,1.8881319819292628
50062,2.045115154144483
50063,0.9743480658117534
50064,2.786902218591152
50065,2.4250533532103944
50066,1.6628843402967135
50067,2.812510833412503
50068,2.173337944360256
50069,1.5509593107498176
50070,2.4306172767022645
50071,2.4629002632550225
50072,2.8001041499623085
50073,2.144252490540488
50074,1.8365487638693523
50075,2.0967270586229816
50076,0.6428364806185343
50077,1.5332741378365142
50078,1.9665255805806012
50079,1.4226873554797805
50080,1.4681399548535268
50081,3.2856816937468807
50082,2.109569503156955
50083,0.9405218437809282
50084,2.597465544037931
50085,1.175742822036895
50086,2.1125783308181596
50087,1.7873294668807986
50088,0.7880950695848483
50089,1.8436494717636691
50090,2.372524929225108
50091,3.343815849644379
50092,2.6791352049810655
50093,1.7022226971551007
50094,0.9297033920359326
50095,1.7112704812627157
50096,1.195888006960672
50097,1.2643216459701065
50098,2.8186504776310386
50099,1.114995818773572
50100,1.4815750167940251
50101,2.649893678385652
50102,-0.47839651811630546
50103,2.77832103412171
50104,2.0337956623109292
50105,0.5243240288861841
50106,2.268919336985064
50107,1.6131829876327402
50108,0.7142815182156994
50109,2.151978468253695
50110,2.06875753763849
50111,1.938258112429338
50112,1.956793260837152
50113,2.8479995359735994
50114,0.24132649756452196
50115,1.544898733050502
50116,1.028132887537808
50117,1.0739629300500866
50118,0.774536501993353
50119,3.1097203303970673
50120,2.1848665410735464
50121,1.9448834837038973
50122,2.1367989814564794
50123,1.3306878906626949
50124,0.7097920008449137
50125,2.6309729718342254
50126,2.798106218667705
50127,1.9069506250408423
50128,2.050583074633792
50129,1.9641422193958604
50130,3.299223994959334
50131,1.947988621191925
50132,1.1854383588192974
50133,0.9881051769471227
50134,1.26689668663019
50135,2.416229978326932
50136,1.5287386659360394
50137,2.6319571419925722
50138,0.20099201511258968
50139,1.3946780150537847
50140,2.7231817128325844
50141,3.3307437055344593
50142,1.621866907579708
50143,3.682383778854188
50144,2.464356737803108
50145,2.428001842378343
50146,2.6315802963898918
50147,2.851736027392306
50148,1.5342403918171001
50149,1.5328582388842733
50150,2.5996623474698666
50151,3.1621157887440816
50152,1.0404940012110586
50153,1.9939452048281083
50154,1.9004193308918715
50155,2.586345044435788
50156,1.6310497618727382
50157,0.4863786583524856
50158,2.5460762628744433
50159,1.26448173701894
50160,3.1164920156922165
50161,0.918318474180154
50162,1.2935544216275119
50163,1.6706602925638663
50164,1.9176688397101316
50165,2.418255920054591
50166,1.1740513458496622
50167,1.7152397475106653
50168,1.7814401379184446
50169,1.1739202330226348
50170,1.554291090603293
50171,2.647048027977732
50172,0.9013641542562851
50173,1.2593640294241268
50174,1.9124673027074977
50175,0.9672375835759155
50176,2.3565472114708044
50177,2.8587789089067215
50178,1.1577622643307564
50179,1.5966990825258662
50180,1.7580292138623363
50181,1.2797242521164591
50182,2.6641510229393717
50183,1.6077828193900316
50184,1.8380209755767112
50185,1.7139989520523145
50186,0.8601792326046933
50187,2.5761891177382097
50188,0.9111598722185974
50189,1.7885485420034684
50190,1.853562574136582
50191,1.0522080076792548
50192,2.780732426531884
50193,1.829459462095734
50194,1.811416695648532
50195,1.2181637459954686
50196,1.235115923142196
50197,2.0151365803030785
50198,1.8212276573574897
50199,1.887365140549285
50200,2.321508066717456
50201,2.640300195424828
50202,2.8472261649134722
50203,2.1715930687103366
50204,0.575623323710154
50205,0.8175191947177183
50206,1.3851028234572098
50207,2.639613735646776
50208,2.6624790911011402
50209,2.00030347335467
50210,3.4714792508938856
50211,2.33873059456819
50212,1.726823712709738
50213,2.959217254484315
50214,2.2489576732270464
50215,2.7087654713537006
50216,1.304106037273236
50217,1.0003042198326142
50218,1.5974637563637017
50219,1.4570804670227204
50220,0.8985128296041367
50221,1.1767886206914042
50222,2.3220930861128863
50223,1.971722945274216
50224,1.0850625587006988
50225,2.555420608272563
50226,2.74749608008495
50227,1.1491452467765413
50228,2.1243928136205597
50229,0.5870220093060396
50230,1.7543061154715573
50231,2.1058094000721184
50232,1.90724212312022
50233,3.776599039277748
50234,2.2810664052521545
50235,1.015876884756132
50236,0.8809671825720784
50237,1.8650446535512444
50238,2.393233130903184
50239,4.219644822040536
50240,3.4213874963617315
50241,1.13901484133266
50242,2.3287967499577107
50243,1.7016754470354272
50244,2.4154954856230404
50245,2.327232319636643
50246,1.6416355372755262
50247,2.2925731679374053
50248,2.146584755058292
50249,1.8415717548318682
50250,2.3377221115200655
50251,1.529471367160987
50252,0.9188555129468341
50253,2.5740489737752625
50254,1.7124489078946254
50255,3.258245034866029
50256,2.2037920059857115
50257,1.5643443520819744
50258,1.1384218740046137
50259,2.975492312551161
50260,2.5123169790051776
50261,2.9654563842652806
50262,2.717962569086197
50263,2.0470437268941026
50264,1.662547837781574
50265,2.155830953910126
50266,4.014590391191341
50267,1.0108236757178872
50268,2.313794480300622
50269,2.9381855822060245
50270,1.4720357999601887
50271,2.2604651885919793
50272,1.5940405026458393
50273,3.096881832106803
50274,2.248409496217981
50275,0.7473650095908724
50276,2.6841663819959294
50277,2.535648067529685
50278,1.798945398684772
50279,1.9040197428021628
50280,2.295279603757322
50281,1.9939608389550685
50282,2.0482609519528907
50283,0.8355870312121212
50284,0.9276300209229404
50285,1.399342811454943
50286,3.253344215199462
50287,2.0651419042734602
50288,1.095670473551273
50289,4.071646623386215
50290,1.294383373512531
50291,1.8500351359715168
50292,2.3328044475555956
50293,2.283854570456228
50294,3.3181886392496622
50295,1.5263670290523024
50296,2.6428409791331404
50297,3.7714560886925383
50298,2.188508955454296
50299,1.066974369700091
50300,1.2520142851493645
50301,4.1663494882713366
50302,3.7491714276449315
50303,2.339293008813428
50304,2.992406392481051
50305,1.9864088177641293
50306,3.092085047613679
50307,2.44419883178945
50308,2.0414296149302587
50309,1.5365644505599647
50310,1.0530939404527047
50311,3.6670970515396704
50312,2.2325194740641763
50313,1.4716591583745853
50314,3.1157736038183685
50315,2.3543203524784744
50316,1.4417220336524963
50317,2.3584724591927753
50318,2.2553233500717482
50319,2.5950700801689166
50320,4.2608951207612975
50321,3.328207499836509
50322,1.6789775062549026
50323,1.5069033791641289
50324,2.3648747368186775
50325,2.155235147022047
50326,2.460871231798805
50327,2.0631061647230595
50328,1.6662108961027187
50329,2.0990380811768006
50330,1.3433422088248648
50331,1.3722618199679388
50332,2.852914789838735
50333,5.38253526202017
50334,2.436629308385214
50335,1.6457496570095813
50336,2.3856556938441287
50337,1.6726996769299944
50338,2.480132011933776
50339,2.438393011747884
50340,6.191020607069248
50341,1.2876445027378054
50342,2.606476708950524
50343,0.9673864544352355
50344,2.362873671089048
50345,2.1341429652952826
50346,2.8290273936393007
50347,2.020066342509949
50348,1.9275406468264151
50349,1.5365813902192826
50350,1.334999365194676
50351,3.197732224734864
50352,2.4600689325946234
50353,1.0790648831827028
50354,2.123694152030538
50355,0.9318893474520706
50356,1.7885087626308689
50357,2.2482042157613478
50358,0.8949590973468489
50359,2.633432349647947
50360,1.2734366087290496
50361,0.7178738084858622
50362,0.7724779474018106
50363,2.1622192437458807
50364,1.3759153967123368
50365,1.657407805205068
50366,1.7390895760524572
50367,1.055485849998604
50368,2.914516793854517
50369,1.3319481554575745
50370,1.1520200806957845
50371,1.2985775427014659
50372,1.8701693262690426
50373,1.6166699746602262
50374,1.7122305082141622
50375,2.1666777715662633
50376,3.718098217281984
50377,2.2062688681254983
50378,2.0893578685740906
50379,0.8768263669040195
50380,2.0475656653792242
50381,0.8759971720309565
50382,1.014369893470871
50383,2.6728690288850387
50384,2.090492945097907
50385,2.494130135884916
50386,2.421332787858688
50387,1.1584420192908098
50388,1.6980224122969005
50389,1.1424325146181147
50390,1.9522509269596213
50391,0.7932352340497957
50392,2.3119581176154895
50393,1.9918273964838278
50394,2.513677838299678
50395,2.9670597903592153
50396,1.3610913552324675
50397,2.1920325317768246
50398,1.6743700785027826
50399,1.4670691018871906
50400,1.3905871492665156
50401,1.6982333487544423
50402,1.737200898069375
50403,1.3455955763464686
50404,0.9409291648945413
50405,1.5991666207140867
50406,1.8583974166450616
50407,2.823018483208429
50408,2.362017414478153
50409,2.7046771740898023
50410,2.631851087650702
50411,1.9368498617928722
50412,2.7532348399570665
50413,2.8552573508719377
50414,1.480055498406763
50415,3.2390542519543786
50416,2.0242010754528152
50417,1.6900745014186427
50418,2.058649603038404
50419,1.44867768111704
50420,0.9655369247200412
50421,1.7453736301764238
50422,2.147046022290624
50423,3.8906505850046784
50424,2.001236267718859
50425,2.5474820521384487
50426,1.619879065517651
50427,0.7123856036330238
50428,2.082059131205675
50429,2.1963615527421254
50430,0.9608245922601171
50431,0.9449612370040725
50432,1.439603386917426
50433,2.91647916511954
50434,0.6521148169370719
50435,1.9140480429525795
50436,2.878682621671622
50437,1.2525781663834294
50438,1.15957277548992
50439,4.272155433842663
50440,1.815517799757714
50441,2.048427716383884
50442,1.9977858370959893
50443,1.8793387667122943
50444,0.9050108382583488
50445,3.782490963988714
50446,1.543906474844249
50447,1.402896205209295
50448,1.7684960227908988
50449,1.1016762610198896
50450,2.474145890555654
50451,2.828012307984679
50452,1.610678807235864
50453,1.534096443918628
50454,1.7970267645632276
50455,2.2437187154177494
50456,3.0172821628036246
50457,3.511013719509471
50458,2.87182638007463
50459,1.733102672513951
50460,2.4262502980975924
50461,2.036698404709483
50462,0.9150516073311366
50463,2.0366876351096153
50464,2.405016383739536
50465,1.4505728206625577
50466,1.7356178740058823
50467,1.3508746620197698
50468,2.2821790421588375
50469,2.8608090381677798
50470,1.8152194389047835
50471,1.6377150657611068
50472,2.0642787550601795
50473,2.268925455642325
50474,2.404234146273069
50475,1.943590351662749
50476,2.0950245477996248
50477,1.1667432371749342
50478,2.6453377012997024
50479,3.004316409344696
50480,2.3774036467677675
50481,2.4361063698992638
50482,2.9900100945809527
50483,1.559458297717228
50484,1.7449156542134006
50485,1.5722078878809924
50486,1.9011339084654253
50487,0.8936352155753582
50488,2.9944445107719773
50489,1.6252240018745283
50490,3.6493287179270553
50491,2.8000700017600906
50492,3.6528705181742467
50493,2.3579490139349346
50494,0.41209605704379726
50495,1.397846628651358
50496,2.301243973421329
50497,1.2797127652033424
50498,1.8816703522062497
50499,1.5712061444350027
50500,2.274067437403687
50501,2.4638063073262586
50502,1.3146178340402344
50503,1.7406832266880556
50504,3.4799355687616824
50505,2.8203547232821222
50506,2.0015929459597217
50507,1.0238195046807803
50508,3.2783315916185387
50509,0.8500408065981588
50510,1.2893744155279236
50511,2.431187861215669
50512,2.3398785275458422
50513,2.0175089775113193
50514,1.2290794204409963
50515,2.282164286562619
50516,1.6566234831449904
50517,3.124082315055432
50518,2.1759305928663295
50519,1.4800303968404123
50520,2.7731126542069973
50521,0.7448140345849907
50522,3.329249002873418
50523,1.825557201205882
50524,2.961940911458967
50525,1.578888321670867
50526,3.0744243716910944
50527,1.712693967430063
50528,1.6514971767336988
50529,1.8143574890808765
50530,2.9781344578261013
50531,1.2484747665559581
50532,2.288927516613498
50533,2.910642880461296
50534,3.3571512290086147
50535,3.091916962070407
50536,2.0704359143745847
50537,2.4976554740914594
50538,2.042218525293876
50539,2.394792385341802
50540,2.3808457327154002
50541,1.531628752635136
50542,1.9597381489097998
50543,0.8705425431082645
50544,1.9680417512670374
50545,1.254763774888481
50546,1.7628993062433977
50547,1.7607551707250266
50548,3.347193726691721
50549,2.710191103496385
50550,2.162397134679587
50551,2.3409676573221034
50552,1.4110772465660446
50553,2.266881366385981
50554,1.4347626130543816
50555,2.169228671051748
50556,2.168544271306807
50557,2.8057644118994958
50558,1.6742750886401865
50559,6.433674800616139
50560,2.8971480598699983
50561,0.6476946724742163
50562,2.9968170702781194
50563,1.8379651392627636
50564,1.7523813844195786
50565,2.3416152768195104
50566,2.3440528605497803
50567,0.9000604897511906
50568,2.602562779515104
50569,2.677569010538001
50570,2.4772545362732714
50571,3.675926682272781
50572,1.759605224646819
50573,1.55201629561207
50574,2.812484622438852
50575,2.4715470792170535
50576,2.673590364225113
50577,1.7875302986172343
50578,2.129732533944349
50579,2.7290723808945714
50580,2.4584960734345103
50581,1.8021488256140685
50582,1.7477132725935078
50583,2.8213337855355647
50584,1.7517056201151178
50585,3.3116189083701855
50586,1.968986058868822
50587,0.8369170753370554
50588,1.504366792460857
50589,1.7714297752924324
50590,1.801973256677421
50591,1.9355618597657411
50592,0.7051882238585065
50593,2.226441095662125
50594,1.2657111577380462
50595,2.7544938531985963
50596,0.935204080352257
50597,5.35476725389848
50598,2.152764017569261
50599,2.154131486402015
50600,1.5798535659977233
50601,1.7001711812083897
50602,2.0221722104304263
50603,1.9403145086559448
50604,3.0900945502542285
50605,1.6897915545613102
50606,1.8633587871781572
50607,1.7376538776910166
50608,2.4645933269497746
50609,1.3304449245715588
50610,2.401889801272965
50611,0.42526588106776586
50612,3.157546279728173
50613,1.7000204219505264
50614,1.7737175538592922
50615,2.402134961681085
50616,2.490351070732224
50617,1.854208788986071
50618,2.2823349686599954
50619,2.153513845383543
50620,1.9454095510493943
50621,3.6465345123434574
50622,3.4280523879745246
50623,1.3568758354965382
50624,1.0031980971884806
50625,2.359252731066533
50626,2.05407085788913
50627,1.7393484413421731
50628,2.529624438000596
50629,3.629191062042864
50630,2.4150339160325487
50631,1.9810186363113544
50632,1.2482926066749016
50633,1.157969440699496
50634,2.8078841077361787
50635,1.3205893400810425
50636,1.4235739150488627
50637,1.674796442603018
50638,2.0825011116328724
50639,2.0086396033261025
50640,2.2385282832750306
50641,1.4987332712264418
50642,2.6624208502722553
50643,1.8771440700871693
50644,2.379557844181086
50645,2.4819095981479933
50646,1.9872969621894185
50647,2.24652170248919
50648,1.9013384231624713
50649,3.0728131674205272
50650,1.1366708392840863
50651,1.936384830005018
50652,2.1619117488936723
50653,1.1681242840501014
50654,1.4763368581596978
50655,0.7010410156456075
50656,2.0545474995732107
50657,1.8011520666450807
50658,2.3116040727453964
50659,1.7535005050087804
50660,1.3630541559750213
50661,2.6569509131571465
50662,2.0545893386045506
50663,2.9418512706209796
50664,2.3005901933379036
50665,3.531519403541296
50666,2.363517621602007
50667,1.7202366139751248
50668,1.904840567266831
50669,0.9214173651517967
50670,2.241964577436015
50671,2.3125106583020525
50672,1.5145146173332762
50673,2.1644821780524808
50674,-0.292580871549319
50675,2.9421819141550714
50676,2.357238541717301
50677,4.914237633361019
50678,2.5129324649272533
50679,0.890284511079038
50680,2.5949450514341876
50681,2.770599071267604
50682,3.9573296762085377
50683,2.0482662059476624
50684,1.4985909698051287
50685,1.788526050183151
50686,1.6419336722587374
50687,1.7467365322237
50688,2.8837813268615022
50689,2.8257681303388082
50690,2.468916725145604
50691,1.9809240714968226
50692,1.272936321604078
50693,1.707375829271335
50694,3.228168491283732
50695,1.5999769585060264
50696,2.4120415703586318
50697,0.9892163574396875
50698,1.6329670324521715
50699,3.187954754805574
50700,2.240463546201866
50701,1.9668693619982136
50702,2.514719575717592
50703,3.4656036768764125
50704,1.3742644103967194
50705,1.036845712074438
50706,1.7319452540292488
50707,2.6036505823659866
50708,5.762858257197337
50709,1.9698820793810015
50710,1.8603130655683202
50711,2.250544952223933
50712,1.91253102228427
50713,0.7477365882441234
50714,2.754603943601893
50715,2.3922012840978084
50716,1.6905205996557413
50717,1.048065919576878
50718,2.806081267987217
50719,2.3473749645842688
50720,1.741473690599932
50721,2.262070613875764
50722,1.3053100139360367
50723,1.747993093791095
50724,2.240105175162924
50725,1.677144268535784
50726,2.4343857967960005
50727,0.8312468928905474
50728,3.1081629867643343
50729,1.8889942035311762
50730,1.1350689593362446
50731,1.0845809559351594
50732,2.427920530121071
50733,0.9248258975753174
50734,2.0632334092294826
50735,2.532838507582369
50736,4.632427072525601
50737,1.9557707688945527
50738,2.268545903063
50739,3.5660907191843805
50740,2.0662355801404786
50741,3.227627037063364
50742,1.73318285878684
50743,2.480717359920803
50744,1.6313297583175626
50745,1.107296901667823
50746,2.237493233175691
50747,1.2567636078894395
50748,2.6274395420586956
50749,2.0988145656552035
50750,2.8127411673031517
50751,0.6399807361583925
50752,1.6545260284050087
50753,2.0740459425263467
50754,2.6546424858320137
50755,1.154952265160638
50756,1.6029326812449014
50757,3.9419071947450917
50758,2.2789736788280166
50759,1.9494005936588508
50760,1.72449341595118
50761,0.964598261753224
50762,1.4747009545033691
50763,1.61576091206895
50764,2.2143379450104987
50765,2.0876891972089098
50766,1.9116084156565236
50767,2.481106364879615
50768,1.2151239633826592
50769,2.007091924087014
50770,7.525349648985831
50771,1.92617318974429
50772,2.191719480006391
50773,2.666020073908335
50774,1.985392517246268
50775,1.9174664442240257
50776,2.2645297280619303
50777,3.1700729744662652
50778,1.441214018994117
50779,1.398616408635128
50780,3.3055888350783533
50781,0.9834358727590384
50782,1.9357326367811254
50783,2.53681050924493
50784,1.642070894954223
50785,1.486269800728877
50786,1.7019226307701558
50787,3.4878049906634416
50788,1.3067376771845431
50789,2.970102433102383
50790,2.2297448549586676
50791,1.4549740062391763
50792,0.41147738345435414
50793,2.3937488058179284
50794,2.2084759709142645
50795,2.6728090406001286
50796,3.4323849147459455
50797,1.8107339801939588
50798,1.5467245306291062
50799,2.0198903267874613
50800,1.666599390618508
50801,2.487532010791888
50802,2.3447687899669276
50803,2.4171953118237397
50804,3.2449728035075296
50805,0.793674757221325
50806,0.7302985156313966
50807,1.8008128736569944
50808,1.4303500612788156
50809,2.2484582974849374
50810,2.7828377013644214
50811,2.219362370819205
50812,1.7068243806209935
50813,2.623519806255871
50814,0.9273439493785176
50815,2.46576316042281
50816,1.5067238739880295
50817,2.2653185885946385
50818,2.0510853579924273
50819,2.2724859491763567
50820,3.0606253264512517
50821,0.9041056317564085
50822,1.4723662788286447
50823,1.641088731994003
50824,3.977499283756657
50825,2.2316271272102313
50826,0.825792235951738
50827,5.477123626075823
50828,1.5900409262185846
50829,1.4909910144162168
50830,0.580273795031303
50831,3.306025073726971
50832,2.5125307752865
50833,2.06051350334166
50834,0.37760953669438635
50835,2.641399874862387
50836,1.6848482250006995
50837,2.3209599200510738
50838,1.6456206467302508
50839,1.4429150960448354
50840,1.8253314110877028
50841,1.2620694953292926
50842,1.0232362049262633
50843,1.9481163749500539
50844,1.5233625924956797
50845,3.2737930913587547
50846,3.163670412431138
50847,2.0412274089892932
50848,1.9311637416872784
50849,2.095936885485372
50850,5.26742009528558
50851,2.544990243317642
50852,1.6050383732413636
50853,3.4130387972217946
50854,1.909125519317456
50855,5.563380141658449
50856,1.9587820318806237
50857,2.436453986291454
50858,1.1382765162554804
50859,1.5389305364582242
50860,1.6372011831737225
50861,1.4674814616500669
50862,3.2439304488225957
50863,1.604536747756633
50864,1.6703019970054882
50865,1.0386847302779572
50866,1.0194140589831804
50867,2.5447557744721507
50868,1.8557825441729392
50869,2.1361189262075797
50870,7.125027455828871
50871,2.607371676140417
50872,1.6890785083075102
50873,1.419761308965981
50874,2.7946175813377465
50875,2.3190092862343334
50876,3.811065290284759
50877,1.6898133248583278
50878,2.8070321724450835
50879,1.8612949687104532
50880,2.0181123566503842
50881,3.184122502452638
50882,3.664842637584421
50883,2.617143960344194
50884,1.7533696600876567
50885,2.674013700953246
50886,1.2904635966975064
50887,3.614422469015402
50888,1.1684857353499183
50889,0.8550662109656457
50890,2.1345584263594475
50891,1.1364772707748543
50892,2.518109494209689
50893,2.1316778948280657
50894,2.4214964713017295
50895,2.7976569257678108
50896,2.6960364865862303
50897,2.5154203693865966
50898,2.194756262479757
50899,1.2698467194721914
50900,2.1528793383009983
50901,1.0615663353240947
50902,1.7555779988257214
50903,2.2151038867162924
50904,1.0587616923243033
50905,2.234137343096357
50906,1.4432805684941172
50907,3.0531392445643135
50908,3.1632487242261433
50909,1.455459434795884
50910,1.098743319249536
50911,1.9524572828985356
50912,2.0997956933806563
50913,3.1685305947090967
50914,1.7926084162522002
50915,2.1097973698243635
50916,1.7428787508262005
50917,2.384320791145548
50918,1.4413798705476708
50919,1.9198069235770134
50920,3.035651028385587
50921,0.8693032682817545
50922,0.830770062895219
50923,0.9756518275379733
50924,1.9311614415340514
50925,2.716204481042169
50926,2.1395443040194024
50927,1.9375810826302313
50928,4.118090051756212
50929,1.2296094925942782
50930,2.2292604303907098
50931,2.087451801585118
50932,1.0875685119579188
50933,1.7467382008874779
50934,1.672909673578971
50935,2.8350291143117445
50936,1.4605953152402762
50937,1.4750219093723302
50938,2.997817998406589
50939,0.9594395863889176
50940,3.0400709477840095
50941,5.513380585605347
50942,2.6790455196618552
50943,2.574348885929844
50944,0.942815629953671
50945,3.6905601660939595
50946,2.5709474257375646
50947,2.0847591540760178
50948,1.9428434355045567
50949,1.9382001898304608
50950,2.5399040017931753
50951,2.077726601513625
50952,1.9956491056303847
50953,2.758610910264423
50954,2.059267591148405
50955,1.8356180591253022
50956,0.86387709924864
50957,0.7127049241632122
50958,2.4114162926108946
50959,2.3879610587160798
50960,2.811851910933399
50961,1.6890440626197574
50962,1.5569599386047557
50963,3.1264572599200733
50964,3.691900467987665
50965,1.966327437152252
50966,1.4068743145904818
50967,2.408237341660886
50968,1.4927289374391677
50969,2.4763722765555656
50970,3.7599947433906493
50971,1.2961276570574825
50972,1.4961381529292765
50973,1.8760374078299549
50974,1.8281120170044218
50975,2.3029530211505573
50976,1.8566046922985535
50977,1.7796687512403935
50978,2.974948856909755
50979,0.6186657685596586
50980,2.3321450385946534
50981,1.993086119109968
50982,2.2744307067993716
50983,1.6056932501422096
50984,0.9065902771802428
50985,1.3213376881816288
50986,1.8437784592982212
50987,3.294998003610708
50988,1.6602170625365318
50989,1.0717154220371796
50990,1.962811301488486
50991,4.9515416587600285
50992,1.5249058870725065
50993,2.2124405293075355
50994,4.587269044207865
50995,2.2800268971294315
50996,0.8141890310791098
50997,1.9884352991566985
50998,2.437382314637347
50999,3.1289340968287647
51000,2.1913851996750466
51001,2.0525937802322076
51002,1.1956442459965686
51003,2.4634320090212185
51004,1.5710220385595122
51005,2.4089873130429
51006,2.009328316115976
51007,1.0326378374172265
51008,1.5709047170674424
51009,2.9572049462594023
51010,2.4687432334813764
51011,2.003805200270669
51012,1.6900725805723056
51013,2.7425636639059476
51014,2.969831532210769
51015,1.7878036103231025
51016,1.1456096612667608
51017,2.2670255552064162
51018,1.6738871997019373
51019,3.3430275396752194
51020,2.362897002232785
51021,2.195392166269272
51022,2.2395632935935055
51023,1.3481159866387102
51024,3.074497254615821
51025,2.689725309587139
51026,0.7520987038450571
51027,4.514673870960223
51028,1.717490040232633
51029,1.5379141250409063
51030,1.7998093728434057
51031,1.5676342736433853
51032,2.27648611127686
51033,4.96010337787726
51034,2.410552766874808
51035,1.7066198348704589
51036,0.6161489582037021
51037,1.4701143510815626
51038,1.8403779122240636
51039,1.4583329918143875
51040,1.4760425665839065
51041,1.5190064303142918
51042,1.262051190195855
51043,3.5642370868887383
51044,1.8058064067548543
51045,1.6993781440349238
51046,0.6923197372848833
51047,2.061643511681126
51048,1.9732366385114801
51049,2.148751991421584
51050,2.860576824847506
51051,1.6424289679343076
51052,2.647336039311945
51053,1.5287912971085404
51054,1.5967743178532174
51055,1.8514008171566019
51056,1.7011078414136946
51057,0.7308731865299123
51058,1.615794690337843
51059,1.3409289426152924
51060,1.1161222417136827
51061,2.574820355737728
51062,1.3515148276775122
51063,1.919496612610267
51064,1.1407400254563171
51065,2.4018369826413846
51066,1.883930163657304
51067,2.792137187636449
51068,1.3474486917667292
51069,1.295161445211619
51070,0.8928145069945757
51071,1.2170996136165968
51072,1.681562813740996
51073,2.6132730088420715
51074,1.8526677819408306
51075,2.7994242760595895
51076,0.8331149294572313
51077,1.6148818076135498
51078,1.3661161558659387
51079,1.4990326988293035
51080,1.5600393680386517
51081,1.850882105251074
51082,1.3839114439161264
51083,1.089440805431984
51084,1.7501044560226973
51085,2.0517775661831976
51086,0.946456190677111
51087,2.033489056900649
51088,1.6292404942268206
51089,1.578351577855571
51090,1.0433900015052089
51091,1.8962394138867964
51092,2.422400883782174
51093,1.1619455192297892
51094,2.7715181047982966
51095,3.1522849502101096
51096,1.8083194759828274
51097,2.0563528198624965
51098,3.793380189677592
51099,1.4287127726260422
51100,2.1914281325044698
51101,1.7101095631229626
51102,1.5881786940887537
51103,2.4346606318563317
51104,2.116167695688411
51105,2.2007662185225527
51106,1.7088374852647163
51107,2.841443047773055
51108,1.1268051944096271
51109,1.1118258204391225
51110,1.4213033236278463
51111,2.0982647023775343
51112,2.9143794373137624
51113,2.1285863788126065
51114,1.6217755882604692
51115,2.586398816446078
51116,1.7501671707627011
51117,2.3397012957206442
51118,2.1940447713496383
51119,1.0222090735028928
51120,0.9301584321081009
51121,0.983042474034761
51122,2.0108480174063033
51123,3.9690899724139754
51124,1.9119760317060894
51125,3.6281039116696476
51126,1.724864720145419
51127,2.696800962949773
51128,1.7622158910845869
51129,2.2381975781870267
51130,1.5589155111153516
51131,1.6907062217868827
51132,0.8255350625527598
51133,2.259749778013372
51134,1.4708065258316978
51135,2.477802437496784
51136,2.048559982503093
51137,3.6237536740713594
51138,1.7843154677031308
51139,1.8092929494409304
51140,2.326503181399559
51141,1.6977765923248427
51142,1.6456563229809476
51143,1.0668429115210714
51144,1.5349273665363228
51145,2.547735708029343
51146,2.2347945652507946
51147,2.2610518851111934
51148,2.1036674445551427
51149,2.8075852550871687
51150,1.5657388410849649
51151,1.0883954760831784
51152,1.5727449648090186
51153,2.4176366939014358
51154,1.7851904858974308
51155,1.5673864215593696
51156,1.8250656742029108
51157,2.155798615607665
51158,2.368656544181171
51159,3.9423806308859497
51160,1.250933953071879
51161,1.6404995205677295
51162,1.5617076047839262
51163,6.15334441583213
51164,0.8438465765296996
51165,1.515867112009083
51166,1.2788573833023733
51167,0.8677252147281607
51168,2.5076734764218074
51169,3.4446966462413755
51170,2.0368638888917587
51171,1.6803378269110567
51172,1.779589957026758
51173,1.1477676891466047
51174,3.0709953737260207
51175,2.7377951429844813
51176,2.5048484177347774
51177,2.2297123006660016
51178,2.0691202946341107
51179,1.8648241663231886
51180,1.5648595923299737
51181,1.2995426291194718
51182,2.03193908929876
51183,1.6479702659545907
51184,3.4074999156599404
51185,0.6834414227280092
51186,1.4624107095614391
51187,1.4600283546704773
51188,1.9861406859174977
51189,0.7061128630078102
51190,1.9993117052732643
51191,1.0239325277896185
51192,2.8837907129328
51193,2.063321600413751
51194,2.1562514368918286
51195,1.6897851319857935
51196,2.809028163513389
51197,1.8654560286619173
51198,1.7818663082710913
51199,2.734804391401333
51200,1.445869565937194
51201,3.2417034764573884
51202,2.230057994334018
51203,1.941595955032497
51204,2.8996129971654696
51205,2.469256593313929
51206,1.7973315189973675
51207,2.5623136957865142
51208,1.2091373352437103
51209,1.3230556747239177
51210,1.7852808782572467
51211,1.4744327796526377
51212,1.9943114746899795
51213,1.2753416987687984
51214,3.8485454261881458
51215,1.8368105908876586
51216,2.6817316190483567
51217,2.569700497608757
51218,2.431586968517408
51219,3.0027167762376905
51220,2.0493160689257124
51221,2.8800515112860623
51222,1.9231142535808416
51223,1.08560622936848
51224,1.5610293009079328
51225,3.161906462514608
51226,1.210321565897793
51227,0.9356559343327575
51228,0.7117174402897248
51229,2.8856104336061676
51230,1.2700305705181592
51231,1.497578185438634
51232,2.1743179421778223
51233,1.6365686848482568
51234,2.598007100463178
51235,2.921400878110937
51236,3.0714617076174804
51237,2.399647290368293
51238,1.8208972440921656
51239,3.036701920427035
51240,2.1023506347538046
51241,2.174647626415009
51242,2.200558296096446
51243,1.5753643397159038
51244,2.421114784745548
51245,1.9504149679702536
51246,2.3624198784064134
51247,1.6621433586464462
51248,1.8314214821759265
51249,1.6946474788526658
51250,1.2651340713902783
51251,0.7505291500331808
51252,1.4454519889030095
51253,2.3315092588589366
51254,1.7979973061520909
51255,2.029004576986324
51256,2.1066113384219065
51257,1.5955599879179374
51258,4.756520985286386
51259,1.7167958258412312
51260,3.3363999672587497
51261,1.5271413233029278
51262,1.6443906164472963
51263,3.006676705346443
51264,3.0045343114101257
51265,1.4526407844451938
51266,2.605512103895556
51267,0.5040429552786279
51268,2.0852873883026533
51269,2.2048764706721613
51270,3.3917950415969145
51271,1.8782143297141403
51272,6.361585036036267
51273,2.2822622081626065
51274,1.9646997449734087
51275,0.784622033540046
51276,2.0805459667774286
51277,1.7542455911847128
51278,0.8894016200817774
51279,3.25602281137666
51280,1.862157908660933
51281,3.0180396592605305
51282,1.512117203696988
51283,2.61304899841258
51284,1.0909342819996013
51285,1.8770159226375824
51286,2.2659525971419754
51287,3.0209350219036324
51288,1.9522861340931925
51289,2.0222934777673984
51290,1.6887656400230497
51291,2.350472098188483
51292,1.8948681269700032
51293,2.7426542868869603
51294,1.24798380454763
51295,2.936983293043916
51296,1.4779797047132135
51297,1.592600043013391
51298,0.838771799511477
51299,1.5163519486551849
51300,0.8832218052664444
51301,1.6635015203509838
51302,2.7247270842770845
51303,2.989955102898932
51304,1.4970700601620166
51305,1.686948011599533
51306,1.7369667766537518
51307,2.1048072416024937
51308,0.9117239263216064
51309,3.153483606717643
51310,1.8790690830220669
51311,0.5842171283625817
51312,1.7727949550525608
51313,1.8118927626049484
51314,2.1255677008860516
51315,3.5088138946424863
51316,1.1131456126604249
51317,0.8388686338523144
51318,3.070734383941506
51319,1.7637573668692355
51320,1.941661690360256
51321,2.7447423216209046
51322,2.6123736180012926
51323,2.118654483098915
51324,2.3276576660509747
51325,1.2764164867589045
51326,1.7106787876283747
51327,2.0399635948142816
51328,1.1424640036348421
51329,1.6928923903374127
51330,1.5483222315172256
51331,2.9535703269320095
51332,4.000094399055428
51333,0.27663783050001456
51334,2.4184503450597177
51335,2.6136882084032536
51336,0.503303578409259
51337,1.7442716906883007
51338,1.7758487363576663
51339,1.0121885309306577
51340,0.7078000901828432
51341,0.7882011293108775
51342,1.6554614439435298
51343,4.269992631016272
51344,2.662497955553505
51345,3.6763136423677523
51346,1.4738492705151174
51347,1.919146288123713
51348,1.8017138392562728
51349,3.1990324123948994
51350,1.1252918453211294
51351,1.0578291549192613
51352,2.2236239136333467
51353,3.11359847922801
51354,1.660483965386348
51355,1.199917835539658
51356,2.7619579886441272
51357,1.889656203780639
51358,3.398960072667208
51359,1.6088653343053423
51360,3.1212846337813787
51361,2.2662972814282085
51362,1.6825197299756312
51363,1.5847329001152843
51364,2.2159906264287983
51365,1.3806130809855475
51366,2.0004847127112058
51367,3.781040186513721
51368,3.335233512902164
51369,2.3492257016335785
51370,2.2150471511087915
51371,2.5832770113798276
51372,3.028798438084948
51373,1.3706070333395388
51374,0.9905394649424295
51375,1.141467377881085
51376,1.6877544806436973
51377,3.8787355891579978
51378,0.8786826152944798
51379,1.3701682963928405
51380,2.9626571440112173
51381,0.9779918919714063
51382,1.4140923154911889
51383,2.152998095251313
51384,2.104415498407178
51385,2.0761274499227795
51386,1.6673923275140723
51387,1.818896388252469
51388,3.3332933843951977
51389,1.6068938434949942
51390,1.9538592861925466
51391,2.427482976664038
51392,2.4461698257891697
51393,2.881442963288599
51394,2.6111576528868454
51395,3.755370596528522
51396,1.5171818840174325
51397,1.551983381953633
51398,2.901138618659729
51399,3.148498596722554
51400,1.4881786041202716
51401,2.342611468144767
51402,1.8374887114502059
51403,1.4775118604825934
51404,1.8995434119164685
51405,1.6437472330046816
51406,1.939652511089534
51407,2.4870040806263276
51408,1.4721466766284834
51409,2.6788188743405428
51410,1.2548226241343627
51411,1.5457542649029037
51412,1.284924933186275
51413,2.0848707979534353
51414,1.8136561915330773
51415,1.9590954829048073
51416,2.7610987918622385
51417,1.5031166494768726
51418,2.4846003947479076
51419,0.3928849610532623
51420,2.125782334993829
51421,3.108261240597159
51422,1.9362086334480324
51423,3.0138793555355647
51424,2.6258942546737956
51425,1.810169342144789
51426,2.7999495370516456
51427,3.036887791376273
51428,1.9612101628324012
51429,1.093565469902508
51430,1.8620495817186296
51431,2.776706874461567
51432,3.6321633292557394
51433,1.8439916592652636
51434,1.9208381837313766
51435,3.213407152601107
51436,1.522382464097646
51437,2.240288679565147
51438,2.2704373353682996
51439,2.4291685887652363
51440,1.0117090058985028
51441,3.2225243156285615
51442,2.4936976844557535
51443,1.7374815739651979
51444,3.1700585780295754
51445,3.2143797743966758
51446,1.6705135943965104
51447,2.423134874222292
51448,1.6210695889695046
51449,1.4049235551602166
51450,2.076566473252612
51451,1.684618128164594
51452,2.6610626398082715
51453,1.8689587139825647
51454,1.392454499440369
51455,1.8580926850125934
51456,2.6063357240274954
51457,1.105776010761062
51458,1.4029462325674515
51459,3.5066294069265
51460,1.7839510758282344
51461,1.5183977096036543
51462,3.584669433190676
51463,2.069539727051314
51464,3.118785327745016
51465,1.8109121441387401
51466,1.4858804864879005
51467,2.2497394482687127
51468,1.7348562655605093
51469,1.3828248723127672
51470,2.7770839047211524
51471,4.307612856624026
51472,2.6345761693482217
51473,2.0274267955299052
51474,2.559987277123213
51475,1.5256387652495107
51476,3.03038514857284
51477,1.363904678664305
51478,1.6162389144585774
51479,3.502628200907182
51480,4.080015049488715
51481,2.048527990122551
51482,2.7618076817410255
51483,1.3169135150549351
51484,1.4873289278443593
51485,2.7824155233388765
51486,1.7284706482970122
51487,0.9660779608367847
51488,0.8784587301169182
51489,1.3118548520552409
51490,1.1899386110447878
51491,1.560115414470829
51492,3.291620813772589
51493,0.933219145771325
51494,1.1641723406506657
51495,1.9636670879384042
51496,2.2445971717176434
51497,1.620798368806689
51498,2.2468127192453125
51499,2.9006214946528885
51500,1.9075560059007728
51501,1.460844186154695
51502,2.02955874028018
51503,1.8819421934644893
51504,2.9286963064385745
51505,2.0886601299560965
51506,2.007338687960619
51507,2.1080941952808914
51508,2.5181643254200026
51509,3.976083155809903
51510,1.5151798825063238
51511,2.831711584511268
51512,1.7560559164275702
51513,0.48552323408499376
51514,2.34365362044619
51515,0.9164711575435973
51516,2.5356428338594483
51517,0.7254768120261588
51518,1.5128669108677144
51519,0.012550371036766705
51520,1.4857791319791716
51521,2.131828195380585
51522,2.0554118689269174
51523,1.556576236324915
51524,1.2210219114536116
51525,0.968831003044258
51526,1.273042174843546
51527,1.8820278443370313
51528,1.464089125076491
51529,2.2730262242012316
51530,1.896984357987293
51531,2.0771696099629438
51532,1.6545398229090509
51533,2.4663647995177485
51534,2.33535947008982
51535,2.4977780420886475
51536,1.4780503456668015
51537,2.0797858340893427
51538,1.2156250632739471
51539,0.922855096176022
51540,1.3095588007946901
51541,3.238179747301814
51542,2.7699253139274447
51543,0.7463688396668218
51544,1.6250886086478005
51545,1.64069748552361
51546,1.605760046187008
51547,2.6775300124447057
51548,1.9290206402364944
51549,3.004403472995726
51550,3.00502302954758
51551,1.5928807705057224
51552,2.716623412164232
51553,1.380535746724597
51554,1.7073616220341705
51555,1.7627843378927182
51556,2.5211254619579364
51557,3.1845147654702117
51558,2.020458217811033
51559,1.1507347925400566
51560,1.4898021086589424
51561,3.053719668312553
51562,1.3247283871321542
51563,1.0912679084931654
51564,2.6823586847127174
51565,1.2790579872573957
51566,1.1516353119926848
51567,0.9989546049821385
51568,1.945168330683181
51569,2.9559273886504087
51570,2.337589713911264
51571,1.1333462011448177
51572,1.7227644813306213
51573,0.6140384986934606
51574,1.511704484078038
51575,1.5260803171798756
51576,2.093190740477276
51577,2.8114714733936594
51578,2.640389979164496
51579,1.9889232695935135
51580,2.5494845105212747
51581,2.039284678986917
51582,1.9521357491310738
51583,2.772785746125656
51584,1.6495194072339103
51585,2.0346442509876397
51586,2.889788026612912
51587,2.0078762029629758
51588,2.301680959339933
51589,3.380780194360881
51590,2.7793590037077607
51591,1.4302943040982186
51592,1.9337686997559658
51593,2.7974645460564105
51594,2.326667551327965
51595,2.1234769048535966
51596,2.3029805283762386
51597,1.7523301848220996
51598,2.4799704880231346
51599,0.9012077302658525
51600,2.181076177138351
51601,2.9248983285368624
51602,1.0417370330541047
51603,3.0764134484822065
51604,2.277001424333463
51605,3.104504771238048
51606,2.2988948849093163
51607,2.6774207382336286
51608,4.049687381699904
51609,2.8082640749391743
51610,0.277096887071572
51611,3.9119570514456115
51612,2.773859338956022
51613,2.365930348417365
51614,0.8087711582959045
51615,1.7411058794202532
51616,2.231933119959791
51617,1.0606635555856414
51618,1.3884106738952369
51619,2.1838567582712614
51620,3.0366197987583945
51621,2.2958802262869398
51622,1.7109499835326645
51623,1.5855592396739056
51624,0.38449185711376543
51625,0.6953779675781107
51626,0.9645791592408912
51627,2.118582893492757
51628,3.323437384999494
51629,2.2600206327574455
51630,1.9340288446483598
51631,3.2827758410036623
51632,1.3107886332587029
51633,2.0316128582027346
51634,1.9591546225571008
51635,2.558814830385195
51636,1.7405132435382953
51637,1.8931701715438933
51638,2.213206918198104
51639,0.8207615109462125
51640,2.233192411275766
51641,2.4006397654522047
51642,0.7760065812559986
51643,2.120333413934752
51644,2.9257444262180172
51645,1.7037035272384529
51646,2.0920638467199595
51647,2.4255168954120805
51648,2.878155372403306
51649,2.0283541454087555
51650,3.881442157200219
51651,1.881388874443708
51652,1.2791838100403652
51653,2.660104877807022
51654,1.119623934127823
51655,2.638703467205012
51656,3.238648060368547
51657,3.1771178886628704
51658,3.0580261338876653
51659,2.0158045546845003
51660,0.7483935977055935
51661,1.2830129655829907
51662,2.1077697263711173
51663,2.0536859463417017
51664,1.2951400716119608
51665,1.3225313797861133
51666,2.273325500200336
51667,1.684786311073374
51668,2.080927535335981
51669,1.6303445287491911
51670,2.746729378159003
51671,1.8325292701052405
51672,0.7263507678125052
51673,0.7814699087537207
51674,2.155027610418081
51675,2.550123350898744
51676,2.3459752023636895
51677,1.4825975001209457
51678,0.6683535009077417
51679,1.2541098397619521
51680,0.9504097795364004
51681,1.1710935346999847
51682,1.637920506756295
51683,1.7865284460350992
51684,1.0414565999806413
51685,1.8332696891985591
51686,1.915979909078409
51687,6.692210984948829
51688,3.9862107906346793
51689,3.099663826157986
51690,1.7874115934461727
51691,1.969585943146697
51692,0.9157107925420078
51693,0.75156730496996
51694,1.8325958909015085
51695,2.770550587957999
51696,2.667407586953061
51697,3.170978863671216
51698,1.6553001132241576
51699,0.9859990535618763
51700,1.8476672548173312
51701,2.134649070169978
51702,1.368799124511284
51703,1.6706994368013
51704,1.5835497844224875
51705,1.7984144327728657
51706,0.5394027179076062
51707,2.167648512241648
51708,3.1688201660554753
51709,1.5373254649806896
51710,2.5851934710854607
51711,2.771002596388641
51712,1.7000308269455644
51713,2.913437772214678
51714,2.0173267905453187
51715,2.430024555998422
51716,3.2127041611563243
51717,2.9513497856578965
51718,3.720214188224574
51719,2.9697365760366807
51720,1.7632261813251588
51721,1.6534789219305992
51722,1.9074882847128833
51723,1.9423333046308429
51724,1.7055898675552328
51725,3.7984001277532116
51726,2.476015175238942
51727,1.9203214348203161
51728,1.8352739331004173
51729,2.466944896687025
51730,2.0727835944996613
51731,2.6782726900475353
51732,3.119912798650155
51733,4.761184546403818
51734,3.5729410259981833
51735,1.256175945908332
51736,1.3569049561349473
51737,1.6273856267564355
51738,2.6766095696796555
51739,2.429438131555557
51740,1.7725081957534314
51741,2.799409554648662
51742,1.4633178689390434
51743,2.4398095567731986
51744,0.5574186595272508
51745,2.3874211010235555
51746,2.9201838033086744
51747,1.8455877499802682
51748,1.4241287608890474
51749,2.7148838613126216
51750,2.0565688843177696
51751,2.8911961031684754
51752,1.8068052093212401
51753,1.81137947407084
51754,1.8658438289956223
51755,0.9198484776226863
51756,1.0744945713177145
51757,2.9565075716871974
51758,0.7061870897919391
51759,0.6872667707057687
51760,2.192105207270771
51761,2.648976470313258
51762,2.509632641963236
51763,1.8763021244947211
51764,2.245120604604267
51765,2.2419374881756724
51766,2.0294370168728193
51767,1.1467373201020052
51768,2.3794277045094177
51769,2.7241932742140307
51770,2.158115587928222
51771,2.2396367508148884
51772,1.9541258910643577
51773,1.5557914229241945
51774,1.7255033215582998
51775,1.4967997498398873
51776,2.0915165072699295
51777,2.800304512885589
51778,1.6806994757066676
51779,1.3979049052987875
51780,1.9783363115851174
51781,2.3254549693368034
51782,4.471924108115402
51783,0.2741451997424633
51784,2.5561861616321693
51785,1.4912538921474123
51786,2.6438389169115624
51787,1.9968099843984035
51788,2.4936689133056973
51789,2.180358076386696
51790,0.9109509326365597
51791,2.0066834319165565
51792,2.511567758157639
51793,1.9787638426516168
51794,2.1988540596931614
51795,1.3751301513043614
51796,2.3942640806673623
51797,2.616356041143675
51798,1.4578195542367638
51799,1.8886587450009245
51800,0.9795951557035423
51801,2.3606982772281455
51802,1.6884291996224121
51803,1.92535157756555
51804,1.7535721752832316
51805,1.9584994091880503
51806,1.6593970130519935
51807,1.691663198045319
51808,2.5467677608180637
51809,2.3320721081825866
51810,0.9685544586405825
51811,1.8455790466658826
51812,1.808989276875785
51813,2.9311758347719916
51814,2.6077821449318677
51815,3.445823423947459
51816,1.9268938455097384
51817,3.2426497730634907
51818,3.8174924843938456
51819,1.5709354232061798
51820,1.9639639184849784
51821,2.0640647176035714
51822,1.8854479691883697
51823,2.1218915345500378
51824,2.029115933025821
51825,1.2503046262111326
51826,2.057184888832559
51827,0.8166658351263862
51828,1.3598535299306391
51829,1.752649978545115
51830,2.132693673103006
51831,3.5401524254223204
51832,-0.20498528320873532
51833,2.1560630977492465
51834,1.4238412302325898
51835,1.816202431661111
51836,2.4987630106587417
51837,2.001225316496665
51838,2.1814699963550552
51839,1.6253320930551496
51840,1.820118874897318
51841,0.7213172867137914
51842,3.926679250518248
51843,2.325492660303425
51844,2.48109296473271
51845,3.592945090022077
51846,1.6459621798347541
51847,3.1669003264352966
51848,2.3276456065710462
51849,2.24105903868584
51850,2.346597859446618
51851,2.5939492865026637
51852,2.303661888639361
51853,2.342452632111673
51854,2.199241941827907
51855,1.6525207979557308
51856,1.4415716321057772
51857,1.3230651929598167
51858,2.938934807090142
51859,0.8959165276474366
51860,3.2375312768200715
51861,2.0973511182167286
51862,2.233536576268534
51863,2.5448289838924794
51864,3.090597002086227
51865,1.0636281455063568
51866,2.4351604912204934
51867,2.43852322634924
51868,4.36800191632301
51869,2.53709012766258
51870,2.068936560104987
51871,2.1287105529548356
51872,1.0708582772711495
51873,0.7812746383282985
51874,2.3974425471019316
51875,2.115945360105698
51876,2.6431729372287336
51877,3.0631028978860257
51878,2.1957683418634275
51879,1.1640531352287766
51880,2.5340604512110474
51881,2.13823063422479
51882,2.7661609032252628
51883,4.323081011840415
51884,1.8518861894069332
51885,2.7149627885543524
51886,1.9551464362593975
51887,1.1584666201139129
51888,2.1223727280301503
51889,0.8819816891282599
51890,3.987788023251767
51891,2.208838062142057
51892,0.9720685830227396
51893,2.274039661717026
51894,1.4839103328429317
51895,3.325009202298297
51896,2.51273708384074
51897,2.1938109284841047
51898,1.080181001007574
51899,3.1921873326650996
51900,1.6994547792905905
51901,2.448374852075446
51902,0.6413401721010814
51903,2.0344615485249946
51904,0.8524461315660901
51905,1.7869460769104109
51906,2.028671039540825
51907,1.8165471205265646
51908,1.880740092790056
51909,2.615117501057817
51910,2.496105574528414
51911,2.761396363905483
51912,1.9366862725306717
51913,1.9714754571470152
51914,1.949779408079003
51915,2.5506065918089504
51916,2.0573876180896704
51917,1.697227076261882
51918,2.5827727102530247
51919,1.3545367213824804
51920,4.585675708594742
51921,1.1496803767312826
51922,1.27784289450112
51923,1.9168578814017536
51924,0.5066910045134776
51925,2.0061901898085566
51926,1.376509003844383
51927,1.755946865838169
51928,2.057414721954032
51929,2.25813090407992
51930,1.8109826625014662
51931,1.7826507234304998
51932,1.8980525297547004
51933,1.909560977398975
51934,1.2733621403762783
51935,1.693729722551467
51936,2.317996319096558
51937,1.8543414342646969
51938,2.1422374716157364
51939,3.7158214934097202
51940,2.7235597105298837
51941,1.615295594873487
51942,2.472295243072935
51943,1.7312189260504312
51944,3.159454632061447
51945,0.9718514555462434
51946,0.8428172364976874
51947,2.158793553331506
51948,1.0718199414792267
51949,2.235994304638403
51950,1.3696572325199128
51951,1.2216105750185022
51952,1.9819439295442436
51953,2.627284588955405
51954,2.495311876549195
51955,0.7108546417122881
51956,1.7413496914468922
51957,2.1956362536823377
51958,1.2217442549449515
51959,2.3421011248310037
51960,2.001684814865456
51961,1.9506297658180358
51962,2.0213154625772702
51963,1.790295423119261
51964,1.3841292162437568
51965,2.3180669751943412
51966,1.7109810620803145
51967,1.0952558839347546
51968,2.174353553886519
51969,1.5426679591560486
51970,1.6980876023197382
51971,4.016923977657136
51972,1.3468233631361741
51973,1.2259351921721802
51974,3.0223512019060834
51975,2.257308821748879
51976,2.3548892421672036
51977,2.493811497914855
51978,0.6379774838590748
51979,2.8907975433200335
51980,0.9783517562758064
51981,2.8636422359225975
51982,1.7829441206329193
51983,2.111101147353928
51984,2.471846961157368
51985,1.9630972564148195
51986,1.3312067476329332
51987,1.2948219955768536
51988,3.5616823644262823
51989,0.6284744480492748
51990,1.6510342686854713
51991,1.7248365722021717
51992,1.52747448918889
51993,2.4527452489354715
51994,1.3101794891528868
51995,0.748744315558902
51996,2.43140354945821
51997,2.8897186308381606
51998,2.1141275314499524
51999,1.5666692225414707
52000,1.3030833135678392
52001,2.350484270533684
52002,3.8579564685257353
52003,3.403566933726893
52004,1.0356224235068652
52005,2.136432902107451
52006,0.837326577681992
52007,1.871300368866578
52008,3.2284137358396237
52009,2.0982449595665713
52010,2.5267189897071987
52011,2.404805119541841
52012,0.9051539326237545
52013,1.309912639900233
52014,2.448679263037306
52015,1.0463756993636295
52016,2.0268656021311386
52017,2.1932989156396587
52018,1.6684016742294219
52019,1.9004329311299486
52020,2.0609148438495737
52021,2.23895743954688
52022,1.6943177784777745
52023,1.7422897146243699
52024,2.9653495734321496
52025,2.6230249790473508
52026,2.559179711209296
52027,1.2754774490147014
52028,1.590735459464014
52029,1.0998847626135557
52030,2.4941985559986293
52031,3.4166523595065144
52032,2.9012828919294975
52033,2.005026643506447
52034,2.4041193367703713
52035,2.3340118485907126
52036,2.298485359013526
52037,0.05891321018104634
52038,1.5033901466739579
52039,3.2697149757488546
52040,0.9859042369226572
52041,3.103486246254505
52042,3.3190531271016397
52043,2.099837877349316
52044,1.253187990600935
52045,3.2852626131548632
52046,2.272475855055035
52047,1.92833194163088
52048,3.484655226484392
52049,1.8144388320995262
52050,1.6870359322110104
52051,3.0505149609252413
52052,2.0024809140912296
52053,1.9276562946316531
52054,3.0797622314117845
52055,0.638086872918123
52056,2.204643951901957
52057,1.7187417205776256
52058,1.9885513793706266
52059,2.713513907071956
52060,2.3393575656712926
52061,1.5455802971839887
52062,1.328623597946887
52063,1.1634633591906294
52064,1.871724549591356
52065,3.8155438918018376
52066,1.603035263669085
52067,1.7961765172139081
52068,1.6284334181449722
52069,1.0912152264641861
52070,1.4321039036087768
52071,2.218314088522689
52072,2.457993576519854
52073,2.9418543735212097
52074,1.5571703920135604
52075,1.1800338577894678
52076,0.42200771129918735
52077,1.6176602281445582
52078,2.175397548878955
52079,1.6724236211710704
52080,2.096442108182174
52081,0.8555564741750956
52082,1.896008688004848
52083,1.5633104598545557
52084,2.31849277549
52085,3.904834469991755
52086,1.9778331731356218
52087,0.9243115260973767
52088,1.3361981611666067
52089,2.6078362090874876
52090,2.543387053645695
52091,1.6764206091819034
52092,2.5564547623431366
52093,0.8426499083847645
52094,1.8219373747761551
52095,2.3462401887721356
52096,2.127837390740922
52097,2.062922171369358
52098,1.7302201270920534
52099,1.0140967128321563
52100,1.8475544510349664
52101,2.0264942851058265
52102,2.23744284594963
52103,1.5796245381700444
52104,1.9668298125468695
52105,2.1425545874734766
52106,1.9345399075602785
52107,2.249648209687294
52108,2.1527829033371404
52109,2.171924005530144
52110,1.5811898294979159
52111,2.89372916857797
52112,2.3266207313744403
52113,2.652044167520586
52114,2.2638108413761984
52115,1.4051689043215063
52116,1.18532394885451
52117,2.0263460263580484
52118,1.5851661489177076
52119,1.5382776286347593
52120,4.356072269970397
52121,0.956357812506873
52122,2.763730193852055
52123,0.6310273368813526
52124,2.310598674004119
52125,2.375310143962885
52126,2.279399269463511
52127,2.025494835551001
52128,1.7101794927004406
52129,2.334630144761519
52130,2.348981736774796
52131,2.3262085909743107
52132,2.9438224884523905
52133,1.0542568204120215
52134,2.8080348151316272
52135,2.2876152299211086
52136,2.0581193656124768
52137,1.707578664933422
52138,2.765641190119368
52139,2.645147882660929
52140,2.2742067441168317
52141,4.038539042934943
52142,1.9793767725257965
52143,1.2128930102544686
52144,1.5394796647607478
52145,3.048003105094182
52146,1.5920281468906126
52147,1.1637586180798394
52148,2.1648777050666084
52149,4.094542475599049
52150,2.277457322062773
52151,2.314818664878686
52152,2.8897611457752532
52153,1.7121066238961333
52154,1.9922149563032434
52155,1.713414512891724
52156,2.3884246042405977
52157,2.008693195811702
52158,3.382670407099404
52159,2.3433146470917734
52160,3.649198820226651
52161,2.732011437849195
52162,1.8889784404111793
52163,1.5265230216404362
52164,2.21492655513574
52165,1.3019337920303826
52166,0.07011767616405251
52167,2.201466537917362
52168,4.123969253860004
52169,3.2510271543076783
52170,1.0710027566475162
52171,2.3140753151450824
52172,2.2081614984759383
52173,2.598542109607372
52174,0.8783181129201623
52175,1.6302863688276972
52176,2.548991904708842
52177,1.2522904318824999
52178,2.129638667796918
52179,1.1489733987814574
52180,1.5692959978286112
52181,1.2798976708292429
52182,1.7334110989684817
52183,1.7753145958983083
52184,1.9360384517562466
52185,1.2248128715360238
52186,1.6472145865521526
52187,5.530094558796733
52188,1.4126395661058808
52189,2.1765796933049444
52190,1.6851646978503112
52191,1.3295020631255952
52192,2.881838209491889
52193,1.7291979013292789
52194,0.3842729180283442
52195,1.5751215893253843
52196,1.8000707355779966
52197,3.1352885473538734
52198,2.859470820191895
52199,2.841464624384578
52200,0.9743233418518926
52201,1.0896209018315588
52202,3.4779314189038644
52203,2.1033095499164034
52204,1.5186499473904007
52205,2.059348520433069
52206,4.386495684775333
52207,1.7847298480766511
52208,0.9133309223583126
52209,1.999812286083035
52210,1.455536655644508
52211,0.2349424508040201
52212,1.2912826886828626
52213,1.5509441862645943
52214,2.9924265935765035
52215,1.8431276570321131
52216,0.37607942596473265
52217,1.108112272231125
52218,3.1309283384804445
52219,2.104459569556873
52220,-0.06944213392682741
52221,1.4138615214642982
52222,1.7650918587713207
52223,2.280654882588493
52224,1.354040813048769
52225,3.0665657469583323
52226,0.4630965974790797
52227,0.8867249771504078
52228,2.0887854463434934
52229,0.964888059621984
52230,1.6024324317594392
52231,1.6920942189673198
52232,2.2154000745968006
52233,2.5320792626557846
52234,1.8481282055492727
52235,1.885255392767732
52236,1.8076269072843232
52237,2.022422896297229
52238,2.716841162156463
52239,2.6578999467353057
52240,2.0781660142282874
52241,1.8106253879349552
52242,1.863483223722156
52243,1.7573296710600772
52244,0.9755760148247958
52245,2.945766332607981
52246,2.1016879633283736
52247,2.6506322042105666
52248,2.10435729636211
52249,1.783096324380253
52250,2.018463035626496
52251,4.326848818179037
52252,2.3842661923026824
52253,1.9718547505667772
52254,0.8180058849496774
52255,3.0172833454240404
52256,1.2500347213372862
52257,1.7630564428894147
52258,1.2280741904588908
52259,1.6183509656903041
52260,5.175049136539002
52261,2.538901291255513
52262,1.5141600262346984
52263,2.736447224653439
52264,1.333426302532203
52265,1.9726162994151508
52266,1.8177153204123826
52267,1.3016504787813332
52268,2.3308644203585303
52269,1.8686136460381633
52270,1.8422525852050313
52271,2.701759453905055
52272,2.159406435614379
52273,0.7844281824053425
52274,3.331778359410528
52275,1.607694742865995
52276,2.1380423602753
52277,0.9969973081840635
52278,1.687506996523453
52279,2.125782430287323
52280,2.1970806445656024
52281,2.5777577407361534
52282,2.696520062011011
52283,1.0754045853787915
52284,0.26218129597624795
52285,2.253834856452684
52286,1.6488152920822188
52287,2.43061927204284
52288,3.0060437241453926
52289,1.9833423413397568
52290,1.9701993050258793
52291,2.9632916801291103
52292,3.594776445423996
52293,3.057945152445747
52294,2.077437947021288
52295,2.0477863094783046
52296,2.7801076249796637
52297,1.4733291257340966
52298,2.508438777581553
52299,2.317394196502434
52300,0.3407386477604675
52301,1.097700962544863
52302,1.0644473408817632
52303,0.7944184438492385
52304,1.6420072916492003
52305,1.0260627518990617
52306,1.2830903763043509
52307,2.0026633546597097
52308,1.6308853331270825
52309,2.279316067133273
52310,1.4543851283592915
52311,2.6805529179319905
52312,3.175455636092437
52313,0.8325752398056281
52314,2.1991872409550695
52315,1.8756296960343306
52316,2.2036267349674006
52317,1.8746959870664526
52318,1.449212736452381
52319,1.5438297408745356
52320,3.0030170299052514
52321,2.2506604536020944
52322,1.6314875487483746
52323,1.7977379410708494
52324,3.595627023519185
52325,0.9012779062317051
52326,1.8333742064937866
52327,0.9366523911509859
52328,2.108475993223834
52329,2.687329592104909
52330,2.970596779584241
52331,2.7119619038729823
52332,0.7051182986439457
52333,1.8442565068401038
52334,1.457162068003683
52335,2.040681266489365
52336,1.2329998313728936
52337,2.235439033354922
52338,0.8118857039200407
52339,1.8693388956101487
52340,2.5604034819278283
52341,2.176514338743793
52342,1.5926763939097555
52343,0.49676583126775853
52344,2.5333492459955878
52345,2.29163926419281
52346,0.8832151747384813
52347,1.036815913675973
52348,1.3969987304175504
52349,1.7806162997747137
52350,1.2931105892578927
52351,3.132290029845329
52352,1.605011292466422
52353,3.3016487337988423
52354,1.7899406675146494
52355,2.802852054729726
52356,1.9420328568928085
52357,2.9718098204850776
52358,1.9184319462674893
52359,1.534408632316378
52360,1.4241969521938174
52361,0.6742919147233764
52362,1.7963696753240797
52363,1.4092283281456375
52364,2.4691098988998164
52365,2.029129859393933
52366,2.3181940922280333
52367,1.6422023834451451
52368,2.8766946224527388
52369,1.9868051134036833
52370,1.982097490079191
52371,1.4343449778499817
52372,2.222575036139922
52373,1.8884341308310226
52374,2.07872975193235
52375,3.2552544926786737
52376,1.0393573669794591
52377,2.151450359936028
52378,3.871236263047642
52379,1.4426304762865243
52380,2.1003354242281205
52381,1.1461130986011128
52382,2.3363542702856748
52383,1.0867205780789675
52384,2.544679355167176
52385,1.0901720491727147
52386,1.1560942820776035
52387,1.7566788234094872
52388,3.761955085269115
52389,0.9968842769211008
52390,3.181310133780336
52391,3.173053505988257
52392,4.996962876322144
52393,1.7901968430340958
52394,1.9632645221022003
52395,2.578741674783302
52396,1.848576045753184
52397,1.7848286706474354
52398,2.6682689539782274
52399,2.705925863106323
52400,2.949117220884858
52401,1.0827472758249286
52402,0.8562977451178995
52403,2.1901515040383543
52404,2.1629334699302163
52405,2.224284486861727
52406,2.118190531376399
52407,0.6011721232918035
52408,4.953932643851118
52409,2.145540860385154
52410,1.5545468028942295
52411,1.4925796243225946
52412,2.329000692816301
52413,2.086814343528445
52414,1.8381746965793937
52415,1.1859999806471322
52416,2.494215941090772
52417,1.4348636121841167
52418,2.5854759977742034
52419,1.2905775845550451
52420,4.0928882375306515
52421,3.0349109693349163
52422,2.022934515721502
52423,2.1120889763553947
52424,2.0897253942666936
52425,3.0349221767085766
52426,2.8760853014015098
52427,2.0651124044150606
52428,1.3854105728701072
52429,3.0960172012363287
52430,1.6695577802358912
52431,2.058041461976906
52432,3.674991175985035
52433,1.627815288968364
52434,1.5321451567747886
52435,1.949977020764777
52436,2.4053485098809233
52437,2.887042320709817
52438,1.9426468481364125
52439,2.2361815586442475
52440,0.35177956677196676
52441,1.2088398368893394
52442,1.7243788945479892
52443,2.01575627599599
52444,3.1922736079662926
52445,2.572326494219432
52446,3.123546943218365
52447,2.333561400603422
52448,1.7322815804433063
52449,2.1659700632189143
52450,2.5565000355877743
52451,2.0101017073201675
52452,4.323196159900611
52453,2.2027967515499682
52454,1.4481879199535896
52455,3.0498838372598414
52456,1.5239680754566578
52457,2.167891051584995
52458,1.4298028678663286
52459,1.3402882525757889
52460,2.5263014497228014
52461,1.800524582776454
52462,3.0147073647442326
52463,2.807491503889132
52464,0.6631982696877969
52465,1.601222573361504
52466,2.0746362620079424
52467,1.9414705225690483
52468,2.217591469924642
52469,2.585196665200435
52470,1.7092603874882002
52471,5.433801542851896
52472,2.8405778531354784
52473,1.5222759962091246
52474,2.1586626575082235
52475,1.0724716179624068
52476,1.0293339378188051
52477,2.2156280776645048
52478,3.35223211765139
52479,1.1766442070613152
52480,1.2083339647162603
52481,2.274716182813613
52482,1.2975534499051378
52483,1.1328414946773933
52484,1.657928084941318
52485,0.8658294782644234
52486,2.097180236763016
52487,2.810657813769126
52488,2.4961085812159993
52489,0.755206131210528
52490,2.1671880270119175
52491,1.824495897461368
52492,3.1874330959154875
52493,0.5190569872869304
52494,1.1766645447775232
52495,2.307450549870943
52496,1.2783333872012435
52497,1.5434249505627733
52498,2.9153123567640975
52499,2.384197810296456
52500,1.8110147103077026
52501,1.5580051858919433
52502,2.8116585304768478
52503,4.105546884936288
52504,0.6515350367225281
52505,2.037068129782341
52506,2.3435474135412306
52507,2.612924427169851
52508,2.338294916016359
52509,0.9893626376109168
52510,2.811082365771881
52511,3.272480682280566
52512,4.022197797037677
52513,1.9892682576135812
52514,1.3433700171499154
52515,2.3590630100015915
52516,2.01834978593741
52517,2.0596407954446576
52518,1.404165759579307
52519,1.3878294003153897
52520,2.4874640169990556
52521,1.6498337304496076
52522,2.9365241501157087
52523,1.772026434296187
52524,1.0880406837775496
52525,1.6930928430497474
52526,1.3142496157704713
52527,0.7928477174329345
52528,2.4672454249865226
52529,1.5095110357312933
52530,2.059158761184314
52531,1.6686517168394772
52532,2.0048827584936433
52533,2.5803902470442424
52534,1.820995412996588
52535,2.7685100057197545
52536,2.0787485803898846
52537,2.561968231290031
52538,1.0820401014621979
52539,2.9911776206435405
52540,1.6145425056256713
52541,2.250620526317192
52542,1.5564320294497733
52543,3.2285316665700776
52544,1.7143420760674104
52545,1.61478492940563
52546,1.6974982764859519
52547,1.5893317543579357
52548,3.8559781833329936
52549,2.0944562997580007
52550,1.982365548899196
52551,2.938782305835808
52552,2.0338795089554296
52553,2.8149535715252085
52554,0.06601085012175645
52555,3.0450522467818857
52556,4.222263268242777
52557,2.3358783528309246
52558,3.015569498301879
52559,2.2258689232572877
52560,2.161459250311303
52561,2.6886925128019072
52562,2.7404717851254716
52563,3.718830771086047
52564,1.2007448809336339
52565,2.185627650563248
52566,1.4128745091605168
52567,2.1059314611122417
52568,1.9443487150257113
52569,2.1611849121420974
52570,3.0222433077129622
52571,1.7618007891426757
52572,1.811880021285269
52573,2.166574050448588
52574,3.5890993111924345
52575,0.9664748597281161
52576,2.145254379067616
52577,1.8529533031023036
52578,4.548810142836949
52579,3.0049370629810497
52580,0.9627152568034276
52581,2.4660025351538266
52582,2.2189811037222498
52583,1.1184106418315451
52584,2.3945701254313576
52585,0.910203106634448
52586,1.4977606378741513
52587,0.27280595195359325
52588,1.8487017414208182
52589,4.306993761127757
52590,2.1817970178450423
52591,2.903446251161114
52592,1.855674754784225
52593,2.5667946755862587
52594,2.748520458813836
52595,2.191745706714407
52596,2.2149916449987757
52597,2.5139789114723783
52598,1.589913888118602
52599,1.5856716456990014
52600,1.9840628020464948
52601,1.9411581603877153
52602,1.1620699010425
52603,0.7220721401567047
52604,3.1680264948617562
52605,2.4932050390583456
52606,1.1412971811458021
52607,2.7630098282969016
52608,2.5967453714172137
52609,1.5769796984166717
52610,1.1157405244646412
52611,1.8405407725653333
52612,2.5084044650180886
52613,3.048416162134295
52614,2.966855525457291
52615,2.8036075428214815
52616,1.3353161588139884
52617,2.598875478960501
52618,1.921591270358313
52619,2.5126745211404113
52620,1.9584993803591644
52621,2.2708297120616265
52622,1.5265242295030603
52623,0.7655002317880886
52624,2.84863332769455
52625,2.4480400648013827
52626,2.83766542116755
52627,1.4751182901702649
52628,1.7987041165901232
52629,1.2660995112793074
52630,1.7694511475852437
52631,3.9841550600949773
52632,3.7053816686590437
52633,1.9373906919762405
52634,1.1195365942622288
52635,2.2811925288879067
52636,2.5184241797373943
52637,3.412616246898139
52638,2.4846760582324876
52639,-0.10200033747132409
52640,1.4135325833665178
52641,2.2297616714691415
52642,1.4838225065636266
52643,1.6716824633483895
52644,0.8329866661430643
52645,1.3221305503824823
52646,1.4012601471770054
52647,2.5036714326334604
52648,2.807654970401728
52649,1.5688084632996109
52650,0.8116481001573845
52651,1.5458219463704026
52652,2.8936219966964316
52653,2.202942465699671
52654,1.9087243930779607
52655,1.0420529546940145
52656,2.8331282603535186
52657,7.430568768950955
52658,2.453704117670732
52659,1.3763268809202032
52660,2.371808403626112
52661,1.566883743310001
52662,2.2976279437564813
52663,2.738086323954704
52664,1.1319883172938319
52665,1.4255445944648244
52666,1.7083172959684703
52667,1.686905154626281
52668,2.1862583675459604
52669,3.1538099530077233
52670,2.9956559002543344
52671,1.956413705188659
52672,1.4078288143061926
52673,2.17100296510057
52674,2.479875932957434
52675,3.63939875060057
52676,1.3799991784802401
52677,3.8077792945913416
52678,2.8696391360860076
52679,3.908532974798298
52680,1.3944736932452173
52681,1.6642633529911848
52682,3.2091687080321094
52683,2.7127480206347343
52684,1.1023707309630026
52685,2.6110666109700773
52686,1.949001729690849
52687,1.2701813351225155
52688,2.481481770500743
52689,2.054078569405071
52690,1.782183241287953
52691,1.0918669354002901
52692,2.1827367771886514
52693,2.42130812656481
52694,1.1748121445101347
52695,2.1538979560936937
52696,1.0854974653766405
52697,1.5092692432629562
52698,1.5684148769562398
52699,0.8771503825908127
52700,2.3638615959779656
52701,2.197762404613748
52702,2.8564690796499477
52703,3.952823430009829
52704,1.3010574784210576
52705,1.6018100856892659
52706,1.9398594238589766
52707,2.054466892190561
52708,1.482813248136054
52709,2.54470652063722
52710,1.749511393239267
52711,1.00242400837746
52712,1.9024302893267446
52713,-0.035801841954629765
52714,1.9386035774482266
52715,3.0185771324016812
52716,1.5488880426111251
52717,2.2299009276051507
52718,5.241650617423062
52719,1.586337518268948
52720,1.4482251472373733
52721,2.646365103424124
52722,3.137830710334171
52723,1.764963907246738
52724,1.2703706348130268
52725,1.681243358999879
52726,2.399916711145778
52727,1.6209032083921144
52728,2.1914869964004566
52729,2.0140367737294653
52730,2.2428507503426474
52731,1.6810217195747938
52732,1.366788864399588
52733,3.6033287861793255
52734,1.6770475229130781
52735,2.0675032760205596
52736,3.3817395223728894
52737,2.2688959399369963
52738,2.8911179464782464
52739,1.7440819419289042
52740,1.6346034137943022
52741,4.698319050066438
52742,2.557803043567496
52743,3.3663478454969606
52744,4.758106468062344
52745,1.6509865826882617
52746,0.712481414359118
52747,1.6508106801239038
52748,2.6648301461846273
52749,2.3045710119622242
52750,2.6484256825580275
52751,0.6342220314090738
52752,2.3378383700672813
52753,2.4305279190233833
52754,1.9788934018878592
52755,0.9651523671959765
52756,2.029017594033675
52757,2.064288251294222
52758,3.9559526537115417
52759,1.039122335022526
52760,2.2813747558758593
52761,1.7589851009957016
52762,2.1465360429627793
52763,2.6389570246520293
52764,1.102396448871069
52765,1.4501839448274865
52766,0.7567708770047545
52767,1.188614760313854
52768,2.096394250540996
52769,1.7028295249811194
52770,0.17093159549350645
52771,2.5824654937635785
52772,2.21484131493866
52773,1.1857038296885989
52774,1.7661595878976613
52775,2.6390354507625915
52776,1.1188603389960008
52777,2.8728761420444187
52778,1.8280772876795552
52779,2.53607398995495
52780,3.0566879338540502
52781,0.5003460423354653
52782,2.3280656254932737
52783,2.944947899190524
52784,1.290456801986366
52785,1.6935478509003872
52786,1.8447736363374219
52787,3.216991380461117
52788,2.685231020195694
52789,1.0620245734546714
52790,3.421040727147833
52791,1.9688734301822635
52792,1.9967906540731164
52793,1.1447540547316564
52794,2.6220687876800426
52795,3.1209065952162405
52796,2.168774364470842
52797,2.8397427165264872
52798,1.0025414717927887
52799,3.190749401639451
52800,0.7109320436019431
52801,2.860821612696107
52802,4.0494260436771725
52803,3.9356049927786927
52804,0.744734894001688
52805,2.595943079002417
52806,1.3476928802796095
52807,2.665978303219937
52808,0.6161337231527071
52809,1.4490500567638591
52810,1.5618484704992142
52811,2.2193731347833463
52812,1.8159133994158836
52813,1.4046407937900511
52814,1.1305336208919812
52815,1.7056803391955313
52816,2.0050276804125886
52817,1.773539007140279
52818,2.2216993387009367
52819,3.1454922638518568
52820,0.8615984061791195
52821,2.5483113633217727
52822,1.6577975644229994
52823,2.744337800854332
52824,1.3463652890618718
52825,1.717081206358074
52826,1.4388266721831044
52827,1.1649283644693682
52828,2.3765236855602083
52829,1.683001789021219
52830,4.230586779971006
52831,2.276863141824535
52832,1.256091383870519
52833,3.9841459082526285
52834,2.4498732459152066
52835,1.4584582408716145
52836,-0.0472419190048754
52837,2.613306378701388
52838,1.0729932175742931
52839,1.637557590580741
52840,1.9445003443677962
52841,1.7643098225519793
52842,0.45354191526637067
52843,2.274331405570031
52844,2.049534779428207
52845,1.8035541472635401
52846,2.684318893203816
52847,2.3219790884893925
52848,2.7634678619600095
52849,1.8292814783793148
52850,1.148355727502917
52851,2.394389201917029
52852,0.9549752262642031
52853,2.689593607017045
52854,2.3829644909013084
52855,3.567080627088046
52856,2.240096668188748
52857,1.6574925765367965
52858,1.8682207479087154
52859,2.3922544964291603
52860,1.9968630644256606
52861,2.1633716379195107
52862,1.1479006604132422
52863,0.9483213304876941
52864,1.3602106548243995
52865,3.2923860884463707
52866,1.8222237651588529
52867,2.544339315168422
52868,1.9642485791376885
52869,2.863238972519447
52870,1.5088801294486913
52871,2.6761120642471923
52872,2.149291130594065
52873,1.8829075879025226
52874,1.0213168766917775
52875,1.9197651852930022
52876,1.0851043590204412
52877,1.9358929573124328
52878,1.0572612261144059
52879,-0.04781534807598575
52880,1.3652860001141676
52881,1.5008934328682813
52882,2.4996603787080076
52883,1.0603717425460388
52884,2.712225787474452
52885,2.198074793073232
52886,0.976698425654078
52887,2.7012157047050493
52888,-0.84913975581361
52889,2.336576125894233
52890,2.2799953129608
52891,2.247358833232582
52892,1.2829927525487435
52893,1.2199657734926177
52894,2.170409935926081
52895,1.9907023471587877
52896,2.503286294499034
52897,0.8358848903290266
52898,1.3881261510990512
52899,1.0673494641100518
52900,0.3619804837277698
52901,1.9246103257457605
52902,1.961752275378295
52903,1.8173095850188261
52904,1.6156107105837023
52905,1.8780095229315918
52906,3.0482302576012117
52907,0.736418686241251
52908,1.57322709512853
52909,1.5703724382591275
52910,2.666919453635792
52911,2.035404231408471
52912,6.024039795048985
52913,1.700952441717483
52914,2.0610637781925973
52915,2.5772368778373362
52916,1.1802085601416579
52917,3.2020778240983248
52918,1.8773519793732518
52919,2.195538480244572
52920,1.5712322300503985
52921,2.5501861331859104
52922,2.0834866602131967
52923,2.5908469435021644
52924,1.3310620599764036
52925,2.2761877135069213
52926,2.968041201014522
52927,2.1729668724678888
52928,1.270430035533579
52929,1.6773093528937935
52930,1.8107370353484953
52931,1.2794358827916028
52932,3.5748349489457
52933,1.1333865384324255
52934,1.9550786240727618
52935,2.0228299155450102
52936,2.828730196897574
52937,1.3360388620590555
52938,2.0588144888222644
52939,1.4631098051260736
52940,1.231500364488447
52941,1.785756310256076
52942,2.3553025860248056
52943,1.9917755184690265
52944,1.7062861832665988
52945,3.0771603769977176
52946,1.1551341677758842
52947,1.3539681054530632
52948,1.9303901428820325
52949,1.4692145815757272
52950,3.027780798170582
52951,1.964391214947291
52952,1.039963471062812
52953,4.803228411845673
52954,2.1749021906696058
52955,2.8060320119851383
52956,3.58375634905574
52957,1.3754984274086297
52958,0.8467769298926058
52959,3.045946989528275
52960,7.211151453584087
52961,1.8632160274504912
52962,3.0986355758957345
52963,1.7128766468259258
52964,2.9512100747324297
52965,3.21150423201793
52966,1.9864109448923557
52967,2.2901453841696906
52968,1.7279020319100766
52969,2.1485851831465297
52970,2.211695810855666
52971,1.7963051690057696
52972,1.52665795373877
52973,0.9770284427584031
52974,0.9059255314119739
52975,2.9223373934351784
52976,4.010233502951145
52977,5.13694509906113
52978,1.933216404589757
52979,2.1999866246782958
52980,1.6116501929406013
52981,2.0158352892727294
52982,2.0515867142436193
52983,1.9126358779360544
52984,1.059256673494552
52985,2.043074586486334
52986,2.107817073164995
52987,1.5667115551706203
52988,3.6090160072615163
52989,1.25480340296631
52990,2.0027720848941044
52991,1.7325135865285617
52992,3.3554922481065717
52993,1.6117152298610407
52994,2.9535328028018455
52995,1.8179276136645512
52996,2.074417663265905
52997,1.8379538195630047
52998,1.9696708070407283
52999,2.415058539928225
53000,2.3348588140378155
53001,2.1898946447959915
53002,1.310347295821714
53003,1.4762411870632732
53004,1.3382663178157443
53005,1.5668406616150676
53006,1.1361185390281818
53007,3.2505787091732827
53008,2.3287659214698877
53009,1.9260303828773502
53010,1.838203623025457
53011,1.7498057723061322
53012,1.4980749180613557
53013,2.349095404153495
53014,1.566184732457316
53015,2.3028460661749293
53016,1.8008244977728936
53017,2.0108952391661674
53018,1.66529113576496
53019,2.5245845618220955
53020,4.122156881993284
53021,3.3581351718235055
53022,2.091683213341952
53023,1.1916603938785855
53024,3.2300785526836364
53025,1.7970716784585434
53026,1.3817288718734986
53027,1.8508600579789984
53028,4.959237559849797
53029,1.9509268898447374
53030,3.5107035254505163
53031,2.8162112915515394
53032,1.5118480916497745
53033,6.118474000108364
53034,1.1874954750131437
53035,1.414974171876068
53036,1.5341174203151766
53037,2.5978754980063457
53038,1.3502759731715415
53039,2.313206982728694
53040,1.216563726793666
53041,2.5242229164019605
53042,3.5851618655206536
53043,1.9930074709700278
53044,2.8204711267607365
53045,1.3923881637134343
53046,2.0704349863375597
53047,2.625074953812991
53048,2.4771462730754195
53049,2.324489260118753
53050,1.8449926473022416
53051,2.350316023848464
53052,2.7383181978854054
53053,2.2678419883058254
53054,2.267465770391368
53055,1.9811476899035867
53056,1.9055309095254884
53057,2.07905026658581
53058,2.0058295457579973
53059,1.4841704872182433
53060,2.1119394314095032
53061,2.52252283097139
53062,1.942584036407915
53063,1.711510162631484
53064,0.5079201956189223
53065,3.696947466895665
53066,2.799059949665711
53067,2.152267130104242
53068,1.9085828680177954
53069,1.1318583101064874
53070,2.4657318074584964
53071,1.0612822759478746
53072,2.4087647104313916
53073,1.1069368757208835
53074,2.82755936732255
53075,2.2072109458472013
53076,2.71882257993898
53077,1.9180107290697208
53078,1.532697255819528
53079,2.0098681938317
53080,3.120598691397632
53081,1.0004698925728022
53082,3.1573769892884798
53083,1.3816358821282861
53084,3.32509651552769
53085,4.836364623886347
53086,1.8776770273020844
53087,3.054431802957893
53088,1.8641826774864896
53089,0.5321802017585995
53090,1.1100313917697378
53091,1.262355631293076
53092,1.0587755120798477
53093,2.192234215835967
53094,2.836678430069064
53095,1.5449547097590823
53096,1.1271546548067448
53097,2.143499464432246
53098,3.357910069307721
53099,1.5356810385765343
53100,1.1281708634424419
53101,2.0033497453036375
53102,2.8385205001489098
53103,2.1382060486412087
53104,1.6107534341269059
53105,1.2261050157507754
53106,3.2432561282442407
53107,1.5229934278203885
53108,1.717831287557523
53109,1.4133807862306327
53110,0.7702426762731847
53111,2.049528046670879
53112,1.7752337472169089
53113,1.9357082087969673
53114,2.9678877999990476
53115,2.9020176266042554
53116,2.1114672904012792
53117,2.330815271619933
53118,1.7415253512616928
53119,2.0744470505378985
53120,2.8148843627255573
53121,2.159693451061173
53122,3.0161747565708055
53123,2.894702497607142
53124,1.4466016662211203
53125,1.3760682007278788
53126,2.2635151789207626
53127,0.2764612385807794
53128,3.2736170801300517
53129,2.382924595883395
53130,2.037183714132418
53131,2.2030481315432624
53132,2.2204304737418425
53133,2.351016322580797
53134,2.3520838121584404
53135,2.217479363284376
53136,-0.14107532508952403
53137,1.7619124562903536
53138,2.8652048120983196
53139,1.5848583007557977
53140,1.8713724381411367
53141,2.1970071258672945
53142,3.0285220596368205
53143,1.909818744457425
53144,3.2424324455807536
53145,1.8046264511038004
53146,1.8237006565316563
53147,1.5600427353299509
53148,2.295259156759485
53149,2.0374226345830024
53150,2.618825847364789
53151,2.4140519161363656
53152,2.2867008021596007
53153,2.5228889667039454
53154,1.9676468619143606
53155,1.4930936922904436
53156,2.4161404305661875
53157,1.7460505449282095
53158,1.022639595158303
53159,3.3090057167083486
53160,1.850658725012977
53161,3.130909650590638
53162,2.779985334910741
53163,0.9697404031808787
53164,2.2704133927296297
53165,-0.5607762846031008
53166,2.1083759305374556
53167,2.3120189660831514
53168,0.4884301222054148
53169,2.9040202096438037
53170,1.7797127500945322
53171,3.905524775568338
53172,3.5866573714167416
53173,2.5707679403941626
53174,1.5043331434303795
53175,1.0652077597073273
53176,1.026803551266525
53177,0.7784449929544195
53178,1.9774514082624108
53179,1.9829796226098964
53180,2.0129770097775435
53181,1.8859104719198712
53182,1.9206132607757098
53183,0.7308597002984456
53184,2.961070948210626
53185,2.191528267727847
53186,0.8570579029165373
53187,2.1546957216125335
53188,2.0301148117217096
53189,0.3115164755572053
53190,2.7119688713714893
53191,0.43178684919870136
53192,1.7446002236779563
53193,1.8149492350904026
53194,2.0356353581880313
53195,2.7854073345996113
53196,1.4736659700399173
53197,1.3499181093170378
53198,2.4138572525869577
53199,2.613414532734943
53200,0.8694833462922986
53201,1.151324398474891
53202,1.675537279723578
53203,2.6647538815961127
53204,2.947577349218875
53205,1.780517947133852
53206,3.7142068874877125
53207,1.2380904431551514
53208,2.4880215819282583
53209,2.3285823035657813
53210,1.823908698819963
53211,2.544632469678625
53212,1.6220340660897463
53213,2.047345865011515
53214,1.2488657507389291
53215,1.9454567353653403
53216,1.391446926624461
53217,1.901832825056637
53218,2.7461693195343457
53219,2.559944971914902
53220,1.6149783661505879
53221,3.4407208738336337
53222,2.147415042713803
53223,1.2655039084338071
53224,1.7971509209397567
53225,3.051120787156748
53226,0.9075257908130112
53227,2.3663836673607506
53228,1.3011770847259214
53229,2.577905183181649
53230,3.0334529036057347
53231,2.2014180941784076
53232,1.4024440006756151
53233,1.5103469513347392
53234,0.6988936804618646
53235,2.2474915339988897
53236,0.33498639737481994
53237,1.6954660365292966
53238,1.1683332889480482
53239,1.979121264721961
53240,1.063748327631835
53241,2.885181182422805
53242,3.0453461376817046
53243,0.9937917161727725
53244,1.035899527528585
53245,2.2881465905121203
53246,0.7734321320489101
53247,1.8452943614891169
53248,1.0494706564456706
53249,2.011304615073115
53250,2.3923106526003153
53251,1.7754639702614625
53252,5.140199716643842
53253,1.9924489754352308
53254,1.6544261074041273
53255,2.0245507484694727
53256,1.5377490026734364
53257,0.8958405563326437
53258,3.4608205399011567
53259,1.4869614824039203
53260,2.5865091471317143
53261,1.9253452511920557
53262,1.516364813616299
53263,1.424169273995588
53264,1.5977358871451628
53265,2.221394981402561
53266,0.4990742518008915
53267,1.7378992671368962
53268,2.4223198477474597
53269,3.290677895042748
53270,2.1189183067850834
53271,1.4545244335768004
53272,2.1903012826706743
53273,1.4901932715806154
53274,2.714790499299383
53275,2.1121416659679255
53276,1.7118076536456996
53277,3.5028804632558987
53278,3.132872995775429
53279,0.28351479905032306
53280,2.2163425121249247
53281,1.7360400796857007
53282,2.217311199478381
53283,2.1526124087071707
53284,2.119770044036912
53285,0.5343493230980272
53286,3.490948391304208
53287,1.4512603486758948
53288,2.6773788130008356
53289,1.832814383995398
53290,1.1443955424934629
53291,2.7882405011231484
53292,4.685708956036848
53293,2.304127345445842
53294,2.347624314489586
53295,2.8463131455161843
53296,2.2231665719800873
53297,2.4687206608034487
53298,4.355535896750808
53299,3.094611924831888
53300,1.7807962667490926
53301,3.430605393506461
53302,1.5380078963976587
53303,1.8679394127605065
53304,2.0209343164078035
53305,3.952112671010319
53306,2.6115901757234
53307,2.735864959384429
53308,1.8403343778764523
53309,1.915883571676929
53310,3.751147401625623
53311,2.3600718477121774
53312,2.8444834298405794
53313,1.4050562718155533
53314,2.107078104311114
53315,3.1171372050210095
53316,2.0341829454008433
53317,1.0933712660684307
53318,2.831945742401871
53319,2.0129304129297125
53320,1.7586580442300814
53321,1.9755394777599804
53322,2.6361914061315446
53323,2.6189273615310285
53324,2.158566651921319
53325,0.2114291500269232
53326,2.080460388008831
53327,2.086468136357169
53328,4.439836095559301
53329,1.0715514745706187
53330,2.161769713657634
53331,1.9841170828768
53332,1.5993730293644788
53333,2.5200617409018022
53334,2.7396001625398654
53335,1.1847045870945152
53336,2.335162815830458
53337,1.7467060415247602
53338,2.319548164705921
53339,1.9586094190120633
53340,1.4390155242423717
53341,1.5957676355470767
53342,2.5723401553524496
53343,2.266799110201738
53344,1.5668166631241078
53345,2.5340244702464787
53346,1.7646303874315805
53347,3.7514337551421235
53348,2.184006333989842
53349,1.9579904133111086
53350,1.4997909536964045
53351,2.627170914407273
53352,2.7621371723641985
53353,1.8978299269432952
53354,1.916934121476153
53355,1.6873037295802291
53356,1.4775939642608336
53357,3.4272211099538623
53358,2.755762163109523
53359,0.27312417864767013
53360,2.528868966530247
53361,1.4686559732171105
53362,2.5548288741899157
53363,2.4630714405459955
53364,0.8918879089737572
53365,0.9739135597061761
53366,2.7419068801601156
53367,1.1489596225152567
53368,1.8407434922070252
53369,1.2206500524182857
53370,0.6143905227569917
53371,2.073487491238211
53372,1.8035777257077115
53373,1.8753901375240574
53374,2.663780627833283
53375,1.3982017367429975
53376,3.0693426058570097
53377,1.8245943044687891
53378,1.651321570401528
53379,1.7534309385936808
53380,2.032579211155607
53381,2.5329743491469756
53382,2.113458813601227
53383,1.7347995383215675
53384,1.6644876878206958
53385,2.416192854824473
53386,2.152781377414641
53387,1.943817217591672
53388,3.1301414301934543
53389,2.1940152039126986
53390,1.8332955459908433
53391,2.749753479650849
53392,1.0326422319069763
53393,1.307240493929612
53394,3.9330112240504036
53395,1.9410693831408565
53396,2.723002763431907
53397,1.5092041832730843
53398,2.434811587442894
53399,3.462793625999396
53400,1.0794837128322072
53401,1.070867180344706
53402,1.745088979147802
53403,2.7578291520570346
53404,2.3393187423777917
53405,3.473250598893273
53406,2.7168098797653144
53407,3.111873949645407
53408,3.142632671914228
53409,1.4478161747460732
53410,1.2090817283357609
53411,2.2567342385126494
53412,1.883140894926342
53413,2.1531975237153986
53414,3.0336803486896358
53415,2.1446178130960334
53416,0.15847854378623794
53417,1.673270822042717
53418,2.0031926541171643
53419,1.3874148966382904
53420,1.9968411885412252
53421,1.767693366297621
53422,1.314157798275886
53423,0.7337934726342752
53424,1.92464423267365
53425,1.4779503880389697
53426,2.0149819734248453
53427,1.541457473529654
53428,2.4562149852047312
53429,2.2561559138518277
53430,0.9591954289593758
53431,0.3292278733303178
53432,2.8937807122719192
53433,2.2473691702972545
53434,2.2128621621284807
53435,2.2759007926812274
53436,1.0006741924877502
53437,2.113788168943877
53438,2.3850454296982306
53439,2.840970233884228
53440,1.4567965887109366
53441,1.4969911314475155
53442,2.9346202754400323
53443,1.9862203756132502
53444,2.74904622090628
53445,2.3377532852740472
53446,2.632810190923422
53447,0.9681231094871023
53448,1.7915801408285148
53449,4.870211596305182
53450,1.6302306930136012
53451,1.0600055736259932
53452,2.6352543972363733
53453,2.3344443761463154
53454,1.8545015260475068
53455,1.133878117691438
53456,3.603969800985979
53457,1.7960486381814107
53458,2.7129646769599205
53459,1.6155723618409468
53460,1.2612850735154737
53461,1.3004969757301978
53462,1.86008300244184
53463,1.227341979872179
53464,1.73882563316986
53465,3.20007087367847
53466,2.2941743437162643
53467,3.3932582533631717
53468,2.474078552039451
53469,1.814967339762724
53470,2.06549702032698
53471,2.3032229123569365
53472,1.984332485349718
53473,0.8619594265242725
53474,3.4143180847812573
53475,1.2532020499789311
53476,1.9547976204028217
53477,2.2771429525886475
53478,2.065579887111319
53479,2.269999944661876
53480,2.5684074850806837
53481,0.8006856543894258
53482,0.8161451109334408
53483,2.0232165670621853
53484,1.8759056450849982
53485,1.682251212907758
53486,1.4376556014488315
53487,1.2261785955642353
53488,1.4604744490444475
53489,2.305741693975463
53490,1.9456600014292462
53491,2.60557120550952
53492,1.8647108655071492
53493,2.0712873657400337
53494,3.2911957119039457
53495,2.3767759914147035
53496,2.4928423761510246
53497,0.21699573667090988
53498,5.31872319379994
53499,2.02103364277545
53500,1.1397966790690717
53501,1.8544501218343257
53502,2.1633713277700153
53503,3.3623166270457574
53504,4.312940409827654
53505,1.9017286125188946
53506,2.8041750347338166
53507,1.9743206822709283
53508,1.707721870095753
53509,2.4709423142705447
53510,1.5301835170756632
53511,1.6080081652855824
53512,1.0588010967900559
53513,2.2240011825844945
53514,3.3068380152538026
53515,2.327323817191612
53516,1.843548021395364
53517,1.9123206965038406
53518,1.7043966347856028
53519,1.5164257494827638
53520,1.6221844362190865
53521,1.298449585642544
53522,1.9584705098018418
53523,1.6697642487329531
53524,2.4633387667623126
53525,2.0945753450046354
53526,2.709240194259479
53527,2.4194254080038533
53528,1.5868858555915892
53529,2.4111891305790465
53530,1.8933884066312032
53531,2.325103585396363
53532,3.4182217110682487
53533,2.6801771830459487
53534,2.6533926234162024
53535,3.756205162801713
53536,2.52579307194992
53537,0.7829879528015979
53538,1.1745613768115533
53539,1.290879189684695
53540,2.5648647646799887
53541,1.5296515305715417
53542,1.0149967053468885
53543,0.5805962652658536
53544,1.8316507188018463
53545,1.1772200980708902
53546,2.4869760225763784
53547,2.7887645302839132
53548,1.6752210983314413
53549,2.0975032005031196
53550,2.064041205874325
53551,0.7187289394040448
53552,2.6854206446915683
53553,0.8382901717377393
53554,2.8370157101319435
53555,2.590281542282291
53556,1.8748010414086451
53557,1.7992387529393667
53558,2.209438259038272
53559,3.327132412700891
53560,0.8182816036545972
53561,1.9086830929491327
53562,3.1216092250955185
53563,3.1325546512663394
53564,2.7184741883217356
53565,0.7340075947236429
53566,1.1650347704571615
53567,1.003474095841625
53568,0.6041362519704307
53569,2.880964056403023
53570,2.3995334736216094
53571,1.7225583628949082
53572,1.9671801453228852
53573,2.421899841825571
53574,1.4090335243193266
53575,1.5529488624212462
53576,2.250569160437685
53577,1.3401779618336533
53578,1.497217695307306
53579,2.199880047556931
53580,0.9825468444355039
53581,0.9978475885529292
53582,2.1150597795724053
53583,1.9404726298180321
53584,1.0141509301453056
53585,2.0933918800455658
53586,1.7239360250924705
53587,1.9079724975865702
53588,2.876382966331775
53589,2.7771043205023602
53590,2.162488621515834
53591,1.3769266851481348
53592,2.228574980932194
53593,1.5370450258524144
53594,1.7124280538244818
53595,2.320539475219256
53596,0.7404426279871856
53597,1.7138937529305807
53598,1.8970804782600865
53599,3.0882377950978324
53600,3.008233569241554
53601,5.453883946284456
53602,2.12288458969973
53603,1.5804324192314354
53604,1.3375194216366992
53605,1.6648955026343941
53606,2.623616473578714
53607,2.3957430497536407
53608,2.479972727987338
53609,2.5221222953958105
53610,0.7048192633985835
53611,3.304379735690212
53612,3.261602403306682
53613,2.8144234679994895
53614,3.9457929996730883
53615,2.527031139601199
53616,2.163739335069728
53617,2.159249227123297
53618,3.1246165595353617
53619,2.1517170355454738
53620,3.909289475046222
53621,5.394192074539362
53622,2.1772235965469378
53623,2.0019370758131245
53624,3.3247456875118644
53625,2.425495257527608
53626,3.1358668537049184
53627,2.254878912540377
53628,1.702086053217208
53629,1.8017354708996578
53630,1.8446562505151434
53631,1.811901930470512
53632,1.9349580636290256
53633,1.7763588193157744
53634,0.8787255002866985
53635,2.48102531077069
53636,2.6307312735741633
53637,2.3090997218450298
53638,3.746484226328576
53639,2.003733980185146
53640,2.86342886465696
53641,1.173477363644622
53642,1.6428722452097801
53643,2.3343442501171907
53644,2.3171145882804325
53645,2.341827134901351
53646,1.0739690031478517
53647,2.502454309808769
53648,1.6730714707982983
53649,2.1433992257512102
53650,4.354122757346509
53651,0.9562292850635714
53652,2.443328688185076
53653,2.2432789488637326
53654,2.3704033961939714
53655,3.1903076808486475
53656,1.3600335113388766
53657,2.117326190748109
53658,0.8527964481494479
53659,2.8733340835871033
53660,0.9624905145529752
53661,2.569236050769014
53662,1.6244644756775344
53663,2.9435332004165247
53664,2.9762122969619966
53665,2.445708679126888
53666,2.0351369166541815
53667,2.178307225543989
53668,1.2257626336844396
53669,2.239417510747117
53670,3.1593474199679648
53671,4.8080666158800796
53672,2.578219182979346
53673,0.9939536222387986
53674,2.4194816600572864
53675,2.3051786864368182
53676,1.7837635525444924
53677,1.9715501936136732
53678,1.782958162122739
53679,2.6013052977666433
53680,2.6777266442075174
53681,2.2515220344987767
53682,3.1771637696761843
53683,2.1735146977225526
53684,1.1481096329436227
53685,1.3304384067678114
53686,1.399542094525323
53687,1.9682466215895502
53688,2.188909296745898
53689,1.848539529344066
53690,1.9324638964524041
53691,2.0915984586993375
53692,2.4149083570449292
53693,0.9193246859181556
53694,1.7608348892462402
53695,1.0305181077773327
53696,0.8660220268656786
53697,3.3912654207503437
53698,3.774404385852442
53699,1.673288569632284
53700,1.003156960269692
53701,2.800592142178502
53702,2.8337206958592773
53703,1.837770029201124
53704,2.2326497933334295
53705,2.023314957453067
53706,1.8759861637227004
53707,2.429631434402239
53708,1.077097423512953
53709,1.8763481130006525
53710,2.8465365133645477
53711,1.2519366467681436
53712,2.5502602379727506
53713,2.822225561681776
53714,1.2207709689237163
53715,3.2112440913035485
53716,2.9790727156667884
53717,2.37341083164322
53718,2.4289174157271916
53719,2.89438950212579
53720,1.7072797310656185
53721,1.5986089435630717
53722,0.792391129644443
53723,2.8152658236031414
53724,0.9074149662253745
53725,2.1644374773498143
53726,2.1317296147673517
53727,0.7053160076686709
53728,2.323730378995947
53729,1.9822385894098602
53730,3.2265370769869293
53731,1.1217720160082507
53732,2.259580871709879
53733,1.0166756927685583
53734,2.7740862833448645
53735,2.7255317839528743
53736,3.1308889643782365
53737,1.2939920303828814
53738,0.8288205695300945
53739,1.6739219623666273
53740,0.47486314362084414
53741,2.6290186928001376
53742,1.6851928119672621
53743,3.6041125492976605
53744,2.1776016307888995
53745,2.229808851662966
53746,2.2745780272595937
53747,1.6510056960955453
53748,1.4853283294204545
53749,0.7659660251305311
53750,2.0786841687155615
53751,2.7253882565806435
53752,1.6452633591577168
53753,3.0060357914098432
53754,3.144379960665539
53755,1.1225442279926199
53756,0.6549304796968087
53757,3.372765929901149
53758,2.427968066774909
53759,2.982455149678543
53760,2.261396247448829
53761,3.350774297995713
53762,2.5631839535915617
53763,3.031141622192905
53764,2.3466071694766057
53765,1.7049283521312475
53766,2.6296005888059213
53767,2.5125324877898194
53768,2.1801147773447838
53769,0.8675213513359665
53770,1.6466487172791986
53771,4.412775051953162
53772,1.854902034012774
53773,3.4388191735286426
53774,1.4993751106998516
53775,2.542000804443134
53776,2.699129960292339
53777,2.1351992772375326
53778,1.6273209115999023
53779,2.338487249215355
53780,1.975447235644019
53781,3.499277061449945
53782,1.0042426778157107
53783,3.533270002432424
53784,1.8625086358592071
53785,0.7968271999794325
53786,2.161779916264152
53787,2.0564120102073957
53788,1.718893528425653
53789,0.9206766943965832
53790,2.2865974218904626
53791,2.9709546345064126
53792,1.902179481110629
53793,2.680662278847244
53794,2.1142915574146457
53795,1.2330250651517431
53796,2.4160428170182797
53797,1.3789410544839527
53798,2.835677118686256
53799,1.0819567882282541
53800,2.054772086100556
53801,1.8006870329479696
53802,2.107800094102508
53803,3.9127584700755946
53804,2.1221326724889664
53805,2.756419101177201
53806,1.780428056098053
53807,2.301146468891204
53808,2.8469067600984275
53809,1.4994620392711226
53810,3.7010392873662354
53811,2.540523452903386
53812,2.723370497639408
53813,1.8809321845956077
53814,1.8093393820527908
53815,2.1460804769510915
53816,2.1457610337964184
53817,4.324230573985211
53818,3.833381916545136
53819,2.573107534422924
53820,2.9016819217091268
53821,1.979920862722679
53822,2.8689864253668063
53823,1.9612157633819294
53824,1.6771827963024677
53825,2.038297414564873
53826,2.211821094788853
53827,2.6065682793921
53828,2.2242018608462217
53829,0.9897470769753767
53830,1.3753491915202076
53831,1.9981921379461411
53832,1.7484654741564043
53833,2.057123370027192
53834,1.9367850440544814
53835,1.428820250558168
53836,5.280315911042614
53837,1.5679475209011926
53838,0.9580279279415507
53839,2.004808916670008
53840,1.5785453040808903
53841,2.2708715940994537
53842,2.4049263376410437
53843,1.8217891498203471
53844,2.5090618382295276
53845,1.477865894807458
53846,0.4095958400796036
53847,1.9781401754429524
53848,2.861316891293427
53849,2.5942177118421768
53850,1.1652122513919991
53851,2.239498869198833
53852,1.3770677352025942
53853,1.8465993115851447
53854,2.1885176164007163
53855,2.2667283645991603
53856,1.4775501821659631
53857,2.190880341483691
53858,2.0843703429328926
53859,2.716400676821401
53860,0.999909381070367
53861,1.5008793182964908
53862,4.078032172682015
53863,4.3056886435294075
53864,1.5277268727648874
53865,1.8624619260094377
53866,1.3033283821160069
53867,1.1984888486294025
53868,1.9294775874635945
53869,0.7779039153031206
53870,0.9394992150075012
53871,3.427246805049826
53872,2.759514106164815
53873,1.2446042485006004
53874,0.913259682562213
53875,2.5597114573013187
53876,1.1328239659768045
53877,2.3798804945203784
53878,4.7373486246901635
53879,3.7805135989210967
53880,0.9756458802942447
53881,2.14521592358696
53882,1.8976746591953457
53883,2.1889461582076706
53884,1.7876031120954465
53885,3.3772327148067944
53886,1.1089961053880586
53887,1.403556366471193
53888,0.9574817300568341
53889,1.9518536323531563
53890,0.8410302475646603
53891,1.179274501512701
53892,2.1381353404313046
53893,1.7912316008757259
53894,3.641323811077072
53895,1.5954947513774513
53896,0.8443218747427395
53897,1.7387770491359191
53898,1.0509756266886967
53899,1.3256678234686206
53900,0.45491441224213247
53901,2.015334380096597
53902,1.5403353594412152
53903,1.178225169208332
53904,2.830068270253868
53905,1.7525524005431947
53906,1.9164817668027254
53907,1.997143493233331
53908,1.0334000612119638
53909,2.952873814141725
53910,3.083660757926694
53911,1.1829508089165728
53912,1.4845164087614933
53913,2.132029134255575
53914,4.283813046519022
53915,2.1182264305273577
53916,1.1451876528800824
53917,1.865709820394514
53918,0.6570128155658423
53919,1.9199077798089803
53920,1.9022697714403165
53921,2.105007200951327
53922,1.3108339580307273
53923,1.5277761950784239
53924,2.3480801083929848
53925,2.1276224115852003
53926,2.1892674414006024
53927,2.618400545505871
53928,1.6338239220302029
53929,1.0636318734751953
53930,3.1006461938530947
53931,1.7890777462687737
53932,1.7022254710847236
53933,2.479648277991096
53934,1.6501650593013366
53935,0.45828705238056244
53936,2.4221481519034285
53937,1.048054375817749
53938,1.7314210910183974
53939,2.201446047894315
53940,2.230701827249831
53941,1.7821154598989608
53942,2.915141900109994
53943,1.5962697394096281
53944,2.742355521666177
53945,1.606733381769665
53946,2.1734794423899473
53947,1.3960651353538154
53948,4.0022114090983365
53949,0.8582292557340736
53950,2.5427893751076667
53951,3.059266990769167
53952,1.8821026554620417
53953,2.550575093995441
53954,2.752015636938161
53955,2.8463141904168197
53956,3.03626743452525
53957,1.5463760213361795
53958,2.3702420892448615
53959,1.1061726111971382
53960,1.6231101287307865
53961,3.8378842466289314
53962,1.2226695693307974
53963,2.317120321530659
53964,0.7450215373742779
53965,4.413329370776957
53966,2.1408655288325065
53967,2.0257520341229807
53968,1.568685401772953
53969,1.2203840202542864
53970,2.1877625197825594
53971,0.83041303263537
53972,1.5027382593509842
53973,0.8386924450881423
53974,2.6481288437513513
53975,2.0452665686700655
53976,2.2460374538183316
53977,3.6288747187994446
53978,5.707530527492963
53979,1.947679032070532
53980,1.3525105554403396
53981,1.3290464553788084
53982,1.9004310961655193
53983,0.8878469777959026
53984,2.625286321706568
53985,1.5157997901666533
53986,1.85836049937609
53987,1.8547226123071354
53988,1.4148731372620986
53989,2.1276887259743518
53990,2.6432725101444987
53991,2.22620054929088
53992,3.302614716399468
53993,2.4580810062084595
53994,2.0952410775504546
53995,3.2819719304659003
53996,0.2266824752751333
53997,2.407886343906668
53998,2.5565075283053105
53999,3.260057730472667
54000,1.9052063594298545
54001,1.8565970817653437
54002,2.585283520601152
54003,1.7097635954044748
54004,1.8265193370075465
54005,0.40196000624351313
54006,1.2375915163745077
54007,1.8915701926644104
54008,2.6550461484059085
54009,1.5186614781654768
54010,2.067787908813841
54011,1.3652043388836432
54012,1.4742085296166252
54013,2.688734667453872
54014,2.1138568416935613
54015,1.766735563774013
54016,1.9197662847329937
54017,3.366307468765136
54018,2.3415654875569345
54019,1.6309111861215868
54020,1.3287213244209042
54021,2.4855263421745803
54022,1.4439322103555696
54023,0.9830420717148982
54024,1.9911405352356368
54025,2.271251671043636
54026,0.4421370362717312
54027,3.014831257065701
54028,6.535120666257271
54029,3.7314093635857617
54030,2.484602144762576
54031,1.9196411657932657
54032,0.3442996447016
54033,2.944047225996435
54034,2.2673539654186925
54035,1.7903518504957177
54036,2.3197130345042893
54037,2.2783058997475933
54038,0.8546954426526341
54039,1.898822951977074
54040,0.8438548901204967
54041,1.70895912238079
54042,1.9427952937589765
54043,2.145929088288966
54044,1.6213093874980586
54045,1.0615228457581196
54046,2.2665838160138065
54047,2.779845091561903
54048,1.975532015099155
54049,1.8185130093022153
54050,2.0843016490513264
54051,2.756110003768896
54052,1.3451108807169518
54053,2.743656109299998
54054,1.168045112855829
54055,1.592818808618489
54056,1.529467061417101
54057,3.5181492965585406
54058,1.1466123838104423
54059,1.4090449645964327
54060,2.290095815329053
54061,0.6654145028639604
54062,2.4702137377630677
54063,2.470595027277305
54064,2.1731526921466013
54065,1.1172551060383
54066,1.8197162789515104
54067,2.4991668489177385
54068,1.9229996433866177
54069,1.7742528073237054
54070,6.02216841370673
54071,1.3653964916318202
54072,1.9848910644274795
54073,4.987355485472833
54074,1.0019703859607958
54075,3.437155256121443
54076,0.987857284973586
54077,1.0211954180058314
54078,4.075986261016446
54079,2.065384081828263
54080,3.7517443656365117
54081,2.57833916600206
54082,3.744252631223972
54083,2.6731448534016096
54084,1.7514148480463376
54085,1.7648263245945515
54086,3.2368758531428625
54087,1.4142271242935749
54088,2.6275787218906927
54089,1.1018164378423592
54090,0.8255708356172065
54091,2.568098229983349
54092,1.8948510004729116
54093,2.665099707098044
54094,2.6026653767610597
54095,1.677234449077055
54096,2.343823944792888
54097,2.3081186917254897
54098,1.3204214810497987
54099,1.9198880863697099
54100,1.0892110615813522
54101,1.6539794924767222
54102,3.1187217580145443
54103,1.6832313861432198
54104,0.6159620151192229
54105,0.387996568498842
54106,1.2461349102769574
54107,1.9061528595219457
54108,1.781866014511884
54109,1.6556104637596647
54110,1.7263336562149973
54111,2.4915910141222
54112,2.520886062395924
54113,1.0075988896166805
54114,1.3120589207493936
54115,2.421545846981516
54116,1.8410266202858878
54117,1.4249276921187928
54118,2.7559195372781673
54119,1.6070526614810845
54120,3.1015912491341666
54121,1.5166221998355098
54122,2.337881031847971
54123,2.0076344984028083
54124,1.670709327884488
54125,3.3976177763997555
54126,2.758520308206144
54127,1.9789946076092377
54128,1.8937979862906502
54129,1.9576349602496848
54130,1.8707836568572134
54131,2.073951370252125
54132,1.6798934404018624
54133,3.1292124636518253
54134,0.5911139404597918
54135,2.9224064524751014
54136,0.7677200711136649
54137,2.6938973001138393
54138,2.539546713874266
54139,0.9156367191923849
54140,1.9353526614235435
54141,3.349125899099036
54142,1.4123637294344888
54143,0.844916359622907
54144,3.355958622007151
54145,1.9085212091580175
54146,2.285593679737026
54147,2.439093355551883
54148,1.9528041672856489
54149,3.6808213947109465
54150,2.5037813106959845
54151,1.7639901688907713
54152,2.735016404132452
54153,1.1636524976929934
54154,1.6378407306319716
54155,1.8193647944138718
54156,1.2407084731546618
54157,1.6666261998228364
54158,2.6366326277239196
54159,2.4370403232915194
54160,1.4045652058175975
54161,2.559171840812944
54162,0.9410438073818739
54163,1.811205843307043
54164,1.8073658737098626
54165,2.3780860088391833
54166,1.5396556887598223
54167,1.6816756938358637
54168,1.3827344799123438
54169,1.3761939484827437
54170,2.1832120874641134
54171,2.7434988181817914
54172,3.985119512893043
54173,2.003588287616708
54174,2.3026618211624736
54175,2.6683898091943945
54176,2.3429781562946346
54177,1.708387301886944
54178,2.109760775379243
54179,2.648568820706643
54180,2.0999636026701367
54181,1.5246395635033707
54182,2.2352447480534394
54183,2.927533406422775
54184,1.7122053983308518
54185,2.5188870581460137
54186,0.8071453148595467
54187,1.9820090419295227
54188,2.991638791701696
54189,1.0084148047166934
54190,2.1142654269062717
54191,2.0471907350113554
54192,1.973581003366327
54193,1.8987983440965976
54194,1.2983767745377577
54195,1.6570752669826376
54196,2.075953819359597
54197,2.3842693643044157
54198,1.7806500099703513
54199,1.9874401487673126
54200,2.10489642506203
54201,2.3796570757169064
54202,2.9320844212233226
54203,1.3315358526132286
54204,1.9038500081871845
54205,1.8904400191062365
54206,2.4674382487471576
54207,2.013410963006855
54208,2.0437293655962065
54209,1.7087013361496872
54210,1.7430193182171578
54211,1.4184739913571462
54212,1.9890108234821113
54213,2.0147612344080557
54214,1.7086721350379008
54215,2.213003230617531
54216,1.6423665448098888
54217,1.6235857535226685
54218,1.4503625080543827
54219,2.5700212069327932
54220,1.7744359956170612
54221,3.2142702814248594
54222,0.9038489602836606
54223,1.7532660751684048
54224,1.947429385888853
54225,1.845803224886879
54226,1.5283824081520194
54227,2.1619105348930105
54228,2.30960591452547
54229,3.068155952178536
54230,1.7583190358607865
54231,2.658990377737851
54232,4.525826384965065
54233,3.9446534561992763
54234,2.423995106860083
54235,1.4640007108786648
54236,1.8442492936782244
54237,1.544016210471817
54238,2.418304345952791
54239,1.501369171329408
54240,2.330054243416747
54241,1.5023266998422358
54242,2.792781198271527
54243,1.0569932146759555
54244,2.989708345981782
54245,2.6371044246665463
54246,2.6531649223105163
54247,1.4494384267218337
54248,2.159230419144535
54249,3.3795443668452876
54250,2.58392479392451
54251,3.0383545453879464
54252,2.6770403586072575
54253,1.2291575455197403
54254,2.1110605072124926
54255,1.4139036590466887
54256,2.0965123632861875
54257,1.6118369770332066
54258,0.5980174983144622
54259,1.9010473175083007
54260,2.1389808803330155
54261,0.2624849544397634
54262,1.8581762657019283
54263,3.7521043559162237
54264,2.0431778371260165
54265,1.6541837915113362
54266,2.1719937279166572
54267,2.0269886525444676
54268,1.7287120931002704
54269,3.072963122350899
54270,3.1166606337763056
54271,1.320725337813002
54272,1.200583369564157
54273,1.2669515925794315
54274,1.704845640841576
54275,2.164928321441792
54276,1.6262988859980254
54277,0.9123865718168958
54278,2.864611384691777
54279,2.179897369754528
54280,0.8720192601185204
54281,1.9226094388293689
54282,1.5303617719423386
54283,1.8344839765137522
54284,3.5116080161412953
54285,2.3351683221246233
54286,0.7257168077041953
54287,2.093899323393373
54288,1.0264690931484282
54289,1.3013578803883163
54290,0.8859731541672176
54291,2.0270570672957433
54292,0.9860097896853475
54293,0.9605339499710155
54294,1.6729923581028103
54295,1.0536368911600107
54296,1.6316016506365116
54297,2.527315981896706
54298,1.8519758861674518
54299,3.144551423976047
54300,0.7798299433465772
54301,1.464202903527223
54302,2.0835475421576746
54303,1.647166598505791
54304,1.2059497405671777
54305,1.4576429947150942
54306,1.3797783669264305
54307,3.152491104267817
54308,2.329875750369908
54309,3.2998400819577682
54310,2.7425737846264013
54311,2.60897742162458
54312,1.619057226460967
54313,4.203769446266598
54314,1.399458031531438
54315,2.454914815771872
54316,1.6072092411061405
54317,2.139085850174311
54318,1.8551369378032305
54319,2.1760311851453906
54320,2.3928254720101236
54321,0.5923820727477249
54322,0.7813289550036444
54323,3.5931596834107182
54324,3.4267915168515515
54325,2.2834866981854702
54326,3.187134555552653
54327,2.1270115494488167
54328,2.62402368311097
54329,2.156382885056587
54330,0.783420201667397
54331,3.476964440898506
54332,2.3834753481759137
54333,1.6004254551443609
54334,1.9058784063958996
54335,1.6476598526947015
54336,6.23330039149198
54337,2.0588582284903865
54338,2.78476870819204
54339,1.2751399763429276
54340,2.1356183982045778
54341,2.003791081047595
54342,1.8434404785884553
54343,3.4232069947775585
54344,1.3426777831353789
54345,2.560103500203631
54346,2.267160524886478
54347,3.0371034481494448
54348,0.8094675563013567
54349,1.2215526394453775
54350,2.347861814893875
54351,2.3876318695023073
54352,3.3245961158524437
54353,2.5390181922708663
54354,1.138820660097437
54355,0.7368182182160723
54356,1.7180370716596016
54357,2.5034806588768603
54358,1.2802837304521901
54359,2.5356900990112834
54360,1.5041635547871977
54361,1.4687868793695031
54362,2.616564313219648
54363,1.1161246491033623
54364,1.2417356761337146
54365,1.6965583876113044
54366,0.7455213273779862
54367,1.0059912145476986
54368,-0.46409650996297813
54369,1.8274774812442445
54370,2.0544299170857414
54371,1.624649782227202
54372,0.6748878970574239
54373,1.7728566922798166
54374,2.238226597475027
54375,2.425941476257293
54376,1.2295900943756024
54377,1.190472574865744
54378,1.7512234270740592
54379,1.5246648597160402
54380,2.4761363781049397
54381,1.532182368884392
54382,1.4126449507891579
54383,2.2540794855139126
54384,2.8231496038469643
54385,1.2047819573146938
54386,1.4015557250420727
54387,1.7218752311226524
54388,2.116023765431308
54389,2.463608888868599
54390,1.6897357617023516
54391,3.4367670572030136
54392,1.8890475354978733
54393,0.858817442424197
54394,1.5751728255576367
54395,4.875484940304247
54396,2.827241202307313
54397,1.9510285623684283
54398,3.1182477189279894
54399,2.8162914110571435
54400,2.4316129616963096
54401,2.8685096486926085
54402,2.149872405850658
54403,1.150022284034641
54404,1.9501907582057854
54405,2.340861132059935
54406,2.7346042388785676
54407,3.035217618593123
54408,1.2661978453194251
54409,1.5899218609958155
54410,2.2921304366003383
54411,1.6229606468269253
54412,1.240359024785107
54413,1.4680089932250482
54414,3.0078940060324726
54415,1.2393314505406607
54416,1.6648447240345305
54417,2.9894087674512875
54418,5.234729192742407
54419,4.335904164641853
54420,1.0280515297294812
54421,1.8415002548732673
54422,2.0187442202344528
54423,1.9162170313282374
54424,1.7527616032877589
54425,1.4756726634918778
54426,2.698973279347477
54427,2.7436763487311
54428,2.3613992532774475
54429,1.969817206547802
54430,1.7058733340631917
54431,1.8527156304357817
54432,1.515943960432729
54433,2.1400271771637875
54434,5.249607311676023
54435,2.2486433514190267
54436,2.685190610314251
54437,1.96314192857497
54438,1.8659452102601435
54439,1.030111999539713
54440,2.460703500538237
54441,2.5704088876532225
54442,2.581901782794489
54443,4.093248852408884
54444,0.45924620266413996
54445,1.3662032527055246
54446,2.4165256170592997
54447,3.7331823172475183
54448,2.162499541192453
54449,1.1587680775413105
54450,1.8969892867138185
54451,3.885446314292878
54452,2.1170752483831237
54453,1.368290125853818
54454,2.1313363834858947
54455,2.409804960947959
54456,2.386524725468618
54457,1.2385021226549142
54458,3.2177647619339496
54459,2.7659385206527247
54460,3.719778380698024
54461,2.082373074022179
54462,2.1111379529833414
54463,2.2340274307536134
54464,0.8467773225409445
54465,2.71908153359076
54466,1.2127200371282285
54467,0.7803537562187728
54468,3.1906859551279894
54469,0.1538157098338857
54470,2.087905073251079
54471,0.7296269665492048
54472,1.8193043909302915
54473,1.6121391864092516
54474,1.0181074933262266
54475,1.6033205309056768
54476,2.379916081815388
54477,2.057268837151497
54478,2.458357789817221
54479,1.943208396954347
54480,2.1351924760856136
54481,2.242834978175921
54482,2.99577198294336
54483,2.9283453098749916
54484,2.059250030962133
54485,1.7813345947271202
54486,1.9387665509701932
54487,3.1475715741472
54488,1.8917686245445182
54489,1.8810050242013219
54490,2.178630807973356
54491,3.178690162708449
54492,2.341254439688875
54493,0.522316305068486
54494,1.3979149876022205
54495,2.638623893744061
54496,2.351450020339392
54497,2.4736784265937644
54498,2.929896786549598
54499,1.7920859214230873
54500,1.1066461570096706
54501,1.478382955671968
54502,0.8420190201757691
54503,2.1270956582762395
54504,2.167203076291159
54505,1.937673395972375
54506,0.9567509557654361
54507,2.038683467800915
54508,1.6943354721642692
54509,0.9723317177973101
54510,1.6248861277229167
54511,2.421193232878764
54512,1.4807231365758966
54513,2.7527129029652144
54514,1.5761228673152345
54515,2.100851137999051
54516,1.7840773104150216
54517,1.1635689064054517
54518,1.7534594188255923
54519,2.5403997966257634
54520,1.3457568511669962
54521,3.174527411346503
54522,3.7696834281872853
54523,3.028113449166014
54524,2.699712117084559
54525,2.823391770076803
54526,0.8733390801167857
54527,1.796963976800015
54528,3.112120296245024
54529,3.189424477898541
54530,1.5829699345983954
54531,2.0586409391856293
54532,2.422031678269356
54533,1.9723164547826926
54534,0.9722399343311849
54535,2.1401688175941445
54536,1.8929713896891087
54537,1.0745764576327943
54538,1.1099712948794078
54539,0.9669394867887036
54540,1.7685626202299076
54541,1.9069960080698962
54542,3.2682178798748467
54543,2.0230064087596347
54544,2.6429504180495016
54545,1.8711108162444177
54546,1.4175413736698985
54547,3.4645081411491034
54548,1.9290728496191605
54549,1.4336825751193487
54550,3.214493222193383
54551,2.4361441150906415
54552,2.9273017715270697
54553,1.6283909931547953
54554,2.0181102770614956
54555,1.2448459981117281
54556,1.9202213585741603
54557,3.6779479119639262
54558,0.8281180003742179
54559,0.6496082708691517
54560,2.8146031671976672
54561,2.1895377297414456
54562,1.9136126590448086
54563,2.82766309074929
54564,2.316841033586428
54565,1.722067521419305
54566,0.8701207266630817
54567,3.2789063451347644
54568,1.4673576225205025
54569,1.0869245267925791
54570,0.9158520837824113
54571,1.6605658673980201
54572,2.7918589550410076
54573,3.2166351434454015
54574,3.1546347002867208
54575,2.7093607624246943
54576,2.11946200275775
54577,2.1931195465474573
54578,1.7197004763176267
54579,0.8595091273026512
54580,0.7514961185396061
54581,1.2158666821085617
54582,2.4876694870281
54583,1.3516730541550714
54584,2.9109848969875642
54585,1.8662866962373883
54586,2.501754340125011
54587,1.6561118243122195
54588,1.5077202955014428
54589,1.5762881849410988
54590,1.14212343228602
54591,1.8634880647948435
54592,0.8805102256132358
54593,1.6774411570644858
54594,0.699674012712002
54595,2.0999639033110427
54596,2.638385281939904
54597,1.2379306428135592
54598,1.0663337397557626
54599,1.092566353721267
54600,1.7654990793011933
54601,2.668856630892897
54602,1.6505694809845366
54603,2.4874724619956865
54604,2.5724231112946825
54605,0.6899325592008978
54606,2.093196037591426
54607,1.1227880694360621
54608,3.1586598430107102
54609,2.1363191500993395
54610,2.450383943444095
54611,1.9855743759202582
54612,2.0223307877402803
54613,2.251651253127278
54614,1.0761384080827199
54615,1.2241421483668375
54616,1.6654563024276854
54617,0.5911965155935732
54618,2.2237670802578293
54619,3.1278795960032326
54620,1.5552975629202948
54621,2.455532070453266
54622,3.4319008844990933
54623,2.349553050382518
54624,2.6697850598030257
54625,4.951171627287337
54626,1.9794089682597331
54627,2.8554641900219266
54628,2.8339717470773422
54629,2.532768754742307
54630,1.4383144918463273
54631,1.5285657566024113
54632,2.180839014349111
54633,2.2402970340673107
54634,1.9505634982917144
54635,1.1254630907486174
54636,2.0954950625060746
54637,1.7482623717228734
54638,1.034164696801085
54639,0.9844987500750335
54640,2.1224631632475948
54641,1.137478447759122
54642,1.2519620179636917
54643,3.051365995879145
54644,4.091535316061879
54645,1.8815539002475035
54646,1.561391682513289
54647,1.4659660731348083
54648,2.827495422185308
54649,0.8229499472774151
54650,1.0407514461309475
54651,1.7893095780858204
54652,2.101150244440987
54653,2.865387673685092
54654,2.3639036250408125
54655,1.3080275452884607
54656,3.288712355086126
54657,2.8166495289932314
54658,2.319878201482659
54659,2.4601225147123316
54660,2.3344490952939623
54661,2.2132182765243513
54662,2.136635113046246
54663,1.0236041328628147
54664,2.90133801379843
54665,3.127374808763676
54666,3.276399442035199
54667,0.9683113615989924
54668,1.276262937768756
54669,1.8371864237500333
54670,1.7527126155120456
54671,2.8734884678252897
54672,2.4979193463087697
54673,1.7401138572415604
54674,1.6200416651059513
54675,3.0377497461265577
54676,1.8252406440715276
54677,2.2678441883372287
54678,2.8192535549703805
54679,2.228862087012004
54680,1.7944836125164088
54681,1.6500885916549493
54682,1.041136508973075
54683,1.6365141107512642
54684,2.9646282554128547
54685,2.4705462407884013
54686,1.6507706326601124
54687,-0.24800914066762658
54688,0.4695526118703768
54689,2.805638417105648
54690,0.5623498611142423
54691,1.9153272188574846
54692,1.767363207090817
54693,1.9175269275065858
54694,4.375127192602292
54695,2.2689255595304942
54696,1.6287414946483239
54697,1.9704919720652327
54698,2.3751115867374253
54699,1.2198849294350964
54700,1.496124163078001
54701,2.209656453341452
54702,1.0249550494548814
54703,2.2291853397555954
54704,2.2150241264320982
54705,2.4875308466978225
54706,2.1582000804755594
54707,0.5070885640244356
54708,0.6860314467331889
54709,2.4816854363632004
54710,1.0894938830155425
54711,2.163549609407582
54712,2.46620984081612
54713,2.564617718504671
54714,1.2612335042901393
54715,2.227713592829609
54716,2.5540706380802547
54717,1.3584054651483584
54718,2.406832679274764
54719,4.692373038133759
54720,3.0221359816824886
54721,1.0299303968262237
54722,0.9740754880933054
54723,1.5434415171446858
54724,1.3871030576759225
54725,2.9742124870046283
54726,2.8712808786857664
54727,2.2601908183393107
54728,1.6294791568421587
54729,0.39441515914175795
54730,0.8167114900125441
54731,1.9973603110922937
54732,2.1011631222828555
54733,1.4958313542073682
54734,2.9437563577152943
54735,2.544437536892346
54736,1.6925092099152295
54737,2.345692109485107
54738,2.001929882238791
54739,1.6687582475593246
54740,1.7679275318358165
54741,1.1862564130833135
54742,3.004648310219757
54743,1.4073754170858308
54744,1.7345314640273912
54745,2.4971285463569686
54746,2.0249317764667225
54747,1.019871537548596
54748,3.8755065162898106
54749,2.511961560536392
54750,3.519275163724785
54751,2.3479928762667157
54752,1.6519614902201525
54753,1.9929717619150509
54754,1.0849123475899916
54755,1.6258411184874575
54756,2.72473657547161
54757,1.3055829823302858
54758,2.0278519450995702
54759,1.1157499641687565
54760,2.153741307478654
54761,2.3726468307460564
54762,2.001024493259756
54763,1.8013539017114368
54764,1.9692170023861948
54765,3.962187550646064
54766,2.503954294987686
54767,1.5172803740660896
54768,1.905133128775347
54769,1.0270854527202857
54770,3.5391084210186747
54771,0.6543123921077338
54772,1.5366551370769486
54773,1.8702419551810294
54774,1.1947845731842364
54775,1.7933823896623977
54776,3.1100508164603298
54777,2.7510631733507864
54778,1.6567279571066535
54779,1.1704943605695348
54780,0.4988857684772796
54781,1.8550762276002217
54782,2.7647141207841415
54783,1.5915130084551237
54784,1.3455757907667163
54785,0.6988754450979684
54786,2.0957279774183704
54787,1.817527744851489
54788,1.5466131209298837
54789,1.27855962130009
54790,1.0617389212935109
54791,1.7337268888881994
54792,1.9310166903418349
54793,1.8149311811423843
54794,3.183124615173277
54795,2.9089612078006866
54796,1.5486650162480373
54797,1.855454543795922
54798,0.9321636131153639
54799,0.2593259259727603
54800,2.1421656289531867
54801,1.8917422519826488
54802,1.979262459952821
54803,2.2588184018746915
54804,3.9890122571441253
54805,3.1335307626947895
54806,0.5157088504227758
54807,1.7638052958230404
54808,3.150232982461084
54809,1.5772492695280107
54810,2.9220696098050993
54811,2.779173890700406
54812,1.246419166302303
54813,1.2399529597632863
54814,3.088354503664732
54815,2.0161198784334218
54816,1.0551523026441316
54817,2.7399636888336545
54818,1.6736715155378974
54819,2.6399103818982113
54820,2.398689378287216
54821,2.3687429644732347
54822,0.8619293318956949
54823,3.30633772703699
54824,1.991938916800045
54825,2.2831131027804545
54826,2.512478810109144
54827,1.1004426681297659
54828,1.7530699712808229
54829,2.117081375615946
54830,2.163713472483458
54831,1.704950350302589
54832,1.5001591228579443
54833,2.591393273897758
54834,2.9720040389428135
54835,3.1600835131870184
54836,0.1631761678624173
54837,1.886500295461623
54838,3.2851057692520342
54839,3.701524577085223
54840,1.969347656072408
54841,3.2812682449530044
54842,2.902994720963221
54843,1.3790673501105672
54844,0.7869763077545926
54845,2.194019452709661
54846,2.113340840912052
54847,2.177212510973007
54848,1.6755281382647453
54849,1.2623161535046492
54850,1.8760322575724473
54851,3.312585057113715
54852,1.0556349479817584
54853,1.8122430579356532
54854,3.401791722434588
54855,2.2714462150761534
54856,2.39301104693093
54857,3.0942184372018104
54858,1.8703021889860452
54859,2.6110047266815926
54860,2.5804536625751595
54861,0.07146985748163104
54862,2.2280911011373306
54863,3.229993434218237
54864,3.0128729898233004
54865,1.805436093798157
54866,3.3123862095088157
54867,1.632486807685602
54868,1.6350600055653572
54869,2.8034219640064677
54870,1.1490963963878826
54871,1.6632458945164643
54872,2.303363570892479
54873,1.2645155032581599
54874,5.265837729149958
54875,2.3733809100828296
54876,1.361889109828283
54877,0.21843056663316673
54878,2.3512594411372163
54879,2.2318089758171737
54880,3.3022566805252396
54881,1.5727325692465186
54882,3.781489767611255
54883,6.765522759879417
54884,1.0023871523136734
54885,0.3234680984598626
54886,1.4535207205786023
54887,2.02396197188763
54888,2.3793328947875736
54889,2.4867378195422845
54890,1.4403503655036118
54891,0.552554716480202
54892,0.5931212489952316
54893,3.4586266463548228
54894,1.8755003737071476
54895,3.294115672231449
54896,2.2158974151958546
54897,2.5024785557384845
54898,2.1586834904802785
54899,1.2970136338741796
54900,2.183246797279452
54901,1.845859298115947
54902,1.678762389935926
54903,3.2307648536023663
54904,0.20438647676767374
54905,3.041332539968849
54906,3.05438828381309
54907,2.3127733409171185
54908,0.3793616921296774
54909,1.385325930722182
54910,3.224308142387045
54911,1.5422668623622258
54912,2.067537418793833
54913,2.297948076956345
54914,2.920198664758537
54915,1.3770980491747693
54916,2.6201958742005473
54917,0.938551618064082
54918,1.9311595232763494
54919,2.0549897704941458
54920,3.9118233123651436
54921,2.138869064183737
54922,1.484977283331304
54923,2.328887088180416
54924,2.7661930967060115
54925,1.3485807064588897
54926,2.0401397901175073
54927,1.9249570267214793
54928,2.3221967411375743
54929,1.7661699354963716
54930,2.0784514238343235
54931,2.6608132524445693
54932,1.6816328696031846
54933,1.9579275276277315
54934,2.490372639280629
54935,1.8052762426965288
54936,2.3313276977768354
54937,0.7342919018457081
54938,1.5743273474362027
54939,1.7061594515748197
54940,2.400405374430008
54941,2.1462255139031683
54942,1.2389142492111915
54943,1.766669534385926
54944,2.0996124369943914
54945,1.8871358489821262
54946,2.613261301609775
54947,0.9020466016025779
54948,2.0826893452320974
54949,1.6984493106311263
54950,2.3548669929950705
54951,1.0904446310967444
54952,0.7203728649479757
54953,2.423644875935949
54954,2.5553768170415196
54955,2.846696784602287
54956,4.276385881760646
54957,2.5941511803262216
54958,0.4946523458643455
54959,2.955166709958732
54960,2.812652879078172
54961,0.7127765022659815
54962,2.3027374872150688
54963,2.319436576867922
54964,1.8203691612431854
54965,1.1790850175241303
54966,1.9177484024472307
54967,2.1469512265446298
54968,1.7993867567606756
54969,2.3972783124651187
54970,0.887989617520681
54971,1.8033341803694825
54972,3.599682489443552
54973,2.5939606188721243
54974,2.571604625402607
54975,1.291289455831702
54976,3.1888315919792873
54977,0.8910837984490811
54978,2.637922660892535
54979,0.9836613335894242
54980,2.104400958667995
54981,2.983231873813324
54982,1.0622792032704567
54983,2.329430631468867
54984,1.4084550156102154
54985,1.8411731251080141
54986,1.8860742788750429
54987,2.441952234854
54988,2.070103481205109
54989,1.4463108738679509
54990,1.8709979860844044
54991,1.3780563346437589
54992,2.2044771919021215
54993,4.317575843279215
54994,1.2813711085428423
54995,1.5534809002229153
54996,2.3420026515139156
54997,2.8998415750004227
54998,1.2709983182889033
54999,3.3324145188203786
55000,1.0275316143891473
55001,0.7764828202893526
55002,1.3085954123443315
55003,1.2891573355938348
55004,4.171910220141683
55005,0.8541264852889512
55006,1.6742549255568235
55007,6.667231015536082
55008,3.6364279438825804
55009,3.569567839564563
55010,2.0802306706827594
55011,1.163453350225545
55012,2.030697222425651
55013,0.950557140127728
55014,1.452980606926971
55015,4.978069542604416
55016,1.6695453713200479
55017,4.887533940019722
55018,1.384380096036871
55019,1.2139771016628202
55020,2.8637102293493797
55021,1.8694556066217984
55022,1.8843246956598279
55023,1.060505143170353
55024,0.8596564233231803
55025,3.5431859313381935
55026,1.71238808527945
55027,2.1045507045143665
55028,3.5784082662070205
55029,1.1996923183348827
55030,2.4452628053005867
55031,1.4803608189672701
55032,2.4613877298483757
55033,0.6777005328025325
55034,1.9768024583363442
55035,1.6734871520673806
55036,2.050398136313774
55037,3.2627228414454237
55038,3.6416916412791025
55039,1.6094237973493648
55040,1.9969857823995198
55041,3.137070198969745
55042,1.9052951616712264
55043,2.3441507369288814
55044,1.4531922667789843
55045,1.767903281955192
55046,2.056886636189283
55047,2.2203370443771675
55048,1.3784138471632303
55049,1.480069306762978
55050,1.3396800403397577
55051,4.459956407193793
55052,2.159147482101851
55053,1.8600245009446539
55054,2.0429563551209426
55055,2.5285639927586914
55056,0.9406023744083285
55057,1.45650017714744
55058,2.5375682717214048
55059,1.484060449659431
55060,1.6577058720680924
55061,1.668246748272665
55062,2.061615454112861
55063,1.7137971231871063
55064,0.8967464349885717
55065,1.7748853952761365
55066,1.1013173806383492
55067,3.241859787666151
55068,3.149025494282853
55069,1.7703716441391109
55070,1.8550660287293752
55071,1.6069474767548328
55072,1.7611810295384842
55073,1.2464808607248727
55074,3.0525100894143264
55075,1.0613151747030187
55076,2.1074696131882362
55077,1.8818340796537996
55078,1.7708832157223284
55079,1.5449271882047668
55080,1.632332242501569
55081,3.1480215809952483
55082,1.9957820468685767
55083,1.3425823804065047
55084,0.6072345624513389
55085,1.281277234078246
55086,2.7865001655411135
55087,1.269829548339942
55088,1.1877206363607797
55089,4.362784061058591
55090,1.483101023470418
55091,0.7494247876014057
55092,-0.06499594630813732
55093,6.553525466394113
55094,0.8494087004619999
55095,2.181837930547381
55096,1.3240472014701297
55097,1.4683884916019068
55098,0.7904394049270138
55099,3.6957996248774307
55100,2.1388253953742122
55101,2.171529222504219
55102,2.899475180549544
55103,1.049673350149959
55104,1.499659219202087
55105,1.8799636947035552
55106,2.87041896174663
55107,1.850406744689387
55108,1.682023818157127
55109,2.3603865478241772
55110,3.4625109190821206
55111,2.1072962472430774
55112,0.5669185357533308
55113,0.8584364979049184
55114,1.057804040016599
55115,3.9652483231857545
55116,1.28830674861792
55117,1.8954173650400747
55118,1.737516080124088
55119,1.712834250041709
55120,0.7764327501042416
55121,2.7870707295549266
55122,1.7765252648514362
55123,2.170104037515202
55124,1.650226070407527
55125,3.9830538344937736
55126,0.9307121274742798
55127,1.8678831840101466
55128,0.7149097575601004
55129,1.6617074799117546
55130,0.45696907018341903
55131,3.1364132772186935
55132,1.68653508511715
55133,2.5988454939540375
55134,-0.06308858229184011
55135,2.0360045746415736
55136,3.0850701780990235
55137,1.4050944926500577
55138,4.88986398597185
55139,1.156650947862751
55140,7.167779735146418
55141,2.0107365646379947
55142,1.11687723915054
55143,2.287726115193202
55144,2.3008651010988928
55145,2.047280635325315
55146,1.3484507950726439
55147,2.7967385842727595
55148,2.4255561159315846
55149,1.8811522345837588
55150,2.0051154418298225
55151,2.331259948784478
55152,4.585159649900888
55153,2.531999855387312
55154,2.8903733167766603
55155,2.1625350418832454
55156,2.4523346545983244
55157,1.0250837780582458
55158,2.7735940337242937
55159,2.253704694263007
55160,1.7168887036531544
55161,2.260674622795932
55162,2.294541643211417
55163,3.814923242219635
55164,1.8961378942416687
55165,1.1361303121570998
55166,3.0980030243521455
55167,1.9686552373582202
55168,2.514528636923366
55169,1.068565536100273
55170,0.7317100615677461
55171,0.8042088467899688
55172,2.0218262278812063
55173,1.715712309900077
55174,2.470900086532481
55175,2.2567112681504042
55176,-0.21755286325930712
55177,2.4716779087657414
55178,2.2080879657826458
55179,1.4703748309420703
55180,0.34338256648907617
55181,1.4684788553934283
55182,0.7060917460827127
55183,2.36913475236895
55184,1.2943299815617664
55185,5.443210347538852
55186,3.615898708074461
55187,2.3445867461234258
55188,2.7901274161458147
55189,1.601364062197895
55190,1.5355157445002305
55191,2.748154537362737
55192,2.581653535880264
55193,2.514744729741558
55194,2.4486551284709748
55195,2.2784265501146734
55196,2.1581264921865184
55197,2.0153830222221103
55198,5.02028913335959
55199,1.6281518641512847
55200,1.9457307607084218
55201,1.1445832225658066
55202,0.8603810706117301
55203,1.4037130878895354
55204,0.9494128482720186
55205,2.2766185562207113
55206,1.9215271690954268
55207,2.809342036212115
55208,2.3612293858401117
55209,2.1879270792434937
55210,2.929315755294091
55211,2.871718379904543
55212,2.718672772650237
55213,0.7481000854183861
55214,2.1847228431925245
55215,3.6350695125229677
55216,2.150880746312822
55217,2.5428151770568235
55218,1.437820388567495
55219,2.7274509989214337
55220,2.48762210198538
55221,2.671615583023673
55222,1.3401076742974993
55223,2.2503014865957525
55224,1.8933217812218928
55225,1.7589866440034214
55226,1.6576471178439505
55227,2.2258628751831466
55228,1.4089992136990332
55229,0.6527153033306803
55230,2.5612669321319785
55231,0.8071926956982409
55232,2.3170104089993515
55233,2.0474807703423252
55234,2.0228352876594684
55235,1.633576882027974
55236,2.396878521431752
55237,1.3880241220434684
55238,3.3617360892880015
55239,2.990266923646608
55240,2.5717857858393884
55241,1.8062536808160985
55242,1.737773273907635
55243,0.6829043868946769
55244,1.259324910686253
55245,-0.3263617016968752
55246,1.0052193775472347
55247,2.2270744892264105
55248,1.935837774746716
55249,1.0693950438306743
55250,2.792150078722308
55251,3.0318679994162707
55252,1.3827311821820842
55253,1.8174958292669459
55254,3.430331348429476
55255,2.374010613537358
55256,3.0791113595572597
55257,2.3440985227302633
55258,2.137437560569815
55259,2.329628837099655
55260,2.6554256179015283
55261,3.8886157513704873
55262,1.025257732439897
55263,2.6936184402568983
55264,0.35553500645089997
55265,1.8478260331946075
55266,2.4969345583122617
55267,1.6734502740636756
55268,3.044826646109229
55269,2.126864540029615
55270,1.8397944916622535
55271,1.239068605224496
55272,1.8868551032211727
55273,1.2930969867438904
55274,1.5433780104166104
55275,3.478258326157892
55276,1.569218580524442
55277,2.7658519264235153
55278,3.162716947001016
55279,3.21311209526435
55280,2.093017112425251
55281,2.742553295807852
55282,2.8153413585040923
55283,2.0298341449252106
55284,0.5046545646329719
55285,2.0945776156265126
55286,1.4863880221227461
55287,1.572524064799218
55288,1.182195359100163
55289,0.5595930575300443
55290,1.5117637054933084
55291,3.568426530089596
55292,2.1399534159377964
55293,2.3229355933007767
55294,1.1861698951495825
55295,1.26296400900938
55296,3.5544659229358047
55297,3.392654705672335
55298,2.7709778805174494
55299,2.4042835391288406
55300,1.9109617501538025
55301,2.1259674631334278
55302,2.1880467310944454
55303,1.8997948917012977
55304,2.8758398357543555
55305,1.1426221609890206
55306,2.4624608294089114
55307,1.2034704885098364
55308,3.440833334036533
55309,3.3101850281451988
55310,1.7538404397015768
55311,2.472794375325691
55312,2.9991856912620207
55313,1.9837889772495032
55314,1.8104648586423906
55315,2.0341380663742825
55316,2.6290448419651042
55317,1.6086558855313058
55318,2.7333976349632536
55319,1.8653347110126859
55320,1.236503227687372
55321,2.525979621089462
55322,1.7821330146754377
55323,1.9094121932656307
55324,3.09192117170317
55325,3.09256532591543
55326,3.094561842525202
55327,2.7836078000147353
55328,2.7603170143817692
55329,2.1435392694828366
55330,3.1371817021190793
55331,0.9681688763314824
55332,0.8008772760852096
55333,2.3685615003362557
55334,2.3417629766818635
55335,1.54596580908062
55336,1.660035077003215
55337,3.4583561274112355
55338,1.3380175359647097
55339,1.626544199332649
55340,3.1926175775891608
55341,0.990109902140091
55342,1.1113638802572936
55343,1.4798975448134968
55344,1.4134831731406337
55345,2.5929524820612215
55346,1.8696499349794493
55347,1.8015009168053808
55348,1.9663589283812186
55349,2.3140294578256047
55350,1.6113921390029304
55351,1.5681817341624722
55352,2.876783547391078
55353,1.882292160724269
55354,1.8643570690994267
55355,1.3364447472490895
55356,1.494386065281887
55357,1.773987949869138
55358,1.4860750021687679
55359,1.846740708529282
55360,1.6783054180725614
55361,1.8963116078504498
55362,2.074257015927863
55363,1.476388049417956
55364,2.4303761052151316
55365,2.3754597362063876
55366,0.9346961393324804
55367,2.54697608801893
55368,1.642483884733231
55369,0.9180314190241674
55370,0.4111210075939624
55371,1.6589853236315832
55372,0.9729682658631589
55373,1.0673517392875667
55374,2.2536908940924505
55375,0.7186639111711273
55376,2.3457859285186444
55377,2.1890489344843687
55378,1.6639392310465908
55379,2.135047710123665
55380,2.1008988678635987
55381,0.29534120728797575
55382,1.8044382266848658
55383,1.187660586867679
55384,2.895843252117551
55385,1.5387886675902465
55386,2.3861450447463497
55387,1.8492262364962428
55388,2.2016361718149042
55389,2.0800624624366364
55390,3.0521631580643316
55391,3.467168869542263
55392,0.5795910543066043
55393,0.9793905890357308
55394,1.0215959835910766
55395,2.7713926549051138
55396,2.5015981849536644
55397,1.574911093846147
55398,0.6824587782482467
55399,2.743769702186853
55400,2.348833664587943
55401,0.7417238059103468
55402,1.9850454443748475
55403,2.1670857263281036
55404,1.63088635090255
55405,2.535649628762741
55406,1.0325549216401697
55407,3.3382544482774748
55408,2.669769391253574
55409,1.41420681560016
55410,2.69519305668328
55411,1.768241952305928
55412,1.5946201566600564
55413,3.4291115287558327
55414,4.382783579279092
55415,1.78167763125046
55416,2.388012102660582
55417,2.2021880694671268
55418,3.0798819925520036
55419,2.478884666925758
55420,1.6389885169372818
55421,2.407677214842465
55422,2.1826857752740736
55423,1.208858292902704
55424,1.7817990049688106
55425,1.0409764928336074
55426,3.996844880797667
55427,2.0451223473833124
55428,1.7935867432719377
55429,1.395554440582103
55430,1.576219504378301
55431,2.768491855628227
55432,1.1318515775873124
55433,2.850155363106751
55434,1.9505007156621588
55435,1.563136688386713
55436,2.5573314808786165
55437,1.8851340869312239
55438,1.4030233638122525
55439,3.4800078393942258
55440,1.2267749641393593
55441,0.8606822784372596
55442,1.9319583165812588
55443,2.207290697261449
55444,1.0485502624104512
55445,1.9195542305704976
55446,5.4401576813196115
55447,2.688615131796311
55448,2.1139369160666703
55449,2.3074300010229933
55450,2.8332937451235196
55451,0.9869977415591507
55452,1.8985559182802874
55453,2.246710938335198
55454,1.549414498621914
55455,1.5435776370761616
55456,3.1466057988736154
55457,2.3143619047129533
55458,2.716904412886187
55459,1.6262844287391687
55460,2.7974112828562383
55461,1.3062368475707302
55462,1.990316682668471
55463,3.01110304801346
55464,1.8917675953406743
55465,0.8159091675692594
55466,2.068757653553817
55467,3.740184210627511
55468,1.9152017583272638
55469,3.17975898200104
55470,1.2037199952580906
55471,3.2431539346829084
55472,2.7935101004310354
55473,1.8612388531766726
55474,1.8169358505193003
55475,2.5779543252030095
55476,1.720838305970716
55477,2.2459036595637016
55478,2.0260724306753772
55479,1.6409006403374988
55480,1.4113145066198811
55481,1.9554602658256997
55482,1.3930981299262086
55483,1.9672998225664813
55484,1.0528849053498703
55485,2.7515415410129833
55486,2.386099842724242
55487,1.6574643190152045
55488,1.7506747548068518
55489,1.8792531292702748
55490,2.5973939660169734
55491,3.372040584910245
55492,2.792120064781571
55493,1.1410840527481625
55494,1.801328833549782
55495,1.4309310774394746
55496,2.1059375188007152
55497,1.9496434106919622
55498,2.7158575308011663
55499,2.1011433943325386
55500,0.16801280872758184
55501,2.204330181057834
55502,1.7873782419135367
55503,1.9042288984639129
55504,1.286168441239937
55505,2.2391507276070257
55506,1.4553534666547634
55507,2.4832833130198537
55508,3.3840455819573805
55509,2.1569659577673193
55510,1.7232772881912126
55511,2.645989273342508
55512,1.9546184336104204
55513,1.8298476624819031
55514,2.027833895455373
55515,1.5509687912552366
55516,1.3346382059297142
55517,2.036952828013341
55518,2.4896848818740622
55519,2.5712846612170495
55520,1.6585592597404286
55521,2.6461686631658523
55522,3.252679232902018
55523,1.0993235066986031
55524,0.9980423009372146
55525,1.398436025586328
55526,2.042374745627569
55527,3.2135583504659664
55528,1.1419630841123407
55529,1.86772747339878
55530,2.5356410225958754
55531,2.008633532813846
55532,2.202933825757114
55533,0.539541226363319
55534,2.8924959311268665
55535,2.0700557866560345
55536,-0.3455328846756416
55537,2.313345200962708
55538,3.384398456559765
55539,1.5966115998113324
55540,2.9518428932760443
55541,3.0979442057717463
55542,2.3440646162429672
55543,2.2841800967497434
55544,2.0385297567288205
55545,1.7948661278864506
55546,1.0286723041430292
55547,1.9191917951227495
55548,2.017425241241547
55549,1.835580868825069
55550,2.0037995399643265
55551,0.8822402573316452
55552,0.9129903335686578
55553,1.4449129501039124
55554,1.5714302386564398
55555,0.695929529289856
55556,1.985264782271969
55557,2.2556024173379257
55558,1.5591025138065788
55559,0.9801742467145829
55560,2.2301303792740654
55561,1.9889492796759072
55562,2.793851368451996
55563,0.8032582384787261
55564,1.802113496606495
55565,2.4525553375436644
55566,2.8846491226547855
55567,0.4807313044461097
55568,2.2960840203169113
55569,1.7644397188521026
55570,1.5979062032286393
55571,1.5063255475940593
55572,1.7469791523027496
55573,3.221939654604384
55574,2.03929296765709
55575,1.5815007477748608
55576,3.20869100436105
55577,3.372528240441511
55578,1.596207400060635
55579,1.6256040025974912
55580,1.5021158043718899
55581,2.36122782216529
55582,2.3211927804654238
55583,4.311154983175584
55584,1.8907281104259468
55585,1.4970121480061778
55586,2.275705459852283
55587,2.0248244551393455
55588,2.624901272409012
55589,5.922154496214397
55590,2.134446102576007
55591,3.2606341524671194
55592,3.144522938414063
55593,2.2595948055636867
55594,1.326593274956295
55595,0.8052079194745403
55596,1.614177002275838
55597,3.453388097211757
55598,2.955361619948718
55599,2.7159941578377698
55600,1.710040443287724
55601,2.209212711869526
55602,2.6654524474161647
55603,0.2959490497831325
55604,2.2579440547432412
55605,1.4674714159949218
55606,2.948894566053461
55607,1.3630621215640915
55608,2.022229329708523
55609,2.0736500287756456
55610,2.5150649554197244
55611,1.0615334069767783
55612,2.7828750790260415
55613,1.9368301231575487
55614,3.261012196104211
55615,0.9650636837037325
55616,2.46538602413591
55617,1.789246510296131
55618,3.120266181185613
55619,2.8426082715778733
55620,1.392204418699663
55621,1.6570626072565275
55622,0.9194705399439584
55623,3.3396875521369367
55624,1.9588709442348105
55625,2.4743119543580647
55626,1.244162880650805
55627,1.3618459156498801
55628,1.6239907967460283
55629,2.023930686777952
55630,1.63079649182243
55631,2.7430017084817493
55632,2.3724613558094703
55633,2.2316811983364033
55634,1.9537771830771433
55635,4.217713840272154
55636,1.4306148609154903
55637,2.229051823129133
55638,1.578893478039518
55639,2.1951301727641876
55640,1.5878410386572028
55641,0.5338741643410998
55642,1.9600098931153624
55643,2.4270595521578286
55644,2.1207361717302575
55645,1.4718896414754994
55646,3.3439751106830187
55647,0.9096482296952857
55648,1.7313613709022206
55649,2.3993511942919596
55650,2.1459369300507944
55651,1.0459149720255283
55652,1.1918624498918007
55653,1.8615490463526143
55654,1.3089537039618335
55655,0.9492654839126118
55656,1.9736341986747306
55657,2.9913445578197226
55658,1.21242568670759
55659,1.3167037427735409
55660,2.840060569301727
55661,1.4191262637457598
55662,2.6238869150815205
55663,2.186842701046288
55664,1.493629096610043
55665,2.50549423971853
55666,1.8130723268375917
55667,2.0873625399705844
55668,1.0570379769198865
55669,2.9605915402262397
55670,1.8979146559737856
55671,1.4943999102760657
55672,3.2363619907978602
55673,2.0488982139295686
55674,2.49246275679522
55675,1.6097140181992273
55676,1.5579961683302557
55677,0.9726882705077884
55678,3.1084310040296614
55679,1.2676226007395144
55680,0.8569303648310438
55681,1.8875797243491164
55682,2.1618599632314357
55683,2.9093566384510297
55684,1.3317914156535835
55685,1.3106532530669668
55686,1.931824466849264
55687,0.6420625221017602
55688,1.32708898298268
55689,1.135455912104021
55690,2.76439323281582
55691,2.7839091727706915
55692,3.1407293670385314
55693,1.486282297837107
55694,2.1978449388720023
55695,2.3380821603415356
55696,1.01186136104576
55697,2.3649582000301166
55698,0.5274468856679988
55699,1.8434710250446997
55700,1.4121780767405667
55701,1.0683215185364787
55702,0.8327629477225571
55703,4.122863708759105
55704,2.664790779979505
55705,2.579206863019465
55706,1.3762647952987592
55707,1.9783775934041472
55708,1.526061100097074
55709,0.32275238435605047
55710,1.9347648158480055
55711,3.394528425416631
55712,2.603824944686558
55713,1.8288781702503627
55714,3.0071680132230227
55715,1.2888940907129793
55716,2.0967021240490666
55717,1.3974143268182573
55718,2.348589925686227
55719,1.969656260188053
55720,1.258656528598884
55721,1.7378785829204944
55722,2.7526375825865017
55723,1.88713544884655
55724,1.6929832695465592
55725,2.3733143727857637
55726,2.5612798881856875
55727,2.7971801982026747
55728,2.8422307355883163
55729,0.8602468894385424
55730,5.408175738604307
55731,1.9519524241106012
55732,1.0285469906117655
55733,3.1888725709031576
55734,1.521066554380802
55735,2.092379911431138
55736,3.697671574133892
55737,1.8003536618160467
55738,1.9346055807023461
55739,1.868903410173452
55740,2.456536743783502
55741,2.6150417426386454
55742,0.9584969180107734
55743,1.5875865608151258
55744,2.4859211153018705
55745,1.8974481951152598
55746,1.089523461155018
55747,0.6501467149644142
55748,2.531102545182584
55749,0.5277362551329645
55750,1.9098386937700411
55751,2.228145754612143
55752,2.194565749806017
55753,1.7274047986431498
55754,3.017854374534643
55755,0.6852365463170926
55756,1.8406275618315036
55757,2.326314935040756
55758,2.2108124955371125
55759,2.6503827533237967
55760,2.7664862655617526
55761,1.3923365943010992
55762,2.376596249680439
55763,2.149269899041329
55764,1.9588148436768975
55765,0.288636738070295
55766,1.3933498076109885
55767,1.8147996220266833
55768,1.9868162848266095
55769,0.8609727979526554
55770,2.0091672838123174
55771,1.0572496511423495
55772,1.8828343346279794
55773,2.751377580698211
55774,2.2566344893189267
55775,2.738872280346378
55776,0.632665641468563
55777,2.4247637013995913
55778,2.6567353809562633
55779,2.8021389547809576
55780,3.1946621502214825
55781,1.295778659156099
55782,1.9038676931291434
55783,0.8403914699339055
55784,0.07293591871083294
55785,4.216531892800262
55786,3.1188055372920473
55787,2.76435732481432
55788,3.1089985438717136
55789,2.597436792460755
55790,1.8122936454468714
55791,1.0741813765209187
55792,1.7630953135934817
55793,2.735954722294494
55794,3.043774890532248
55795,2.4373706650298246
55796,2.3002978109192753
55797,4.086126441059413
55798,3.5924611138841556
55799,1.7450266735627622
55800,2.7534110656599893
55801,1.9955307573631131
55802,0.9554750344390612
55803,1.6658391432527964
55804,3.4496291217645307
55805,0.46775240838104537
55806,1.8005756090598766
55807,2.4194482970791213
55808,2.494471933496655
55809,1.9743384527950667
55810,3.3693414740360197
55811,2.455491778946765
55812,2.260548527924634
55813,1.819486050523743
55814,3.346400672480442
55815,3.720226115173176
55816,1.0711688593024107
55817,1.9048674431819066
55818,3.319804396030193
55819,2.6997282332431
55820,2.782491360701094
55821,1.403089455986148
55822,2.105749948623327
55823,2.751812370276838
55824,3.3659419713604706
55825,1.631994969325838
55826,0.5920345956768571
55827,2.9414805304054497
55828,2.0373714021095353
55829,2.048822134634271
55830,2.310999286655111
55831,0.9926398203913891
55832,2.2803279399382816
55833,1.8861484340497796
55834,2.07572312212249
55835,2.7145094461512187
55836,1.159291900292608
55837,1.5887983391666864
55838,4.381370438799017
55839,1.1856456170520957
55840,1.8038996340211924
55841,1.1803585052089574
55842,1.4528468172223157
55843,1.6967120357780061
55844,1.7627450926942245
55845,1.015362740829488
55846,3.162473825687357
55847,2.282075693418797
55848,2.6740442911019073
55849,2.45306320288352
55850,1.5699681208233827
55851,1.6138319838477528
55852,2.0639881390562635
55853,2.5269141454764963
55854,2.620421979244341
55855,2.013770703892966
55856,3.1428722559546785
55857,2.078809389242764
55858,1.9711815609658032
55859,1.0731491064999545
55860,3.116087219814254
55861,1.8695186253009197
55862,2.4159054453414655
55863,2.252310181853396
55864,1.3922053670249213
55865,1.1184515129444108
55866,2.4193182076748414
55867,1.7080604210536237
55868,0.8061376540626668
55869,0.5694671112387084
55870,1.9636044658209428
55871,0.7973409709187536
55872,0.5495959167474211
55873,2.206368866854845
55874,2.603331050501879
55875,2.094725388831286
55876,1.5929018704924687
55877,3.455308040170145
55878,2.3395456524810214
55879,0.5059732749177499
55880,2.23712039736575
55881,2.2339541957125206
55882,1.3823875284266194
55883,3.7103898186006106
55884,2.4491968617198694
55885,1.9218872543597456
55886,1.6697052982921008
55887,1.9589909017367475
55888,1.773759303170415
55889,0.6799231253564528
55890,1.7516946430274274
55891,1.8063325083108168
55892,1.8562648670840787
55893,0.6096338367650418
55894,2.96683434276148
55895,2.5328967424675994
55896,1.6643820198110646
55897,4.720067845415649
55898,2.095104958934023
55899,1.9138916053689528
55900,0.949620377237899
55901,1.1286769027504207
55902,1.4977709202711793
55903,2.4437938940907245
55904,3.5581472584552998
55905,1.5232767772790865
55906,3.2551367441719847
55907,3.0580553457373583
55908,0.6866590959071175
55909,2.3452775083532487
55910,2.1403590579750116
55911,1.4245795316304495
55912,2.255539307479708
55913,1.049915372378436
55914,2.7702469112607204
55915,2.3675103647673126
55916,1.55772229919004
55917,2.3419242173095043
55918,2.012478996317874
55919,2.6448156434905457
55920,4.215829787754885
55921,1.1612958826058133
55922,3.1562649027482976
55923,1.2310321897740835
55924,1.7340633805046721
55925,2.846666082370703
55926,1.7283171666786927
55927,1.7009193580511521
55928,2.3234643051454498
55929,0.8231921932566593
55930,1.7101125901487109
55931,2.6967624026079378
55932,1.5460119652662527
55933,2.0656710271463155
55934,0.6953807738586804
55935,1.7509684397142067
55936,0.6687006941158558
55937,2.6857368865722577
55938,2.2234874571991767
55939,2.196069203496556
55940,3.792734642706961
55941,2.125822602538747
55942,1.9314037481727553
55943,1.0088232560799213
55944,1.9466809718597702
55945,1.5137484834911064
55946,1.603594308903105
55947,2.5319447701149826
55948,3.0624335169280386
55949,0.7502811483085523
55950,1.6335838795385413
55951,1.9797843511443958
55952,0.7753391333080586
55953,0.944151821374362
55954,1.9169183050923806
55955,2.8812518822010134
55956,2.875353824536056
55957,0.6273599964163665
55958,2.1493318769058405
55959,1.0202380285374346
55960,2.0750202482666182
55961,1.203704301617158
55962,2.1336137232150136
55963,3.3965219775074473
55964,1.854807031009031
55965,1.4947620444479952
55966,2.103178017873951
55967,2.840573228907381
55968,1.7113337501328019
55969,3.3204242320177
55970,2.5740819323313815
55971,1.9252741970434428
55972,1.856945091953314
55973,1.0448637802514966
55974,1.9107878011656112
55975,2.1546031515437747
55976,1.7488949366681439
55977,2.437110395158726
55978,0.5314565887314799
55979,1.420115682389742
55980,1.340629408925885
55981,2.8737719465560403
55982,2.204403493235418
55983,1.253628428125026
55984,1.695964255727894
55985,1.663789418101608
55986,1.0386962955371573
55987,1.9356141179089548
55988,1.1877987195433235
55989,0.8003422150788424
55990,0.9908976914025232
55991,1.4191684104417561
55992,0.5995098786444757
55993,2.6751117718324338
55994,1.249849906905311
55995,1.7581874327288176
55996,2.1035396081479405
55997,1.719705422504589
55998,1.59788426582395
55999,1.4419733053978874
56000,1.6992212701732683
56001,1.031586553919695
56002,2.0307494709180745
56003,2.584009551251569
56004,1.565851578389939
56005,2.339506899108777
56006,2.3633648011792587
56007,2.232887542979789
56008,0.6224738177553419
56009,2.0603581390846983
56010,3.1187317103501684
56011,1.7264438485494225
56012,3.1112643980670285
56013,2.6259911813215098
56014,2.784366311933802
56015,1.4147372395827773
56016,2.2981275236417673
56017,2.268385238422013
56018,2.2280127363918965
56019,1.5703385144772355
56020,2.646203952864745
56021,1.210066962988364
56022,1.3463817771634439
56023,1.5903958621424366
56024,1.7729495820246655
56025,2.7599718837287455
56026,0.968613326110848
56027,2.9093313352874333
56028,2.248985381830032
56029,4.021287018641921
56030,3.862226715398819
56031,1.5434622438796737
56032,1.3060456534888374
56033,1.0937329022373206
56034,2.2479203663941902
56035,0.9997297816295685
56036,0.4678522832384857
56037,1.815895681521873
56038,2.387178258855272
56039,0.7954112635084272
56040,1.878066939630223
56041,2.0028281416159146
56042,2.594844219440077
56043,1.047794302308418
56044,3.2958758882269876
56045,1.9108380363308086
56046,2.4331501553667536
56047,2.091060911930292
56048,2.1865537145568084
56049,3.332972654739713
56050,1.8711365526322083
56051,1.8534734853389594
56052,3.1411817462142864
56053,3.5280466569722506
56054,2.901220011067821
56055,2.2411506423028413
56056,0.98079348808551
56057,1.7588293753451794
56058,1.9985151676824913
56059,2.3581903137904305
56060,1.3989290246375745
56061,2.871777933174144
56062,1.0073564791040823
56063,1.690023501092412
56064,2.195663586531346
56065,1.9527435039784393
56066,4.846530781180576
56067,1.9561562186557566
56068,3.184831897281029
56069,0.06466989093536313
56070,1.5829321567885728
56071,1.385548581218778
56072,1.0687488480514986
56073,2.908502687835586
56074,0.8508008427696012
56075,1.807602891034911
56076,1.8381737729589744
56077,2.3933715558287147
56078,1.8621701434316194
56079,1.437463901852169
56080,2.9386556053454456
56081,2.767000808964184
56082,1.5695573268204868
56083,2.978032314324622
56084,2.147304459852478
56085,2.031862310051018
56086,1.1059322681570407
56087,1.5827098095068806
56088,1.781163705006982
56089,2.4786983349311384
56090,1.8726123410738964
56091,0.5842295973174174
56092,1.021971338563418
56093,2.0873936893700815
56094,0.8688112426771539
56095,2.006659552099869
56096,2.3243953210021004
56097,1.5633616453383112
56098,2.1840646084499085
56099,1.3007126411332592
56100,3.9612367037394094
56101,1.395465754861263
56102,1.7811257575030979
56103,2.269030378221629
56104,1.9235169483524004
56105,3.5424020529991225
56106,2.5224392639497424
56107,2.108389718476161
56108,3.1541501649536983
56109,1.6931770080313484
56110,1.5471892051664327
56111,1.461297264541379
56112,1.511998135246472
56113,2.0814849999770573
56114,1.4174711945005711
56115,2.5009541424493094
56116,0.8898665000093828
56117,2.721440626740389
56118,3.456340228252195
56119,0.9827800834066664
56120,2.1521699775902903
56121,1.0295242995614657
56122,2.190109085444469
56123,0.5773817609418614
56124,0.9424589719361904
56125,1.0107053368829924
56126,1.0860882934120184
56127,1.173792455092041
56128,2.4733429088919223
56129,2.4018213840869436
56130,0.7193701756757562
56131,3.122999585656814
56132,2.0055799642854453
56133,3.9572636074030427
56134,2.867245849607663
56135,2.6578688175636813
56136,2.0474871262516103
56137,1.6943817718210497
56138,2.562387517703513
56139,0.8599521776349022
56140,2.2162076521314873
56141,2.4533454209152765
56142,1.9783785384128763
56143,2.031672073348865
56144,1.6739361495468401
56145,4.222605612831167
56146,2.085086118813315
56147,1.865100055774711
56148,3.508384299266197
56149,0.6990320576621087
56150,1.1830508774263464
56151,2.49451295103227
56152,1.8162248038744764
56153,3.061824222775833
56154,1.6414004656002348
56155,2.835765785772743
56156,0.7263805498014122
56157,3.811076847374352
56158,2.021601846909924
56159,1.1988166922357593
56160,1.5858509070844207
56161,1.241077002487458
56162,3.861033398081773
56163,4.5172904627407675
56164,2.049941628570892
56165,1.4513956133487014
56166,2.0260771192474536
56167,0.02253142780329398
56168,2.6500719310268934
56169,1.3297007859422152
56170,2.5394900641887617
56171,1.788583664297093
56172,2.6697198463231615
56173,1.9404011605771458
56174,1.7079727263409765
56175,1.386885516399687
56176,1.0765694419918432
56177,1.499775319623872
56178,1.2366793589488978
56179,2.7596156487539574
56180,1.986082398036146
56181,2.203668740820902
56182,2.29131999685584
56183,1.816336466102662
56184,0.774566255682366
56185,1.0356588921579402
56186,2.9007251218252676
56187,1.8049240002677607
56188,2.8014732744348763
56189,1.9390581669609688
56190,1.1128212586614552
56191,2.515691552662979
56192,1.565537946217603
56193,4.184186650764417
56194,2.1901452508854433
56195,1.45838911139046
56196,2.3437153731457343
56197,1.1893854714762497
56198,1.3835735236205977
56199,3.122639143965692
56200,2.2687481556810454
56201,1.1401185928322235
56202,0.947778565557357
56203,1.827110423132467
56204,2.2075682157624215
56205,2.237037399325061
56206,2.6758432842440243
56207,2.093436638407681
56208,2.4001578584910703
56209,3.7333030182100586
56210,1.781477020451021
56211,3.5281717303550337
56212,2.6946509830607255
56213,1.5715836518978463
56214,3.7423545760578705
56215,1.3353234556811202
56216,2.2137976630831773
56217,1.896411026765911
56218,1.7529698104314875
56219,2.197435021546994
56220,3.007576758291094
56221,1.2276491249734605
56222,1.0771439487277732
56223,2.557456997752091
56224,2.0049237146348986
56225,1.3977790584963188
56226,2.156442266763136
56227,3.0117030545203463
56228,2.4446724018061445
56229,1.6835576314942031
56230,1.8218719324340213
56231,1.8700035042659167
56232,3.7100271084585543
56233,1.718016874122867
56234,2.417194368353627
56235,3.1906098080264442
56236,1.6633299900243514
56237,1.976747342818868
56238,4.974826742769196
56239,2.024630376920996
56240,1.123863208598621
56241,2.64946701155403
56242,1.4929603536867901
56243,1.8228684823488521
56244,1.7721968501096583
56245,3.0330247473928225
56246,1.6183793987533548
56247,1.285263705666594
56248,1.9148148135702243
56249,2.544568536973159
56250,3.118439291039607
56251,1.769901326248501
56252,1.8543556388963935
56253,3.2585517337188463
56254,2.403772431606697
56255,2.678425029695944
56256,2.2486682546637127
56257,1.621911351396264
56258,2.4929419761956098
56259,4.179582664933982
56260,2.3610189579806686
56261,1.5153302643128441
56262,2.151799387303363
56263,0.44765484014205015
56264,3.6278998054401725
56265,1.5006213118476595
56266,2.1142583544604534
56267,2.1642778801581244
56268,2.4481744155406417
56269,0.7112229830134851
56270,1.5910266124154333
56271,1.9641039396518636
56272,1.6775904572175975
56273,0.6281875433762423
56274,1.7698515469623857
56275,1.1989568055700062
56276,3.707359189022611
56277,2.2111338767343227
56278,-0.45616891036917906
56279,2.3782026931664433
56280,1.8533088016871773
56281,1.9970770071485617
56282,1.0906568842606248
56283,2.2695111060813815
56284,1.2957908354426948
56285,2.440157108405188
56286,1.007225792582041
56287,5.955964747393551
56288,3.6811602124175025
56289,2.5070258165639174
56290,2.521305089086894
56291,2.2627133099369274
56292,2.0223564910337615
56293,1.9781226445277937
56294,4.609685590021179
56295,1.7014196454773298
56296,2.6336343603314063
56297,1.7234226114264288
56298,1.552777200333118
56299,1.8618919055343923
56300,1.47194549152848
56301,0.47323742316099526
56302,0.585203599716067
56303,2.0347778130736813
56304,3.156152905328284
56305,0.7639560964248773
56306,2.7729399248490054
56307,1.8064818701760785
56308,2.1355803661282806
56309,0.6851948388694069
56310,2.3482001290907064
56311,1.9688098090503914
56312,1.5194705572721503
56313,2.815695337873592
56314,2.480093231322826
56315,1.1721488770903292
56316,2.7360737009636935
56317,1.5727752562030588
56318,5.194388211288555
56319,3.3137372547362887
56320,1.1421388040455653
56321,1.1906715930115013
56322,1.0045928822578247
56323,1.324112485670419
56324,1.8103410018938675
56325,2.085953738708838
56326,2.4186410005871863
56327,3.079100087697668
56328,3.278972373299773
56329,1.741375376794366
56330,3.2071116109422064
56331,3.0943323406255203
56332,1.4120863360223694
56333,3.3256532684764153
56334,1.2794559597417106
56335,1.9443219455997962
56336,0.9756419729990427
56337,5.607474507103646
56338,1.8654290360186678
56339,1.6857920139386593
56340,2.897635937633005
56341,2.040714798967045
56342,1.5776682079560302
56343,2.6268116779013937
56344,1.5815342151007243
56345,2.6682076879200736
56346,0.8883300864431973
56347,3.0579581003879355
56348,1.6189880030644943
56349,1.9767744688792632
56350,1.329583299236333
56351,2.961555185581794
56352,3.158461184916888
56353,1.7774037582518574
56354,2.4298716504830082
56355,2.0147588394941067
56356,0.9310297323930214
56357,3.542175577900565
56358,1.7142793681204083
56359,0.6844133395561158
56360,1.0141621073705451
56361,2.5453223576472084
56362,1.8216548086583941
56363,0.5160443706966475
56364,1.1660208122563134
56365,2.269064522594114
56366,2.286521231873188
56367,2.7368151374848395
56368,1.6454024405971523
56369,1.3884992791267265
56370,1.7286260029551173
56371,2.2245082930118585
56372,2.558160102186932
56373,0.6435423986461828
56374,1.802819471374093
56375,2.7254716527178076
56376,2.738897617548382
56377,0.8558166315255207
56378,3.4590155025659044
56379,2.721394875918719
56380,2.525360371535598
56381,2.039535293099
56382,1.6173683992646772
56383,1.538167726075386
56384,3.0789665177736865
56385,1.8221636391621558
56386,2.329876782015532
56387,0.8717457450133566
56388,1.917792724465862
56389,1.988715699922956
56390,2.0366016014183828
56391,1.7155422964305629
56392,0.824806185484114
56393,1.8050571766957617
56394,2.796584477012317
56395,1.7059929313283675
56396,2.713601990382024
56397,3.0665336252848476
56398,2.1631812993695974
56399,3.598289358160592
56400,2.117197401483061
56401,1.4137173446441196
56402,1.0131019522758464
56403,1.3249968699575803
56404,3.5019901989126794
56405,1.5439968027075466
56406,2.171560877827865
56407,2.6944371231263275
56408,1.4367975751925712
56409,3.263975949564717
56410,2.383219751218462
56411,2.1077875577683898
56412,2.293571169759865
56413,1.9210434958961429
56414,2.930644762766164
56415,1.3816722608263063
56416,1.427587797515372
56417,2.3889567524642743
56418,2.4676049105660525
56419,2.723724111722838
56420,1.5027130923184657
56421,1.4078921292665783
56422,2.200934466086359
56423,0.7172983987598656
56424,2.9823078621891455
56425,4.191238998411563
56426,1.2405380911607864
56427,1.160285066814403
56428,1.6484808934400448
56429,3.0455344190268505
56430,3.8391674127370834
56431,1.3344836072872681
56432,2.2226457573263048
56433,1.9189371607943855
56434,1.8830781782468975
56435,4.021120232279337
56436,0.9664603907770157
56437,2.265417166327339
56438,1.496082764923564
56439,3.352120784575341
56440,1.9064968901752053
56441,3.2592211285951294
56442,1.5288709131059406
56443,0.6363957139593452
56444,1.1925744273744954
56445,1.7167976550662658
56446,3.012195741419376
56447,4.256891314244896
56448,0.7044618108385521
56449,2.0024106070674463
56450,3.1205297692943006
56451,1.63915890582075
56452,1.8096659121127772
56453,1.913741240959041
56454,2.2038616958935577
56455,2.5926890973666445
56456,0.44420332957268727
56457,2.3484724660386647
56458,2.706972904166605
56459,2.572092137172831
56460,2.1757537698709584
56461,1.82215041689102
56462,2.61573600624903
56463,2.2416151065500642
56464,3.5853358471091354
56465,1.2724619704486955
56466,2.123333533838206
56467,2.2733492044220682
56468,1.0880911929713832
56469,3.0243645708435025
56470,1.8284913656543864
56471,1.7289619141726433
56472,1.448962970992028
56473,2.64123345811025
56474,1.950727948973423
56475,2.0851513407058633
56476,1.7591204531064975
56477,2.2315910959873477
56478,2.4200088940358384
56479,2.2695048087142737
56480,4.880646616122313
56481,1.1806511541595555
56482,1.734401403236113
56483,1.696217685927671
56484,1.6680715234031354
56485,2.4824833792714145
56486,1.7829410108849473
56487,2.764637380145686
56488,2.192488392421275
56489,2.4588810253128557
56490,3.416539771389047
56491,1.3364200597231104
56492,0.12839047917932334
56493,2.460469745513919
56494,1.5203031897629131
56495,1.699311279104755
56496,2.52640891200015
56497,1.5363367055469723
56498,2.5608603483208228
56499,3.429458033268702
56500,1.2854575591511832
56501,1.7431417505340931
56502,3.2148006034285928
56503,3.0785225305032426
56504,2.4415520716360177
56505,1.600368615985019
56506,1.6802174745586385
56507,3.100178211255667
56508,2.0132103023445183
56509,2.0042419671031766
56510,1.034279078260397
56511,1.7909892533365976
56512,0.19348105637907764
56513,0.7093571179206677
56514,1.8592364769185323
56515,1.2674545940584494
56516,2.3356978681602953
56517,1.5441923113647746
56518,2.7125357024719463
56519,2.046041741352795
56520,3.049741254659068
56521,1.7498749167728178
56522,2.079918627547414
56523,2.6175180812808847
56524,2.310843704223167
56525,1.7028887878314976
56526,2.3093468972248914
56527,1.4770458713111694
56528,1.1408053733657297
56529,3.256784383465778
56530,1.602555984388026
56531,1.734400321732707
56532,2.634042753108403
56533,0.7626447929235098
56534,3.44689985809341
56535,3.293361470693469
56536,2.1549549971758566
56537,2.803941123198406
56538,1.5432312458531428
56539,2.6955522317486498
56540,2.072302524918271
56541,3.086835233734959
56542,3.049978955707118
56543,1.7655350612349423
56544,3.265626951855552
56545,1.1324528929195168
56546,1.423676771418286
56547,2.193272141557337
56548,1.9476557390882405
56549,2.1129750435623507
56550,1.7578751538208763
56551,1.178707723920276
56552,2.096186818115065
56553,1.38565481452126
56554,2.355596855434534
56555,1.5949355233944686
56556,0.9746091986533401
56557,2.609037786828061
56558,1.9294809266725892
56559,2.418665850176552
56560,0.8210128148737539
56561,0.9672407704793926
56562,1.6030612837653777
56563,0.9482580526843165
56564,3.053273029325922
56565,2.26007781944692
56566,3.0310335994878344
56567,1.5112494133028775
56568,0.43837493190923027
56569,2.2254820215838294
56570,1.9547293788244104
56571,2.9405483828708796
56572,2.1677214002537966
56573,1.0774599776873615
56574,3.680479103369734
56575,0.7639454191424022
56576,2.098609730960284
56577,2.5754344029883995
56578,1.2013541691685887
56579,1.9999142542566162
56580,1.7995564987846677
56581,2.0378435221537075
56582,0.38546723648242676
56583,2.297127908963219
56584,2.3931502696474922
56585,1.4245405345159767
56586,2.084262197547659
56587,1.7419807903324767
56588,1.9957118346270448
56589,2.770697673054933
56590,1.9161771390216273
56591,2.232314467079391
56592,3.3009093137337047
56593,0.842444358598911
56594,1.6059690504570057
56595,4.43381127993554
56596,2.7164963122866865
56597,-0.4943207420571767
56598,1.7922126595507493
56599,0.7656265089791674
56600,1.4197895069697424
56601,1.3970003577954841
56602,1.3595693410006504
56603,2.06645238916213
56604,1.4821151928704452
56605,1.6092577411962452
56606,2.3437089972746037
56607,2.120727249876488
56608,1.109355459875296
56609,1.4488823676708407
56610,7.191123081209987
56611,2.2220297538251828
56612,1.0241942908032158
56613,3.2838278426045378
56614,1.825562579229448
56615,1.020676971961592
56616,2.52338820366208
56617,2.0456651179732717
56618,2.4273329004986905
56619,2.2804210014403807
56620,2.504938982092483
56621,2.661328109316024
56622,2.171966395026324
56623,3.254933588384553
56624,1.9627784986620327
56625,2.5320591573341886
56626,2.950217169809882
56627,1.891298729052842
56628,0.643018850295924
56629,4.9443241833751514
56630,1.9132978804871854
56631,0.7761886598619299
56632,1.3292883017951809
56633,2.163927956470637
56634,2.119508757174927
56635,1.1141100299149826
56636,1.420871696435995
56637,1.7404290486518335
56638,1.391412159011793
56639,1.3268198201324495
56640,2.271273640731927
56641,1.686300660164754
56642,1.9133180652685837
56643,1.672873666953862
56644,2.124374029126294
56645,5.380832715861246
56646,1.6994545684129605
56647,1.451693482562142
56648,0.7407449086040856
56649,2.934759676400958
56650,2.22733843495147
56651,1.4657064721901207
56652,3.3544260893389932
56653,1.844495532641126
56654,3.8087409007862405
56655,2.251003759698577
56656,0.7894803889824118
56657,0.9818892031261157
56658,6.333277970060195
56659,1.9816004476406732
56660,2.5761481016326186
56661,2.0130129840448205
56662,2.2970607009063855
56663,2.3517498270975565
56664,2.4844816074778393
56665,2.7432101636560944
56666,2.2936064355660903
56667,0.6529307790823822
56668,1.3962217096373806
56669,2.740051337229872
56670,2.8561376931940927
56671,2.1526235041498936
56672,2.160992744825812
56673,2.8785786000853477
56674,1.7852254475771048
56675,2.6027555466476784
56676,2.1176781465236587
56677,2.3383602066410774
56678,3.35444949471826
56679,2.4655627589491687
56680,1.8250649798379612
56681,1.899767715611823
56682,1.9729522199730383
56683,1.996726980861098
56684,0.8851787490555978
56685,2.432454366233216
56686,2.564931002965494
56687,0.28297856862020154
56688,1.8437537832295448
56689,2.3076081610684867
56690,1.709189802478015
56691,2.909901414017689
56692,3.270227493150742
56693,1.1256474985631968
56694,1.2154977437119143
56695,1.7417950282125645
56696,1.6061870178577706
56697,1.6323417286301307
56698,1.8669395546749499
56699,0.46355668558141616
56700,2.1446338162435694
56701,2.804417116261675
56702,2.353091812457194
56703,1.8826551955257926
56704,1.5979537607900482
56705,1.7462027575479624
56706,0.004130205817141075
56707,1.6674629549362123
56708,3.2969909915324536
56709,2.6517468048479316
56710,0.8186664858615913
56711,4.068798795314109
56712,2.1020679191284444
56713,2.97960156964659
56714,1.8506724523798113
56715,1.961685820782563
56716,1.7666786599513813
56717,4.099623018765072
56718,2.2828490965271726
56719,1.5602925533596874
56720,2.007136717707823
56721,1.4886363725782914
56722,2.7484509883567227
56723,3.0827383363748737
56724,0.8248909424346849
56725,2.938138139493212
56726,0.8932808532079619
56727,1.840200665881575
56728,1.8018662336942697
56729,2.0935769021075927
56730,2.8944476394664633
56731,2.956922031169988
56732,2.4254916061033285
56733,1.119876291597521
56734,1.5102102118537886
56735,2.629789576434362
56736,2.625007730447429
56737,1.0658569102445838
56738,3.326912283821919
56739,2.316390366052154
56740,1.8322420667279005
56741,0.854219573274932
56742,1.1973797104781667
56743,2.7940184905165353
56744,1.524786404768534
56745,2.4709520759630905
56746,2.6170682860419205
56747,2.885274190198757
56748,2.0462645773339503
56749,2.1522676650149464
56750,1.5275315904072144
56751,2.106566601412659
56752,3.3061520977388668
56753,3.3158469382885585
56754,1.2659532413741346
56755,0.9125367898751335
56756,4.377552031251298
56757,2.257425972559062
56758,2.3683777268865143
56759,0.8837181126179559
56760,2.3076165403411437
56761,2.748032759277656
56762,1.4234499656856698
56763,1.5936410285166218
56764,2.923813196347652
56765,2.629456457172651
56766,1.144794067480241
56767,1.6696148510208602
56768,0.7851810795234684
56769,1.2367741765556275
56770,1.8127022297950361
56771,2.7394096461025796
56772,0.9650729191434806
56773,2.9455593385357233
56774,1.5970673533318873
56775,2.3079733104111
56776,1.1237636956386794
56777,2.493434026356418
56778,2.275216283963296
56779,1.2016923358664613
56780,0.9924980891029946
56781,1.771650573551959
56782,2.5587284445850216
56783,0.8904635199317141
56784,2.0879650059942207
56785,1.321306060005199
56786,2.4825890783718876
56787,2.4347092129940933
56788,0.678613696319438
56789,1.396698907094006
56790,1.7597298109057604
56791,4.389076155560389
56792,2.5970227833403072
56793,1.7341700436827736
56794,4.513533339662423
56795,1.1015241572984564
56796,2.045419711719255
56797,1.4866398511027938
56798,1.8795549259290851
56799,1.2678587412379727
56800,2.148193365403259
56801,1.7296477103113048
56802,1.5560057351945957
56803,1.0815437554969591
56804,2.742514609291085
56805,0.6653963466084107
56806,1.7947082444071043
56807,3.892941886130309
56808,1.9333742830890088
56809,2.894029399978116
56810,3.561151082299226
56811,1.7543087227066962
56812,2.6089471302477847
56813,0.6065781458316266
56814,1.4692374739934024
56815,3.1523401059960747
56816,1.724929035502342
56817,0.9655076745579478
56818,2.921764743337775
56819,2.112686840662356
56820,1.9012118697821592
56821,1.7357011653672885
56822,2.1157301995959514
56823,0.9416804611593506
56824,2.6682469398329687
56825,2.695435354216265
56826,2.5113707394196467
56827,1.712128347141828
56828,3.1668758398568784
56829,2.9313475504981454
56830,1.7314580944858022
56831,0.8933979581159832
56832,1.8097882854453218
56833,2.3099098272419383
56834,0.8345303335093988
56835,2.647625690312914
56836,2.424728766305769
56837,2.143619806749477
56838,0.593438847881032
56839,3.5447459116270466
56840,2.6018441833186614
56841,2.06182570786401
56842,2.2969757799231303
56843,3.853544330474847
56844,2.0451839774039087
56845,1.283709923356625
56846,2.0512477452120734
56847,2.7818903935905297
56848,2.2594653615553923
56849,2.5153055215055176
56850,2.2109761537971835
56851,1.4008438901133005
56852,1.982573362572225
56853,0.9817216259568937
56854,1.98790835778523
56855,1.569322106072022
56856,1.205800540542917
56857,1.4637662284648414
56858,2.0099762981555997
56859,2.343272137363023
56860,2.2152233869025153
56861,2.1254898980151182
56862,1.6656156810856189
56863,2.325681248583358
56864,2.075383565605634
56865,2.0809398306620466
56866,0.5422648032998154
56867,0.8416541010691674
56868,2.4885516130962912
56869,0.954212086368571
56870,2.548586597237083
56871,2.075665434185744
56872,2.288026887560676
56873,2.2275184113826114
56874,2.397705271902929
56875,0.31753950668017694
56876,2.804784776298
56877,2.0364241943842813
56878,2.62999926319344
56879,2.995837980030821
56880,2.6831983695768358
56881,1.7501802110552944
56882,1.8691528068776933
56883,2.0933889495235505
56884,1.9815151092245245
56885,1.707445807327808
56886,1.9351444383588543
56887,1.014991492397236
56888,3.5306717165364816
56889,0.5020329407379833
56890,1.8048803800339925
56891,1.6882143112423407
56892,3.054215606818836
56893,2.430222000617107
56894,2.6097363738732255
56895,1.6363152940002976
56896,2.531699526995503
56897,1.7662384840478396
56898,1.8091765122976824
56899,1.8929402217965787
56900,2.061542483199247
56901,2.9108120464355167
56902,1.0203409820203149
56903,1.2972956413438013
56904,4.138079086253796
56905,2.5507090131461325
56906,1.701136459550348
56907,1.7011849680434068
56908,2.2490135629285675
56909,1.4253423478345297
56910,2.8914709105673424
56911,1.1566211927002215
56912,3.3361707781773546
56913,1.7426412455416198
56914,2.4368096029222173
56915,2.048533728050934
56916,2.125857213714667
56917,1.2103959519142933
56918,1.982490807527931
56919,1.172273944691156
56920,0.5439398009797571
56921,1.859367953382872
56922,2.5612949680144865
56923,1.240807460472361
56924,1.9614509490109029
56925,7.210446016213396
56926,0.7167175979790272
56927,2.4541786965234564
56928,2.37220505150335
56929,1.7502992091682046
56930,2.0519051776913813
56931,0.8525823731090156
56932,1.1228028778805097
56933,1.6294631882194537
56934,1.4547056374709726
56935,1.323184485722436
56936,1.1554265528008614
56937,2.056841188397428
56938,1.994579461153883
56939,1.5251617009324576
56940,2.851646133934686
56941,2.490765173607649
56942,1.214957494506713
56943,2.0902198472781777
56944,1.8618778623045387
56945,2.4309368499068285
56946,3.0619955659844607
56947,2.075408861919236
56948,1.4207857504797587
56949,1.7946363971023658
56950,1.3478502307924103
56951,2.780534641551853
56952,1.1736753481795503
56953,2.375649795074054
56954,2.0824642155339177
56955,1.3467327026693923
56956,1.4311178863186313
56957,2.0365861196818287
56958,2.1845300979099065
56959,2.3576860806089215
56960,3.147319005757005
56961,2.3965164550669513
56962,0.8353351167260925
56963,2.2557359912986
56964,1.822062872983409
56965,1.8510335601976493
56966,2.0637248831506554
56967,2.673699858674283
56968,1.2857005996065993
56969,0.7130365864484745
56970,1.1691465487577446
56971,1.2861991982715892
56972,0.8215944589074553
56973,1.9153716629911912
56974,2.0489127095976443
56975,2.0554567962565073
56976,2.1172475971062568
56977,2.8978968675594103
56978,1.1463599086245893
56979,2.52118215454783
56980,3.4668875363517486
56981,2.5414053879929526
56982,2.322904987814411
56983,2.142561264496038
56984,1.6877478681294065
56985,1.5861346678068884
56986,1.6517346194231664
56987,1.7828533948188081
56988,2.158447935979275
56989,1.438142747570943
56990,1.9289993771575524
56991,0.3697919506848706
56992,3.961454304345132
56993,1.4479531464066113
56994,2.172814666018283
56995,2.35038458602412
56996,1.4583152476642098
56997,3.261386918096747
56998,1.5639962530434346
56999,2.652551021292574
57000,2.1810098110683853
57001,1.9673737342359061
57002,1.346441873745647
57003,1.9098441058168945
57004,1.5077846840828428
57005,2.420013982684644
57006,2.896581124782351
57007,1.8545564107547392
57008,2.8486289406105882
57009,2.2824201879002217
57010,2.573391927602941
57011,4.638458340740357
57012,1.941204413315333
57013,2.6812248926034528
57014,2.284021619096407
57015,1.7391051650866274
57016,2.034029535093147
57017,2.863662392781123
57018,1.453369789785313
57019,0.963952157496216
57020,1.6043499028522987
57021,2.3653844390956777
57022,2.394797642411092
57023,1.8442374703386406
57024,1.1690894597730548
57025,2.7501602590654244
57026,1.5873918602823665
57027,3.916906564916438
57028,2.017107222419021
57029,3.7705772406721394
57030,1.130192765033307
57031,3.0606769548034762
57032,3.080195889260537
57033,2.015208319673981
57034,2.550098356999925
57035,1.0012313102941945
57036,1.6619561877193334
57037,1.5831469753537917
57038,1.4316808751765748
57039,1.7626711437051057
57040,1.2935493687277102
57041,2.0728136903738204
57042,2.267539947392436
57043,1.9343622373395277
57044,2.1674959150539053
57045,1.3656827483617633
57046,1.265858266094014
57047,2.667550601260025
57048,3.8381897259474513
57049,2.2267403199814453
57050,2.1173491354250373
57051,2.42725511677034
57052,1.7627546834920125
57053,1.8091800917936496
57054,2.6919447886604146
57055,2.567618104139413
57056,1.5530953522148252
57057,2.34225375835139
57058,2.1856017144342843
57059,2.2605561233224947
57060,2.00832113596789
57061,0.7167566384542923
57062,2.1124587861820103
57063,4.794432404089861
57064,2.9173056786496403
57065,1.6981009429869687
57066,1.5150511546357421
57067,2.092236188592274
57068,1.8670596664386565
57069,1.4743342117987197
57070,1.9258784152813746
57071,4.129123332095652
57072,1.9672028563296635
57073,1.8828769747024268
57074,0.9249899159328976
57075,2.422277528618231
57076,1.74537464509568
57077,2.548589916891494
57078,1.928380586022712
57079,1.53427954888663
57080,2.469555450355692
57081,1.5348880268755636
57082,3.029627940836839
57083,1.4949622658954311
57084,1.5488266720824697
57085,2.353434025013698
57086,1.609690026538928
57087,0.5018254062011707
57088,2.644061533424839
57089,2.1115425474784146
57090,1.2347207490044667
57091,1.774972010568618
57092,1.4575454301701285
57093,2.1565328914488475
57094,4.273394795529001
57095,1.3094478663374503
57096,2.029782075465377
57097,1.8922684097049256
57098,1.781659506104205
57099,3.990793446197543
57100,1.447467098011316
57101,3.9837918843369877
57102,3.187496325288272
57103,3.2845270552621173
57104,0.7716200077764483
57105,2.1103929557098837
57106,0.17014201495085501
57107,2.0252823405616027
57108,1.6944429214898662
57109,1.928318841045943
57110,0.730330645455183
57111,0.6975251680403005
57112,2.969425095197778
57113,2.829491330243428
57114,4.083956076981103
57115,2.901694536283628
57116,2.290538867524617
57117,2.160741951671696
57118,2.8734238281675317
57119,2.0300036727458703
57120,2.011365555446723
57121,3.851795120359874
57122,2.56139409464501
57123,1.8405245309876221
57124,1.350833885526427
57125,1.4193566710974679
57126,2.8838124264708185
57127,0.93356177045046
57128,1.8725775351396479
57129,2.429145450648548
57130,3.0576911344343927
57131,3.363298018601739
57132,1.7000635593434623
57133,2.1795410413263525
57134,2.0734632764442367
57135,2.0110437383239486
57136,1.488058618097213
57137,0.4086094177205837
57138,1.1305522667171317
57139,1.6808881959501747
57140,1.7358915296911448
57141,3.748093334725482
57142,2.0749840662510266
57143,0.7247827793140331
57144,3.184259195522486
57145,3.5110651309200733
57146,3.8961701091724166
57147,2.7338012743880853
57148,2.535043774500515
57149,0.6312931609637644
57150,2.1569722036372383
57151,2.639561683497803
57152,1.650358589039321
57153,3.24378193558276
57154,2.822026580210853
57155,2.9682059428260104
57156,0.7869304267941217
57157,2.9088681043288247
57158,0.7070771142173058
57159,2.9718728786670496
57160,1.259239052767434
57161,1.7487406700505872
57162,4.681481971661299
57163,0.8458773973868432
57164,2.4267714200366157
57165,2.030043418644503
57166,1.9391803630210873
57167,3.3801117801590053
57168,1.6068656384271875
57169,0.6073433580577685
57170,2.0988949115111026
57171,2.7026049795355362
57172,3.695885283661987
57173,1.9927433962016963
57174,1.065552852808409
57175,2.8623176312785077
57176,0.8709233284005364
57177,2.3837763340226275
57178,2.477530322393946
57179,2.592125144778386
57180,1.471174142573524
57181,2.477662383070289
57182,2.1691035527002356
57183,2.3157979150822143
57184,2.2561838195486956
57185,1.6095232556774235
57186,2.2850113350339996
57187,1.1242873719496629
57188,1.702085456448465
57189,2.6875614268333905
57190,3.730395060791338
57191,1.5250826177473797
57192,2.4354846830453525
57193,2.7586347808430105
57194,2.62435989838621
57195,1.2697981814406987
57196,1.9274095650283627
57197,2.1858888425148777
57198,1.6679229130351274
57199,3.3064363111931954
57200,2.1419569251392403
57201,1.4675151893416398
57202,2.190220385373145
57203,-0.17716985739841817
57204,2.4415122451246134
57205,1.8882124714654793
57206,2.4939608857695177
57207,4.279291900625225
57208,2.517351486202898
57209,2.559634746982475
57210,1.9104974197016844
57211,0.9543951087381828
57212,2.838230915514224
57213,0.3145956780395238
57214,2.863378757220481
57215,1.6865944828135326
57216,0.003990945818699743
57217,2.6391721145056337
57218,2.404651237099884
57219,3.779659880450147
57220,3.246090212335986
57221,2.408850076545626
57222,2.066654323800833
57223,2.876063557308086
57224,2.8093941592189893
57225,2.4509326432179463
57226,0.3680383085935617
57227,1.2618800558284633
57228,3.163813090740497
57229,2.310971501644005
57230,2.0544334424629156
57231,2.0189567846046756
57232,1.6024806818817297
57233,1.868374216813038
57234,3.4395906551236877
57235,2.7188524342364815
57236,3.1067370841391124
57237,2.5318659112954336
57238,2.7187272525312522
57239,2.3241280627338057
57240,0.6072824971554951
57241,2.3706991724786377
57242,2.5382397104185372
57243,2.381263925026296
57244,2.188715248135999
57245,0.4272941499966407
57246,2.681846240073611
57247,0.5485605090350489
57248,1.9969174750074714
57249,0.9170501074585573
57250,0.9170066425376149
57251,3.0262358759053996
57252,0.8292596346019465
57253,2.904411718236233
57254,2.495725513617053
57255,1.6901930567291998
57256,3.0015570753789618
57257,1.728503973084159
57258,4.936920093435347
57259,2.309198489847276
57260,1.9424890815636928
57261,2.865560296111262
57262,2.8197335457460326
57263,1.7088764213873588
57264,1.4247126416004647
57265,3.473532610864652
57266,0.9644386976805563
57267,1.9841551487635911
57268,-0.30361171191668035
57269,2.473138390528675
57270,1.7150162573045051
57271,0.9760370065657469
57272,1.7726727832582796
57273,1.9287465793699354
57274,4.028477432500715
57275,2.2454820135962947
57276,3.442296636126528
57277,2.109896795027147
57278,2.498954963342989
57279,3.3765849339088376
57280,3.2192702218568385
57281,2.427124470978349
57282,0.8954085736855646
57283,3.5191876850632724
57284,1.0645179555687463
57285,2.879097155154298
57286,2.1578661235762766
57287,3.184761358879541
57288,1.5086275164535436
57289,2.0188576858542717
57290,1.2848469884871463
57291,2.0171733230701108
57292,1.3724994341460928
57293,2.342007830109033
57294,2.2758443180570396
57295,0.28867346250441983
57296,3.7278343726154404
57297,1.142391641071704
57298,2.3299883018926195
57299,2.1653338326347864
57300,1.577865840683458
57301,2.684931374306842
57302,1.6605919900957815
57303,0.9840423301447814
57304,2.9639095202174417
57305,1.5620532121684647
57306,2.0733967609100077
57307,2.1871693655320996
57308,1.6455176246078338
57309,2.0235822191615895
57310,1.9559551632903691
57311,2.0227908180406757
57312,3.6739227150300238
57313,1.855512312645942
57314,0.8629103656442751
57315,2.426876815779252
57316,2.9489489540223772
57317,2.0006075946139887
57318,1.8295526798245518
57319,5.5073759041617905
57320,1.851519076094931
57321,1.9966126789014211
57322,1.8879386577022075
57323,1.3187282638637186
57324,2.4313061116634316
57325,1.3279225513036295
57326,1.7250437011762756
57327,2.384430551746213
57328,1.8729635844082608
57329,1.2359897362209509
57330,1.3992686202023918
57331,3.0077672186474445
57332,2.1722514646244164
57333,2.909927883709443
57334,1.7825811830796638
57335,2.9507705796389274
57336,2.0390815434069296
57337,2.4022067382379504
57338,1.1907579700122568
57339,1.975185998994192
57340,1.2646822496316759
57341,0.8801733048237068
57342,1.1768409637608244
57343,1.4803287201579067
57344,1.729554892814967
57345,0.6900064380988198
57346,1.0274438160505497
57347,1.981613645580424
57348,2.075138022149332
57349,2.2030589595666967
57350,1.3878865887553218
57351,2.299328565392152
57352,2.7143021534148204
57353,2.607110916226681
57354,2.2907145137632625
57355,2.7715404904966974
57356,1.379842222836409
57357,1.4705496394682598
57358,3.4079857001189424
57359,1.3642495511883794
57360,2.3839253290465336
57361,2.0192177821777193
57362,2.2270890919679758
57363,3.5052977350962706
57364,0.8766350742894105
57365,2.02312349735778
57366,0.9887424516081538
57367,2.058248623216855
57368,3.2215210597339947
57369,2.4680130763058514
57370,2.017344772328343
57371,1.8070827614663543
57372,2.3146269310149563
57373,2.687400457622431
57374,1.7692164520472247
57375,1.0560284258614985
57376,2.6680544694214987
57377,1.0534204924761568
57378,1.815205778012995
57379,1.9791060947878023
57380,2.119916206147508
57381,2.9806441150949468
57382,2.09100612472092
57383,1.191713346332179
57384,1.9032651232838873
57385,2.196515625933735
57386,1.9161914193791674
57387,2.416403168239512
57388,2.6759739226967127
57389,2.0108839753241057
57390,1.199544982483367
57391,1.1458540100465981
57392,2.7404449115968887
57393,1.5693635556897405
57394,1.941626966870274
57395,2.2004528363701183
57396,4.098540519340752
57397,2.3839859368100633
57398,1.611976886265488
57399,2.6201814962266923
57400,2.6717028362995308
57401,3.7583591764748405
57402,1.9120341192258792
57403,2.609003812057395
57404,0.8859959223346152
57405,1.0454825020543694
57406,2.4758633577400886
57407,3.877890796492018
57408,3.3774212966078636
57409,1.2287389940875002
57410,2.6030641787478928
57411,2.0235750061949105
57412,2.469343472852316
57413,2.4328335441595925
57414,2.1530221553557283
57415,1.7818892271710922
57416,3.34180365726791
57417,2.7698073853792096
57418,0.8391332696628311
57419,2.614179882941201
57420,2.5339901953192694
57421,0.9596362282640811
57422,3.3303747938190966
57423,3.4948166522259783
57424,1.7439756008253084
57425,2.153059668593933
57426,3.3661999140058825
57427,2.716300906520175
57428,1.8033300730654673
57429,2.9227118654671784
57430,2.2501845316995244
57431,2.1557218421200943
57432,4.69329294752449
57433,2.2434691589782574
57434,0.7154901859269458
57435,1.9545399670337176
57436,2.560082341941623
57437,2.318146103811223
57438,1.5209244701597768
57439,2.4629527308663413
57440,1.9991245075433568
57441,2.6084319374494456
57442,2.91385785339353
57443,3.078314428806536
57444,2.6703234743240074
57445,1.295746873183532
57446,4.467975253820015
57447,3.2009193323414067
57448,1.2015819723773333
57449,1.3167185672296853
57450,0.47795762639943007
57451,2.610870353420701
57452,1.3038127980796546
57453,2.86922839518013
57454,2.3532107327776473
57455,1.4427452303246824
57456,1.6196298727037686
57457,1.5431949046832614
57458,1.9230029659758827
57459,1.942041761675462
57460,2.228918657810148
57461,2.149942530315151
57462,2.055080497476247
57463,2.0744691706185705
57464,1.6507254819033292
57465,1.576206250084347
57466,1.901594570540702
57467,0.7092812893977225
57468,1.6244889562368527
57469,2.04549210805812
57470,4.816267449711624
57471,2.8971657892056584
57472,2.5598755044283266
57473,1.5597346857125842
57474,1.1467204665460713
57475,0.7952000522705234
57476,1.8834459000338768
57477,0.6322999250817816
57478,2.7116057188109295
57479,1.9205155588684235
57480,0.6166846202107195
57481,1.8472041002555883
57482,1.6351477700284676
57483,2.967264301459167
57484,2.717169020409287
57485,2.349850669044791
57486,2.362159495889088
57487,4.293797334839375
57488,2.818060340089005
57489,3.7527848836370055
57490,1.3241754258444018
57491,0.9703679405013617
57492,2.2640883568472177
57493,2.748158801876855
57494,1.2930390812054284
57495,1.2209089256286134
57496,1.8406261839941251
57497,3.490508495221725
57498,2.9869757431162185
57499,1.6408216375189681
57500,2.1436216402123023
57501,2.610406300191663
57502,1.8796466395314226
57503,2.1298497225215485
57504,2.738183844313781
57505,1.9949231145687136
57506,1.4266407108793828
57507,2.1915921208547857
57508,3.04859238052385
57509,1.8119616782837156
57510,2.7481323683786343
57511,1.7689527686782398
57512,1.504113874821897
57513,2.3995729153131578
57514,1.4444975600037395
57515,2.129154274417644
57516,1.942654397194012
57517,4.200059295336075
57518,2.065892983274388
57519,0.9196034279714453
57520,2.077402508368877
57521,1.3823796064757445
57522,2.028708370215682
57523,1.6552150317446106
57524,3.8090093645781735
57525,1.4686999950361255
57526,2.494184533089559
57527,2.2231666122357936
57528,1.4042192617494393
57529,3.097484640786398
57530,2.188812683104345
57531,1.4505085563226316
57532,2.020476972573455
57533,2.3017158445143266
57534,2.6799918002564382
57535,1.4916531353811564
57536,3.0361262051795848
57537,5.0290934838410095
57538,1.365103928124654
57539,1.3950719777164693
57540,1.2917266257309166
57541,1.8712999569116917
57542,1.1353803400203617
57543,1.1286191902574103
57544,1.425029802830565
57545,2.146075742189062
57546,0.8645762500525365
57547,1.2787550690068983
57548,1.3392790960435406
57549,1.414740903884251
57550,4.57319794359347
57551,2.490103306851708
57552,3.2025236110956
57553,2.047602145450597
57554,1.6524338035294832
57555,1.220177181074746
57556,3.415929288191599
57557,2.0317126558217353
57558,0.7312230524396739
57559,2.1221589510469983
57560,1.6100528180561255
57561,2.172961215340713
57562,2.92889434718996
57563,1.780644669462724
57564,1.8188497060170334
57565,1.5565983647093802
57566,2.6052511594916012
57567,1.5958226012234604
57568,1.267829371617296
57569,1.5831480313972932
57570,2.49828208504816
57571,4.234312421665329
57572,2.11005700271928
57573,2.115115731924014
57574,2.4415860954574953
57575,2.8358512086904497
57576,1.3049325986798053
57577,2.568095413904288
57578,2.804356091750961
57579,1.1180104497770742
57580,1.769651102715585
57581,1.4260672983732121
57582,4.5742744732951195
57583,1.8140231661470665
57584,2.0031492051631403
57585,3.0903260257207137
57586,1.5076985671956606
57587,4.185879687104951
57588,2.4981740306018736
57589,1.2576596641039401
57590,2.217120578421394
57591,4.000067606479817
57592,1.976161524477014
57593,1.8946455323456206
57594,1.5910771155991483
57595,0.8079437114336088
57596,1.9820057985309134
57597,2.670609594899993
57598,3.0339363061048203
57599,2.5965520944221225
57600,0.9436152960721458
57601,2.010851832262958
57602,1.1716611949156643
57603,2.2106025196380443
57604,3.020723906754469
57605,0.6748071232145421
57606,2.384933815186855
57607,1.6511719885547578
57608,1.0694425216000525
57609,2.287781199308796
57610,1.5994672721982468
57611,2.2618533960578233
57612,3.3853533221973606
57613,2.5574374470817887
57614,1.7787851106544963
57615,1.4709798752682772
57616,0.8930287517383633
57617,2.207865060084238
57618,1.804926579763972
57619,1.4060570584951506
57620,1.7396869082004187
57621,2.976525918335817
57622,0.6590809539629774
57623,2.0130538864711056
57624,2.692547491101841
57625,1.411808009465858
57626,1.6313704337315684
57627,1.8757132027560885
57628,0.37399655770803975
57629,1.2240512765496732
57630,0.899701874187258
57631,3.195580927915749
57632,1.242796381971516
57633,2.2587157070715165
57634,2.507807881617879
57635,3.0693803580521077
57636,2.6961806669004886
57637,1.993251012217847
57638,1.4297601130469815
57639,2.354170263254815
57640,2.1614539232108285
57641,2.823902017003668
57642,3.8704354518363644
57643,1.6635217444530852
57644,1.8050138176291952
57645,1.7685082223041277
57646,1.4082516997837047
57647,3.010321629286558
57648,2.816966760829466
57649,4.42204805301359
57650,2.0098340204876166
57651,2.761245783416726
57652,2.8526015270680176
57653,1.563833151952835
57654,2.0820132032452463
57655,3.4267156538679515
57656,0.5135679413271603
57657,2.591103867033233
57658,1.5036359971083542
57659,3.564148084305593
57660,1.0152720196988483
57661,0.2731486941152923
57662,2.6773582528042184
57663,1.9814323937187837
57664,1.6097378253920596
57665,0.8314473195444378
57666,1.2681595865184718
57667,1.8291414466701283
57668,1.5582314204983803
57669,2.3587434334569224
57670,1.9093370646602992
57671,2.5306377000113827
57672,0.7898552320790841
57673,3.2019003622650857
57674,2.1449283091204805
57675,1.7173389219281958
57676,2.3485518892983563
57677,2.1117688716397254
57678,1.9964413490373119
57679,2.5341908653076644
57680,2.0271969829066094
57681,2.422870225273428
57682,1.928928089399605
57683,3.028900745195571
57684,0.9954243435286045
57685,2.1663544707598916
57686,0.4180143329338222
57687,2.086238579430187
57688,1.581169336505269
57689,1.1189049263525561
57690,4.065036785033982
57691,2.0038848329327834
57692,1.3675064992728423
57693,2.6739311816514615
57694,0.8365172858163703
57695,1.4864134433390532
57696,2.3652485158099594
57697,3.0756229057031064
57698,1.971223234321549
57699,1.6668821906057119
57700,1.1720699867840025
57701,2.4966997727855187
57702,2.1573817527709735
57703,2.011764417326475
57704,2.2007788178352286
57705,1.3347445206488615
57706,3.2585829959814703
57707,2.605406814957419
57708,1.9870864341855423
57709,3.9651297823763585
57710,2.275003040773356
57711,1.5682062563407086
57712,3.2156759997260735
57713,4.932070272957709
57714,2.580259742011343
57715,2.3299101063246965
57716,1.5292674822236023
57717,1.3820457469241632
57718,3.408710355005013
57719,1.109172289023462
57720,0.13307880205207567
57721,1.858524152378088
57722,1.8903716201890504
57723,1.550794511830155
57724,2.4946681721883266
57725,2.167313246119413
57726,1.7653686314471742
57727,2.753422506956298
57728,1.8470756945699165
57729,3.8877638267272587
57730,0.7524096986630511
57731,2.9696991975539007
57732,1.7593314325054195
57733,1.050026690789565
57734,1.8961501422842844
57735,2.4233271987295666
57736,1.609733895517337
57737,1.4997926029100057
57738,1.3808249569412396
57739,1.875489867049076
57740,2.0004071183200622
57741,1.6847208971428245
57742,2.9797765121910302
57743,0.7826909957104746
57744,2.315321227178366
57745,1.6760769150119685
57746,1.9268485440491787
57747,2.0019526540702373
57748,1.2421309189721654
57749,2.083360989812249
57750,1.4697753302173027
57751,1.8776144044381553
57752,2.227825564187583
57753,1.4930798178221778
57754,1.5021217668336462
57755,3.2101984426740486
57756,1.816996544283846
57757,1.0746163903691368
57758,2.412145695520657
57759,1.035223812297744
57760,2.044816751299038
57761,2.3382907143706078
57762,2.2493006806453266
57763,2.540051273037129
57764,2.3350918045827456
57765,1.7603001436101309
57766,1.3875836083748396
57767,5.2467692057011135
57768,1.1686624155460734
57769,1.2925038984452897
57770,4.666607475600699
57771,1.560578986770416
57772,2.5315553503938943
57773,3.4255817481257296
57774,1.7669525564118373
57775,-0.3316812434274041
57776,2.015207915084183
57777,2.530103467211852
57778,0.8305619579648109
57779,2.0122334926925305
57780,2.344619728319344
57781,1.8391688373638786
57782,4.150152605033242
57783,1.029994101265963
57784,2.658379848147071
57785,1.7767258787220612
57786,2.114390707143329
57787,1.7571442456580755
57788,0.7921443167177102
57789,0.6325992565495966
57790,2.2572547347114096
57791,1.770842544262571
57792,1.8785639416624704
57793,1.4393793885962936
57794,2.209335712492873
57795,3.17365439712556
57796,3.7953172421433123
57797,2.9452336307493283
57798,0.7861579031108477
57799,5.0165416096138955
57800,1.6331103968286413
57801,1.493148066675687
57802,2.5757796007090406
57803,2.0736026284839113
57804,1.550800507146711
57805,0.696319698806505
57806,1.2536930031447042
57807,1.8019396003840171
57808,2.0155883925626696
57809,2.604505782258535
57810,2.5010658845427614
57811,0.6745786514628378
57812,1.3329002395267082
57813,1.670322571804185
57814,-0.26147386350071855
57815,1.6594581732744516
57816,3.0586712988085267
57817,1.6865709931574742
57818,1.2192774160049922
57819,1.0811782181288194
57820,1.8626674909746939
57821,3.0495264539190785
57822,2.670450552910168
57823,2.852181785542804
57824,2.139019537581312
57825,2.3239341772747224
57826,2.9745297130152792
57827,1.5870588471683718
57828,1.6403904897789658
57829,1.2717672317216753
57830,2.199111596204368
57831,3.2736962292165686
57832,1.489326074380756
57833,2.137723467875638
57834,1.2519030267887317
57835,1.9857596880286934
57836,1.6462635540830206
57837,1.8996401585811071
57838,2.1945228679250235
57839,1.7472515797737884
57840,2.764120820150424
57841,1.6029000006032987
57842,1.882984599643727
57843,3.3583051527826484
57844,1.9196078590274581
57845,2.5041785767966758
57846,1.6293397295049772
57847,2.0539512293573168
57848,0.902667705415169
57849,2.2549144188680685
57850,3.667370033040065
57851,2.3627162315513317
57852,1.8106482679119935
57853,2.2218726115816523
57854,2.116478994990686
57855,1.2791867267120338
57856,2.3503496817249996
57857,1.46382889600185
57858,1.9623121482157728
57859,1.9527640760504852
57860,0.33982859902843643
57861,2.9954672820166905
57862,2.764527122459846
57863,0.7512289397550163
57864,1.194064391978742
57865,3.2106092410523956
57866,2.6963276002436487
57867,1.9675955096670492
57868,2.864464910039672
57869,1.384751040173839
57870,1.8921527464459373
57871,0.9434423972413626
57872,1.9941451813748827
57873,2.4920798028819036
57874,3.772753416654588
57875,1.955631508215987
57876,1.9158522274776217
57877,1.690973588922141
57878,0.7894271013958019
57879,4.078747062254699
57880,1.9928539907333231
57881,1.6089073674695342
57882,1.7587298677050427
57883,5.756601615002822
57884,2.8662943474661446
57885,2.3174504079334923
57886,1.5527745791422234
57887,0.9066742942787798
57888,1.848199561176365
57889,2.3417415214145763
57890,3.227306073199621
57891,3.549019794952031
57892,2.4133082858726667
57893,2.367924844931416
57894,1.2965840592350872
57895,1.5917983778204956
57896,2.162049742215821
57897,1.232321841106355
57898,1.5019595220662865
57899,0.9769341836228591
57900,2.695356376812498
57901,2.1574377392425177
57902,1.3575407231409358
57903,1.900844198484549
57904,1.8669046307633863
57905,2.292629241369305
57906,1.1745787071632776
57907,1.3796871302299536
57908,2.035832777399314
57909,1.2865924987896022
57910,2.4513887225226725
57911,-0.03557000960379497
57912,1.9382130803497688
57913,3.5092705781458307
57914,2.481021209764947
57915,1.864882875289851
57916,2.09914445570341
57917,1.6091396694761855
57918,2.82921303053471
57919,0.3009164274900513
57920,3.3485567719351224
57921,0.513645978319694
57922,2.8975192948042974
57923,2.0999154435368865
57924,1.804454710956776
57925,1.365307780415705
57926,1.785808355820187
57927,1.5017821815307428
57928,2.8929066220064072
57929,2.1607183658946667
57930,2.326424196318875
57931,2.9406074697983655
57932,1.741139328553814
57933,3.562156577937877
57934,1.735773881923656
57935,1.73589969192156
57936,1.3617009335129495
57937,2.6786748548408497
57938,1.656313574693229
57939,3.287885110281124
57940,1.4920824836038875
57941,0.9495519820233582
57942,2.8351451017738185
57943,0.388348892594756
57944,2.150678174688771
57945,1.747557266960719
57946,2.427923205511867
57947,3.208021501958008
57948,2.004848670316349
57949,2.2094548346471186
57950,3.071363235364281
57951,3.0742189301589207
57952,1.7233156628260886
57953,1.2519246721899577
57954,1.4804342363127319
57955,0.8547164413531192
57956,1.4849648120065382
57957,2.234246757846556
57958,1.9025998266491086
57959,3.8581477827025594
57960,1.7632113963248415
57961,2.8089061396945283
57962,2.8990564195639905
57963,2.136687390339951
57964,3.0680780963897405
57965,2.3029999932752574
57966,1.7286966265555606
57967,1.0869795015445547
57968,1.4565167973005302
57969,2.881355994248331
57970,2.2482043284287343
57971,1.0658568774007477
57972,1.5689610022712586
57973,1.219154280543023
57974,1.494805877119532
57975,3.055125286042859
57976,2.6039938324297296
57977,1.946790912438118
57978,1.449410822281628
57979,1.5589727615675386
57980,0.7825509500974164
57981,2.939549301146542
57982,2.218263985345118
57983,2.2381599386658593
57984,2.5709992481016926
57985,2.1520872995916704
57986,3.432013236893141
57987,1.1413639790425805
57988,1.9885240798864956
57989,1.3631342213813298
57990,1.129060406871126
57991,2.01131570955598
57992,2.9463370733948366
57993,1.6701573604307995
57994,0.9260287307770767
57995,2.8011357103420593
57996,3.118510292502158
57997,2.8512178023614823
57998,1.1348813202015648
57999,2.4198426134851445
58000,1.903942277323928
58001,2.180787336816678
58002,3.1291720720008627
58003,1.695243884797108
58004,2.4487329472501855
58005,1.9496789720852519
58006,2.2056433679016436
58007,1.2111581645678768
58008,3.3543677860569474
58009,1.700979974390087
58010,0.8917019974345521
58011,1.9170085154982388
58012,1.6275610993404968
58013,1.1913162503315178
58014,2.2188713610693327
58015,0.8380199918046287
58016,2.380641112355761
58017,2.8565816105134445
58018,0.40870656709204667
58019,2.4328395684315396
58020,2.8480336489082916
58021,0.679626829584798
58022,1.0956763282266024
58023,1.2965996499321406
58024,0.8313836090239377
58025,2.1726030486698207
58026,2.19942628213105
58027,0.0714322556175091
58028,3.963707071759451
58029,1.791654957505628
58030,2.8607229524377686
58031,2.473739079071514
58032,2.0442312274388286
58033,1.9518405579240863
58034,1.908880000687688
58035,2.0426486077689106
58036,1.5508388901165233
58037,1.5588775247020763
58038,1.8719926022525541
58039,1.2318920515707603
58040,2.6561434392547056
58041,1.424821860318346
58042,2.731575508814231
58043,1.7311006810734924
58044,5.147706855838422
58045,3.1838105354556347
58046,2.265249428194444
58047,2.007616925299878
58048,1.1198108677437517
58049,1.8422667214730382
58050,2.8901624219108655
58051,1.0042516382019784
58052,1.340961822959585
58053,2.0445188685685665
58054,2.0164484920868375
58055,1.9482149206976231
58056,2.6500915366384135
58057,4.221735604666591
58058,1.8975826349695524
58059,0.5420438281565936
58060,2.2280411361268335
58061,2.5679635221420725
58062,1.8927097367634858
58063,1.71132860487905
58064,2.782314670751205
58065,2.049972200579667
58066,3.5798125453678225
58067,2.8462230105323414
58068,3.6422669271736936
58069,1.3870034538220821
58070,1.363731614367154
58071,0.9114659632824242
58072,1.844800995987967
58073,1.999603157542083
58074,1.5988219588895944
58075,1.9862990225954462
58076,1.7371437171331436
58077,3.408953627104367
58078,3.884900269267959
58079,1.05598927836877
58080,2.3384947874304984
58081,4.054449259482013
58082,2.108026482057703
58083,2.0730705928229085
58084,1.9020581270439934
58085,2.44275130615749
58086,1.2988268081925085
58087,3.3603958169454984
58088,2.4098525599270246
58089,0.8590190486763092
58090,1.1708730875096265
58091,1.9845074463244075
58092,1.6257622667701668
58093,0.5632006015681696
58094,2.2940699191851337
58095,3.602248756630999
58096,0.8058921400410952
58097,0.8797737797010114
58098,3.035962979243685
58099,1.6319382336073502
58100,3.452519756989794
58101,1.8279718661744369
58102,3.752259529494431
58103,2.1502833408562836
58104,2.6675811536510423
58105,2.0287342355003233
58106,2.545755968104828
58107,2.443282159118965
58108,0.5391867496130658
58109,2.4514212038134247
58110,1.106748135511772
58111,3.027672947802536
58112,2.7474123190601247
58113,3.839328810721099
58114,2.0454202073137324
58115,2.056467800206761
58116,2.7109039147658933
58117,1.8706901988282212
58118,1.5509228377062456
58119,2.563334377793332
58120,1.1117532602920335
58121,0.062171765105134114
58122,2.402878604733843
58123,1.6118526077387116
58124,2.4238839571835484
58125,1.4293612517454477
58126,1.6191544779333071
58127,2.217203690707649
58128,2.7226619486306447
58129,0.7611782921947494
58130,1.6339026421245464
58131,0.9854843228490608
58132,2.394186828215311
58133,1.8480292729686312
58134,2.2503291213561525
58135,2.8035789276590393
58136,0.7278445438409875
58137,1.2692152354667599
58138,1.2524375976973232
58139,2.7327781953146015
58140,2.801855570480477
58141,1.727257544193506
58142,2.717001261729415
58143,1.2097122285414557
58144,1.2232824232042745
58145,1.2367789671126062
58146,1.2141597904624035
58147,1.2728948558615656
58148,1.7659963363673796
58149,1.959640873022522
58150,0.8635958266101937
58151,2.2620552962210496
58152,2.454731863487247
58153,1.8459742765108729
58154,3.1370037633281243
58155,2.1016357842030686
58156,1.8871455810221107
58157,3.6806597331745436
58158,1.9677329231185752
58159,1.9001335776750992
58160,1.3909926487264102
58161,1.998126355321645
58162,2.956288369260271
58163,6.343117131840813
58164,2.210363262854983
58165,1.3565017244673143
58166,1.0557867571790354
58167,2.5684958293622273
58168,0.9071606606480529
58169,2.0457999001173235
58170,2.293635449081485
58171,3.0562230953272973
58172,2.3643041850527737
58173,1.8435693091289878
58174,1.1096226880504858
58175,1.7614136161525948
58176,2.3824644390207084
58177,2.771645555927634
58178,1.0653690723186102
58179,1.2669975972868315
58180,2.4763441544405254
58181,1.1599417306393676
58182,3.569404780497962
58183,2.615287497381651
58184,1.3316268016630346
58185,2.0485405941735806
58186,0.8638604992130041
58187,1.7646795171353347
58188,1.1878951371937987
58189,2.290513839579333
58190,3.441452346945553
58191,2.5825745368389263
58192,1.8593140754607163
58193,2.2924117640104953
58194,1.659938034829544
58195,2.220578557300364
58196,7.430009166943577
58197,2.4254647425220597
58198,2.4709895258473153
58199,1.4930556546518048
58200,1.7643042667958326
58201,1.860220810987407
58202,3.4835197324069966
58203,2.4728522469316374
58204,1.5726096862489385
58205,1.3956920494368248
58206,2.6605950878172777
58207,1.9632533456407941
58208,2.1335801303604
58209,0.9938556112886658
58210,0.9785075014044011
58211,4.504146954483346
58212,3.0616829160521988
58213,0.7666862140273096
58214,1.5501329681617904
58215,2.2037080994158558
58216,2.4185398760189756
58217,1.1700158178303255
58218,2.0369901954311445
58219,1.1186492844523102
58220,2.468678262178834
58221,2.4346746897090554
58222,3.052423112107391
58223,2.3685107565997896
58224,0.7677144727539797
58225,3.11584537150614
58226,2.39828306196398
58227,1.755610282748151
58228,1.8151890328946507
58229,0.7648136688456404
58230,2.8268458432852412
58231,1.7560047733976063
58232,2.754101277586038
58233,1.1798191562403701
58234,1.8767530653567306
58235,3.2670748425794685
58236,2.523541599636829
58237,2.3935769948585204
58238,3.8021414691827005
58239,0.9257951249871184
58240,1.1652732822828966
58241,1.8008087757682532
58242,1.2723970174037262
58243,3.1114936389959382
58244,1.1133959620325982
58245,1.8535896519661392
58246,2.1470588780576207
58247,3.4507290937388717
58248,3.296511862750016
58249,1.5083485705490887
58250,1.668782344563347
58251,2.665382608695694
58252,2.242324003641272
58253,1.0869368900258962
58254,2.132470830810405
58255,2.5268870873142717
58256,2.671445031621438
58257,1.95107649283797
58258,1.231591604579343
58259,2.1627007115316133
58260,2.4858713576718685
58261,3.6308593502722246
58262,2.5885180663510425
58263,1.483083201918575
58264,4.142775042124455
58265,2.185209302639038
58266,1.5911144701341229
58267,3.254187353851222
58268,1.5176245880166732
58269,2.157767611527831
58270,2.256992804082678
58271,2.038350831346129
58272,2.7803547117104586
58273,1.9208645539706595
58274,1.55379382211963
58275,1.698384442590367
58276,2.251966611034753
58277,1.465012426616397
58278,1.888562467312319
58279,2.4424643539374458
58280,0.7765887777225373
58281,1.1627617284135212
58282,2.2944394464131435
58283,1.785093878785581
58284,1.7515436631175731
58285,1.604061810983083
58286,1.1076925831352042
58287,1.2608911160606553
58288,2.8652761327066187
58289,1.5550637615137646
58290,2.910997890052478
58291,1.7928797447862763
58292,1.7667082215252847
58293,1.3117837293468497
58294,2.6211360977556026
58295,1.4803487448182864
58296,2.892454421804402
58297,1.840938013036265
58298,2.563275384292446
58299,0.725588285779736
58300,1.6360606974613034
58301,3.8952050394674487
58302,1.723431829393597
58303,4.894923300215154
58304,2.136887865815524
58305,1.8257107868381226
58306,2.427410937679369
58307,1.1349962156029108
58308,1.4733276500988381
58309,2.507553564763967
58310,1.905625049199486
58311,1.3597965139129045
58312,2.7931809815701385
58313,1.200245560915718
58314,2.0716862483708027
58315,2.278672030079669
58316,0.931156703503305
58317,2.3231512839539405
58318,2.266177724243917
58319,1.644700501526799
58320,2.3482604582809685
58321,1.9648512760022712
58322,2.221918351994198
58323,2.2382159960029497
58324,2.0981355500155487
58325,2.775342969154856
58326,2.303102708425456
58327,2.429738640213756
58328,1.9249464215618133
58329,2.1898303297964006
58330,2.1704282606741145
58331,1.5455031280778044
58332,4.886659335035787
58333,1.576973665978663
58334,1.6730056037416574
58335,0.3779480358903129
58336,2.3708128098389523
58337,1.9226088990023413
58338,1.780762666083298
58339,2.388346725531626
58340,2.2148630481988008
58341,0.44738710427553485
58342,1.693290014791934
58343,2.409189886892797
58344,1.3496927990932335
58345,1.9510739211666674
58346,2.147089576705234
58347,2.1278909753284623
58348,1.847579650761304
58349,2.479508517431242
58350,1.3794518421270112
58351,1.4738327614847506
58352,2.950568204959005
58353,2.283646287155989
58354,2.0088002253659383
58355,2.883008365576167
58356,1.3324927968800893
58357,1.942608047447628
58358,3.339245703737994
58359,2.3583908737465435
58360,2.414840891785019
58361,2.5429411323783384
58362,2.9353717796705254
58363,1.3676815090811232
58364,4.327002177850559
58365,2.879261199916648
58366,1.9986505898509535
58367,1.5937229153090513
58368,1.6476149510303912
58369,1.9486627122500266
58370,2.208578638604564
58371,1.1287044106347182
58372,1.161865649388126
58373,2.221793773554161
58374,0.6189508438752753
58375,1.7008562118184116
58376,1.7854622730992702
58377,1.1241468901187233
58378,3.8052837118493343
58379,2.057969513436504
58380,1.6372073245016239
58381,2.3044547801285873
58382,1.2922453790762845
58383,1.343575301230537
58384,2.4241821171973825
58385,3.8326957529117323
58386,1.5497618484920466
58387,0.8394778213350662
58388,1.885633501620248
58389,2.4125717890950042
58390,1.3032059829712068
58391,0.47835421680048995
58392,2.0701184268702306
58393,1.9207095785838888
58394,0.7852301053398776
58395,2.2399042850080235
58396,2.586630696948653
58397,1.9388678394119978
58398,1.9712469491695117
58399,2.4592063679707934
58400,2.1458316300252562
58401,2.2351110486501966
58402,2.6658104832471707
58403,2.4076257525121534
58404,2.2237906430724195
58405,1.6511345183991182
58406,2.679708746730256
58407,2.5050069424166495
58408,2.0090051764304775
58409,1.6088538358041902
58410,1.9322752052745784
58411,1.1244765945904902
58412,2.6936657725834436
58413,1.304510512523052
58414,2.6009043141686448
58415,2.0728448442729714
58416,1.7314538890586562
58417,0.3217431781696689
58418,5.993835591714976
58419,3.076572368832693
58420,1.7686020531504738
58421,1.4509340561333417
58422,2.3276255996954376
58423,2.3373549835919576
58424,1.7488905902293297
58425,3.237328837783352
58426,1.6467449155455824
58427,2.9314670904703775
58428,1.0499182875455517
58429,2.3953148198289753
58430,2.5506107768979405
58431,2.7417255626146897
58432,1.5712978585827742
58433,1.5910863719569406
58434,2.8501954515989
58435,2.6742390968419727
58436,1.4970378993798903
58437,1.1126119605469498
58438,1.9362938031773425
58439,2.147294404519755
58440,2.4431523027488424
58441,1.4848338679239461
58442,1.3913190202408572
58443,1.4776726691564477
58444,0.8477786550749187
58445,1.2479547984258232
58446,2.5716003300212407
58447,2.2810336686096164
58448,0.8582782214110551
58449,2.034505814792979
58450,1.698888605379068
58451,1.064687222425718
58452,2.424145416208532
58453,1.3715055583999813
58454,1.8872854616919312
58455,2.8266051889786965
58456,2.0279048512351707
58457,2.197501001553931
58458,2.129484828972231
58459,1.6619453533121131
58460,1.9608583733483513
58461,1.425700622440992
58462,1.596615635983163
58463,3.1237628343892823
58464,1.5788965160831836
58465,2.649370567782775
58466,1.8835116349886718
58467,1.9259284655567086
58468,1.8685520096842438
58469,0.5371201813617361
58470,1.3169889766654848
58471,1.306078953316252
58472,1.0167116507041314
58473,0.7817368323494449
58474,1.9607772854874526
58475,1.599483320418699
58476,1.8545393106853965
58477,2.7433970179155907
58478,2.053144117811108
58479,0.5188466788384929
58480,1.9714567951942286
58481,1.8295329182015436
58482,2.093905482853401
58483,1.1880575929625508
58484,3.1118650973470636
58485,2.0631995839698405
58486,1.8156461428839137
58487,0.941747566788969
58488,1.8930623591892015
58489,2.3462915058128715
58490,2.7816950365381032
58491,1.0084118563986024
58492,1.855163150009865
58493,4.54415500270067
58494,2.126456626109004
58495,2.664384090109664
58496,5.894036933275906
58497,1.657364623028954
58498,0.47675721236768
58499,0.8000324970211565
58500,7.0834358406148965
58501,2.9393045729062024
58502,1.3369512447541823
58503,1.786230886903546
58504,1.8015002469868833
58505,2.392547811290328
58506,1.5374772884962766
58507,2.309439803845777
58508,2.3627895860181027
58509,3.2662505964384536
58510,1.043607421333462
58511,1.785941754023419
58512,3.0442301460808423
58513,3.5918921823029066
58514,1.1547618170126768
58515,2.86955905534775
58516,2.2123317911052354
58517,1.5886661453252557
58518,2.3129806669146475
58519,1.53355026564617
58520,0.9611213518267903
58521,1.7136393707788926
58522,1.2933509470623505
58523,2.0590349768609784
58524,1.5074813566453216
58525,2.150580145125012
58526,3.1007251356038026
58527,0.9611122289660514
58528,2.1394638564879997
58529,2.5869151392777354
58530,1.2266398146232973
58531,1.2623060004163307
58532,1.5326149718810598
58533,2.9602055784844623
58534,1.486525509501604
58535,2.4976323839477317
58536,1.9757354764964816
58537,2.0455723113209814
58538,1.168949581584073
58539,2.823687186832366
58540,0.7765528805134991
58541,1.635828539592417
58542,0.9815972227367809
58543,1.908762798711514
58544,2.067148984837054
58545,5.163567769012431
58546,2.5672693390505685
58547,4.506739619652016
58548,3.7464391100215693
58549,0.8431593842975502
58550,0.9592580536059145
58551,0.6829908901681847
58552,2.7919637338600722
58553,1.579174657804117
58554,2.1735770196769977
58555,1.5266020106672826
58556,2.5413171686051896
58557,1.9111569424837427
58558,1.6675822532873923
58559,2.077463837145814
58560,2.7300143576859455
58561,3.471801696662105
58562,1.3613560329938963
58563,3.451577722167883
58564,2.3899430124262153
58565,1.961694396071202
58566,2.2457569617761237
58567,1.6911501985189474
58568,0.8062229345998873
58569,1.127871642065493
58570,1.392247006696607
58571,2.1109050811247556
58572,0.7629471226956213
58573,1.4427379052312617
58574,1.2706126249425012
58575,1.6781034845671527
58576,2.347476796004223
58577,1.2694427428546362
58578,2.4018702840708315
58579,0.776605640563865
58580,0.14150555795153252
58581,1.9137675394754794
58582,1.8051959728619238
58583,0.4255816126789611
58584,0.9784797172750501
58585,1.0072041559122198
58586,2.8737135893859787
58587,1.495051874439234
58588,1.052619650811927
58589,1.962660181726534
58590,1.476754869747083
58591,1.798141099159956
58592,1.953629943634212
58593,2.530740292779427
58594,3.3752246790941314
58595,1.7788210827614463
58596,2.200159910492296
58597,2.555523881275782
58598,0.7828221896791732
58599,4.144261064894373
58600,2.572007709485625
58601,2.5853005343159836
58602,2.970800956933111
58603,1.7441906768578335
58604,1.4596944696350675
58605,1.0216022534121478
58606,1.768452596569702
58607,2.974572446692349
58608,2.806629838857539
58609,1.541779161991272
58610,2.384589538077954
58611,1.699774965633523
58612,1.8934725592625767
58613,2.232881978847054
58614,2.1653859775848687
58615,1.8226021253184541
58616,2.1023091237611453
58617,1.9572651877582103
58618,3.1403228758764143
58619,0.747593834389022
58620,2.0733949556361324
58621,2.4317706186830534
58622,4.146643442287186
58623,2.5363270988583295
58624,0.6811235554857689
58625,2.7803992113820613
58626,0.6423619118098287
58627,2.24306483566734
58628,0.8809132109268276
58629,1.302040034437546
58630,0.7909763969793033
58631,2.46776880013298
58632,2.336101357647962
58633,1.9204267403369641
58634,1.8428035401470169
58635,1.9055530114013735
58636,2.2385507575374533
58637,2.008061406957836
58638,1.8181364782140434
58639,2.0203479832346645
58640,1.575281769742439
58641,1.577908564418955
58642,3.006240043193955
58643,3.2302362108622447
58644,2.6109050644759435
58645,1.8342273809532657
58646,1.0502466994867419
58647,1.636781143358263
58648,0.4354647699567522
58649,1.548326971834456
58650,4.237133131361787
58651,4.369156559560942
58652,3.569360438575586
58653,4.9465352115262675
58654,2.2422743217861125
58655,1.5859661058372865
58656,2.9990488181888963
58657,3.9385025802370706
58658,2.307502908143462
58659,2.30898119595404
58660,2.133580709950941
58661,1.2657072189814613
58662,3.2059149952221873
58663,1.4438562717763972
58664,1.4609249395463308
58665,1.9645052346772474
58666,2.6070584351251327
58667,2.373891681891557
58668,1.5339292453657194
58669,2.9454807571710546
58670,1.9184118602525757
58671,2.4270127787207727
58672,2.1751882399031714
58673,2.5456478648131693
58674,2.6728020650936486
58675,1.9852052397900408
58676,2.7371654947916255
58677,3.4689276274244776
58678,1.0444726528437585
58679,0.5723779066221582
58680,1.5369197475947303
58681,1.5061048847668204
58682,1.5310350262858847
58683,1.9830852282079192
58684,2.304381710991592
58685,2.26398539239387
58686,2.579833513999347
58687,2.519389704424867
58688,1.6437617114059506
58689,1.552219742905244
58690,1.6575880838131027
58691,3.4674917712775937
58692,2.7499183624266337
58693,0.7615364086407794
58694,3.329891559473502
58695,2.940682946405552
58696,1.1601496315210298
58697,2.182650968395329
58698,1.9330985235449347
58699,1.477735321696663
58700,2.9737031243815863
58701,3.7233220179602426
58702,2.2396542016360073
58703,0.8765518847176921
58704,1.9556865129467766
58705,2.020719169843275
58706,2.8627111589093985
58707,2.647738324794979
58708,2.096763662381207
58709,2.105873086882582
58710,3.0953363736537725
58711,1.3916093050417686
58712,3.356210120563169
58713,2.763757272978552
58714,1.5789155638746735
58715,3.4401166827065452
58716,1.8706309195136441
58717,1.151961330200507
58718,2.714397811758616
58719,2.044757311219584
58720,1.7511051811358413
58721,1.84460880839449
58722,2.0968311603237098
58723,1.7915312837115138
58724,2.510774028929198
58725,3.675203130545327
58726,3.243396361198471
58727,1.7962681670006688
58728,2.624197541325131
58729,2.5721544167986963
58730,1.4432558541640361
58731,2.749845716867924
58732,2.3823597430590695
58733,1.6283249881988198
58734,2.5717371494806045
58735,1.7531564270109925
58736,1.9279377481713595
58737,1.16998514526054
58738,2.866780684973733
58739,2.1410552581882953
58740,1.582341139754618
58741,1.7084920782176667
58742,3.434200263948732
58743,3.4109570632920736
58744,1.717161647815871
58745,3.0060390611963967
58746,2.6638805555951848
58747,1.711007429173307
58748,1.9615442612295197
58749,2.1512316259374273
58750,2.249190914450452
58751,1.9424643621731263
58752,0.1726687990878517
58753,1.4106142380768603
58754,2.833293463125287
58755,4.716447770395867
58756,2.5924767795544668
58757,1.6271426925758945
58758,2.305013036625887
58759,0.46495876191056595
58760,3.1303364727789216
58761,2.836167050436188
58762,2.184076029887187
58763,2.335594430778933
58764,1.8946623548915724
58765,0.8332565007230315
58766,2.030557470382057
58767,2.506107487281639
58768,2.3125877464482016
58769,1.958066707794515
58770,1.3059860309567242
58771,2.180242545136423
58772,3.3374590501550543
58773,0.861715417688572
58774,2.7219245431243877
58775,0.47226817015202016
58776,1.9507492205772081
58777,3.2974437671329113
58778,3.9658530874082274
58779,0.8057393791572451
58780,1.636911565562265
58781,1.9690813197597095
58782,1.9399806817918872
58783,1.2079991174424265
58784,4.133954792016489
58785,1.0176066696065504
58786,3.0768500669289907
58787,2.017244722563177
58788,2.6505103900483817
58789,1.3483722292153573
58790,2.9289382177777625
58791,3.018031541791629
58792,4.360558944611597
58793,1.3669705404207448
58794,0.9707725915382497
58795,2.6178028577759633
58796,1.4554479429511389
58797,1.468640250514575
58798,1.4281313554012414
58799,2.2256695777024262
58800,3.0688803534989404
58801,2.378206729841409
58802,2.537453997208324
58803,1.6660916180429766
58804,2.5701204473500283
58805,0.627345256478911
58806,2.243894449717075
58807,3.5008365432110082
58808,3.130598023314249
58809,2.624095798843392
58810,1.1029446142292798
58811,1.9890604217405183
58812,1.791667859379615
58813,1.7958494047615403
58814,2.3724327930039593
58815,2.699702571933649
58816,2.1739032257786306
58817,1.0427620212273965
58818,2.9653917226473325
58819,2.3163681048342752
58820,2.5450772074698804
58821,1.9053344489348802
58822,2.662489837137592
58823,1.4629271196069453
58824,2.9392516814537757
58825,3.2757085058771906
58826,3.1397338798772267
58827,3.364239435766443
58828,3.075732011352123
58829,1.4703445443400582
58830,3.671698633357579
58831,1.513540249942075
58832,2.37019686044124
58833,1.484123885951611
58834,2.6849392081442076
58835,0.7607013266570419
58836,0.5733149558990718
58837,1.1379609152272963
58838,2.124067804474535
58839,2.391590257339921
58840,2.075142471357786
58841,2.3737441129634007
58842,1.9374638601482133
58843,3.075889515852829
58844,1.8842256023753308
58845,1.5274495063785736
58846,2.1762114455672688
58847,1.911596490450897
58848,2.999394318064091
58849,4.572911434493271
58850,2.8092227433419055
58851,1.8192538192845333
58852,0.6965845155182109
58853,0.9668926487242828
58854,3.8836968391609403
58855,2.4202608842618503
58856,2.1907925962740933
58857,2.3035254198104056
58858,1.8418176274539135
58859,0.8717388847811876
58860,3.6468458322778616
58861,2.0386339133502673
58862,1.4813091424854434
58863,2.3300390706238616
58864,2.282605724713811
58865,2.9324401292164026
58866,1.6380149207338093
58867,0.6995530622390618
58868,2.332334374330607
58869,0.6439634394029525
58870,2.590516579977624
58871,2.20087290428107
58872,0.6102477701063762
58873,3.048665823022496
58874,1.7175681196646266
58875,2.1149549614340515
58876,1.7651364198374964
58877,1.8180783905007871
58878,0.8132200161681595
58879,1.7515033734561953
58880,1.8343822768993547
58881,0.3666784308777551
58882,1.8572878576839287
58883,1.2767831926488213
58884,2.552939397696086
58885,3.4224612355890187
58886,2.095855198890632
58887,1.3322336606142144
58888,2.0750416227369115
58889,3.5152063665922952
58890,0.8662567254094427
58891,0.7113100085032968
58892,1.3230111212791442
58893,1.6521925253068375
58894,2.0262732202908893
58895,2.899487577851815
58896,0.8657900393328006
58897,2.131229449527183
58898,0.20600174279209682
58899,2.8510019309281915
58900,2.6655159603601746
58901,4.233244748664717
58902,2.2312780265148575
58903,0.48204833556263793
58904,3.8837335739064045
58905,1.7192084675238632
58906,2.058139240140534
58907,2.5329415208348607
58908,2.4231880580885203
58909,2.1777849548481
58910,0.5836540333558133
58911,0.47447653693915726
58912,1.0567649498879348
58913,3.054581715361124
58914,2.879954798491333
58915,4.739748536835798
58916,2.904841976348891
58917,2.0300448178215262
58918,2.471442781831172
58919,1.1403262949285633
58920,1.266825589074287
58921,2.893564656450188
58922,1.6372926864633826
58923,1.898410731879686
58924,2.3044008818869486
58925,2.8155719170105087
58926,1.929479137153642
58927,0.7807870105372814
58928,1.8949807261851461
58929,2.365354370232083
58930,2.4226473057436664
58931,1.9454431516994504
58932,2.244289902942988
58933,1.46465853810016
58934,1.0268341524756153
58935,2.6183237970463935
58936,1.9135936009082144
58937,2.195491720089535
58938,1.3631216886123667
58939,1.7055162812494657
58940,1.9517994155299903
58941,2.497946196627254
58942,0.8523602058170567
58943,1.6044591560137391
58944,2.059270760278416
58945,3.630955048897519
58946,1.825777061423203
58947,0.9634593218992507
58948,2.220486884444739
58949,1.1692547418752426
58950,1.7109235862536991
58951,2.0351882092952707
58952,0.6274820232750145
58953,0.5219796987648735
58954,2.0363245289340455
58955,2.4822600662238443
58956,2.060336836449693
58957,1.1391373905377264
58958,0.7680940656749655
58959,1.1524740085035177
58960,0.7954292194093568
58961,1.874238804925362
58962,2.1879684841448324
58963,1.5055384522441742
58964,0.9682017480967176
58965,3.1198810919938964
58966,2.693541398601404
58967,2.4950147096717785
58968,2.6555996287525687
58969,2.2780447991710773
58970,2.173464205219865
58971,2.3666621258904996
58972,1.8377147367726607
58973,2.244928819932511
58974,3.4632727271230337
58975,1.4419837949626313
58976,2.4072902454879284
58977,2.3833086359603755
58978,2.2816046392286253
58979,3.104283832863956
58980,1.8277321202975543
58981,3.927933143469083
58982,2.304111131069135
58983,1.555351497516341
58984,2.127933685280638
58985,2.0776611282896695
58986,1.6954512934813266
58987,0.9883624539663316
58988,2.9218415441477177
58989,1.6720250035926938
58990,1.725878895181502
58991,2.1395413318343373
58992,0.6629114338795432
58993,1.0323255116519192
58994,1.7934588225223962
58995,2.7941129118820953
58996,1.9992891670785653
58997,1.0759830296707023
58998,0.7946453793858979
58999,2.9575564632718994
59000,2.436610524614288
59001,2.818606644116727
59002,0.81066580727434
59003,1.2825134628653956
59004,2.474866817203207
59005,2.4533663846326377
59006,0.2694320951380007
59007,0.7782858930070091
59008,2.703532360174897
59009,0.7614687894303955
59010,2.3162714974964302
59011,1.7468436389211348
59012,2.8265699610600876
59013,2.2550176948263214
59014,1.9149071616168243
59015,1.7254914614671009
59016,1.7487285539471173
59017,1.7287158962241378
59018,2.715074871192833
59019,2.9587652128433035
59020,3.916395211266831
59021,3.7587229844199044
59022,2.464182025456168
59023,1.9909125186766161
59024,1.5950308346590774
59025,2.246037177447505
59026,1.927209931936254
59027,0.8967389706078919
59028,3.4957210314015654
59029,2.5233907569182676
59030,0.4119106255399174
59031,2.5998902741628456
59032,2.084839799041312
59033,2.7695217970033994
59034,2.9869384009303346
59035,2.1192100485994487
59036,2.0758709192521607
59037,0.4006678726060642
59038,3.0831616473789367
59039,2.3626019985386435
59040,2.8961311325919326
59041,3.079052272425109
59042,1.4046444285715793
59043,1.9488267555723127
59044,1.5565018258508871
59045,1.6916405771725707
59046,2.033381062742251
59047,1.43087175833751
59048,0.8960749484244772
59049,3.6824998926582637
59050,4.330781035939502
59051,1.1327582969782597
59052,2.4342824035637065
59053,0.9632109060073333
59054,1.2842172224396364
59055,2.283497684143441
59056,0.8128767309424063
59057,1.9241396964632997
59058,0.7775916043065862
59059,2.2858709998532234
59060,1.9556502692696256
59061,1.9420443132146232
59062,2.0598323367644724
59063,1.1588731974830182
59064,2.0558414472987323
59065,2.3007321222405466
59066,1.2976164236488614
59067,5.430529912895196
59068,3.1122707791290054
59069,1.8480292040157593
59070,2.1323520025800917
59071,1.3638605728434854
59072,2.5463815967667713
59073,0.2787996249922813
59074,2.987522210483128
59075,1.8183664258008463
59076,2.425301500854701
59077,2.5550197083899917
59078,2.4702768927021737
59079,3.1968038300102677
59080,2.6532238011606495
59081,1.8392534656683566
59082,2.354827052262557
59083,2.5735456228435183
59084,2.397391954788958
59085,2.0592844640541514
59086,3.798958390704648
59087,3.663928091034947
59088,2.2063596172720636
59089,1.8090493797686094
59090,0.8731768993936697
59091,1.3390969731725946
59092,1.3327469407431423
59093,2.4021807505403814
59094,0.9640672142442526
59095,1.4063870704956614
59096,1.00240130302236
59097,3.267365579846583
59098,3.5211536280834963
59099,2.351495344419355
59100,0.3025587972660375
59101,6.463053501826096
59102,1.4147933356749718
59103,1.6140263195417646
59104,2.1160927820093036
59105,1.4864584726860315
59106,2.8061754497370544
59107,1.7481361053064575
59108,3.6469954120507992
59109,2.7762876880204246
59110,2.5827581251058973
59111,3.1705776124191942
59112,2.029420340035294
59113,1.6813049998442011
59114,2.9478851634597873
59115,1.881073049313514
59116,3.151956435578903
59117,1.6422467237503469
59118,2.0528827026692866
59119,0.9204350255484712
59120,1.992674621824925
59121,2.072784813119341
59122,2.260383522562371
59123,0.6166532232544384
59124,1.310751421226854
59125,2.988233886078369
59126,0.8140564121006335
59127,2.017137417872995
59128,1.4218305423631463
59129,4.655765592874843
59130,3.1230174892453135
59131,1.3980222224767331
59132,1.6100502827381504
59133,1.3584610453668517
59134,1.9256185899753007
59135,1.5579864955736582
59136,2.115336154750608
59137,3.8216315570371364
59138,2.269334488901279
59139,0.599024117123335
59140,0.7913115420138084
59141,2.6240743849057893
59142,1.6068333086600433
59143,1.5533304417890648
59144,1.79818036486283
59145,0.5179024629090989
59146,2.453463859940605
59147,0.9964914561558302
59148,2.3706157381699597
59149,2.3840059488674115
59150,2.0783451414489207
59151,2.0339568115448117
59152,2.8761995625997514
59153,2.5003398323983816
59154,2.492336633669069
59155,1.5788055108118257
59156,1.8157158705269438
59157,2.117847317924152
59158,1.301792685092778
59159,1.3107453013871506
59160,1.141584814804773
59161,2.1425970578522495
59162,1.9782049480760335
59163,0.9408897027380974
59164,0.6724276557296918
59165,2.677258314889741
59166,1.6602546352526915
59167,2.0723465282787217
59168,0.7911438663206454
59169,2.0230394724464347
59170,1.0049350776237986
59171,1.466873910361187
59172,4.950753073174127
59173,1.6253232470370875
59174,1.9361864665571886
59175,0.6965966261740562
59176,0.9772906654102584
59177,2.226972759516258
59178,3.013688136466321
59179,3.1148833287189817
59180,2.4838614427986556
59181,1.4064513727164965
59182,2.010183096180313
59183,1.5923682070436982
59184,2.7787804912534213
59185,2.6832245911463417
59186,2.3997301661600403
59187,2.93010483559717
59188,1.33679700381618
59189,5.726834721950183
59190,1.6328528479821642
59191,3.174676459510131
59192,1.1453757051340006
59193,2.4930031467952816
59194,3.338139363280014
59195,2.5104620135756477
59196,1.530514302428955
59197,2.1028290616836856
59198,1.6150631241372082
59199,1.6839271918730105
59200,1.724541927796146
59201,1.5242602052527943
59202,1.6752382168788245
59203,2.25548898729015
59204,1.1835942025337332
59205,3.6298952466636294
59206,1.650866668447776
59207,1.548236539219566
59208,1.759739618399891
59209,2.2954945902462143
59210,3.052305906854137
59211,2.06082671656646
59212,2.6162962045828024
59213,1.2748330326255086
59214,3.0616868736598235
59215,1.7926741793562115
59216,1.075574803431195
59217,1.8633483069099483
59218,1.2307603750104619
59219,1.9615744324708402
59220,1.8388755294720909
59221,1.6742973409680033
59222,2.212939306979223
59223,1.1644878722960144
59224,1.8359579165727666
59225,2.357859039003934
59226,0.4030294769824536
59227,2.569270108791642
59228,1.4277440886592103
59229,2.4365772388682885
59230,1.7900151948298841
59231,2.996996504602457
59232,1.6448768337472899
59233,0.8425866640363822
59234,4.262479909578921
59235,3.2506692421900354
59236,1.7713344334927683
59237,2.3155229554204197
59238,1.825183153426714
59239,2.073715135440885
59240,1.8796358542850768
59241,2.6377737628069013
59242,5.482165226612395
59243,1.8081628974780912
59244,1.5914290520162737
59245,3.2004022119828477
59246,4.965582789793039
59247,2.254739757342783
59248,2.8385318950452785
59249,2.72436985571958
59250,1.3624543629154573
59251,1.9330826540275936
59252,0.793697641936852
59253,2.7153186328672376
59254,1.0415757470677036
59255,2.278532983085668
59256,3.2136522978806497
59257,4.130707958470914
59258,2.373143841311091
59259,2.153306859720537
59260,3.9475529689004176
59261,4.312611485370589
59262,1.5225880301842025
59263,1.2040694929628586
59264,1.6782620590574737
59265,2.031021843122076
59266,1.263886207885193
59267,1.8184242718634067
59268,3.0724815123345834
59269,3.396372423481843
59270,2.3005014028167423
59271,3.2312302098936243
59272,2.0227691306354103
59273,2.9843203324967646
59274,1.0882339934067105
59275,0.883525910726604
59276,1.5244490540619395
59277,0.7608831634300159
59278,2.2371961381075494
59279,3.9286827715373036
59280,1.9842111854751607
59281,2.6434335069123023
59282,3.0735200340650763
59283,0.9927322384581103
59284,1.2025957965230987
59285,1.0216793378123015
59286,2.115698758457036
59287,1.9995467928158348
59288,1.4033758562831906
59289,3.1828639060905317
59290,2.2343530133381506
59291,2.627918256374116
59292,6.051932616099862
59293,2.2060371913330954
59294,1.8544034478249216
59295,2.2527139986060973
59296,1.9565696366204577
59297,0.9809107196352045
59298,2.355359214166448
59299,3.4193881077254957
59300,1.535918141286004
59301,2.698885184144004
59302,2.5111658455411217
59303,1.3076097404539837
59304,2.03356839038846
59305,2.616172245444254
59306,3.1948468834797765
59307,2.0278456398730285
59308,2.2323588889439065
59309,1.5489549561998999
59310,1.5350275454814266
59311,5.256319111437065
59312,2.2537239996978613
59313,1.4949424464440142
59314,2.637562663229673
59315,2.0685922576260296
59316,1.7991421017612836
59317,0.5154740180128456
59318,1.3714543193373885
59319,3.2449717014830455
59320,1.5789464612546809
59321,2.0278651142639603
59322,2.8990991288484196
59323,1.1340566578868803
59324,2.3019981203042406
59325,2.9149293335358806
59326,2.6175691439893853
59327,1.4780136910899486
59328,0.9857568600665374
59329,1.9330489888267266
59330,2.7779405233704537
59331,1.6808324693675871
59332,1.1443084943657524
59333,0.9433583513471504
59334,1.3940072004896678
59335,1.4668101722552294
59336,2.483881906417743
59337,1.7521932903242714
59338,1.6202872124738192
59339,2.1364923041427915
59340,2.767798836818457
59341,3.0520164417115794
59342,1.4233664816021445
59343,2.2934392514651165
59344,2.162200111779228
59345,2.883230764017206
59346,2.777716263512687
59347,2.728630938433568
59348,1.7908523927450304
59349,3.0314473701114153
59350,1.9623247061206754
59351,4.437812080774648
59352,1.8464909805861254
59353,1.5611687672989873
59354,1.5460305080616479
59355,1.15654040370611
59356,1.2010775305537464
59357,2.551320059575815
59358,1.7943755085048991
59359,1.8801912767333917
59360,1.1529916893514738
59361,1.269172347585524
59362,1.5346423953443633
59363,1.8766578905133287
59364,2.8586046523467203
59365,2.6966673518844715
59366,2.9580537537950136
59367,0.7623341933579866
59368,3.020974173533446
59369,1.4241630055880492
59370,2.046680082806141
59371,2.7303145033472447
59372,0.49240721944193666
59373,2.882538918753788
59374,1.468315634098623
59375,1.286357727250703
59376,1.9285711154014322
59377,0.8845781930748373
59378,1.9769295027109877
59379,0.7897506915041888
59380,1.7319734425101245
59381,2.3032594883798723
59382,2.3351566750391015
59383,2.7967915135486052
59384,1.3271078082120624
59385,2.094230576112082
59386,1.6043246040945647
59387,3.1293149711521764
59388,1.7179373452266802
59389,2.6239258503816245
59390,3.18941326087986
59391,0.8680025923261994
59392,2.678619680480651
59393,1.9656432084965303
59394,3.1589738407274695
59395,1.98580127690375
59396,2.0843958928921893
59397,1.676706895458942
59398,0.7902851379370901
59399,0.6887554397081175
59400,3.453507469235163
59401,2.3974319953234797
59402,1.5803121181997
59403,1.0607249031406099
59404,1.0409555554977317
59405,0.9881602247018222
59406,2.283818566826959
59407,1.6239757407944921
59408,2.5962705174739327
59409,1.64760379034022
59410,1.9969991056619847
59411,1.4535204447851555
59412,2.347461263861973
59413,1.9198893334078377
59414,1.6407042734582902
59415,2.576668843763251
59416,1.604129577843743
59417,2.547467406433441
59418,2.71269384874077
59419,2.928385171415023
59420,1.772665516342144
59421,2.6619619154292877
59422,2.5935644822176016
59423,1.2562656869121014
59424,1.962642477894164
59425,2.8170250397931227
59426,2.0674202518151006
59427,2.01988162582321
59428,2.7287623714193217
59429,0.9208418219006163
59430,1.9680192949449662
59431,2.3314977484831587
59432,1.3838255739533096
59433,1.290152822322149
59434,3.2641482013148604
59435,2.897468433611344
59436,0.8956015998622107
59437,1.2668624155047397
59438,5.0329476942923606
59439,1.5587454961007694
59440,1.1728778653116692
59441,2.1062789649428737
59442,1.246509203061052
59443,1.8195439708546388
59444,2.1015180432072214
59445,1.7801750179066715
59446,2.0084379932206815
59447,1.4915949647461275
59448,2.8944802936260103
59449,0.27803893357165776
59450,2.7941789694838732
59451,1.688004529420823
59452,2.0097205425117366
59453,2.1961704050665745
59454,1.687979775494874
59455,1.9863970688817005
59456,2.1848300665825846
59457,2.3955477401638348
59458,3.783801622228175
59459,3.5792811102320243
59460,2.6818404908817755
59461,0.781295895873491
59462,3.2045518252703857
59463,2.1899251063388405
59464,2.030644084666932
59465,3.0686897953427064
59466,1.6868255149061682
59467,1.3609959106657143
59468,2.1058055318381292
59469,4.218805057670636
59470,0.8762310983472759
59471,2.0993581286231873
59472,2.099215343183687
59473,1.1612060554621166
59474,1.482061658609858
59475,0.58530351824961
59476,6.219552606172783
59477,1.9973655278276823
59478,1.1014407375868558
59479,2.074295828232515
59480,2.288432630117441
59481,0.9315504812031392
59482,2.6498900139720263
59483,2.505000398482437
59484,1.8670131215670267
59485,3.985589331285283
59486,2.38497574584693
59487,3.027567290136375
59488,1.5724659613206953
59489,1.7849541421157937
59490,1.4817676733589664
59491,3.1416051695396447
59492,2.278778449870721
59493,2.692261585715137
59494,2.3552414288025716
59495,2.914164586134092
59496,2.3296038011506184
59497,2.2140062196582093
59498,2.6319760615674355
59499,2.5547498173050514
59500,1.9529620814739204
59501,2.023064530993757
59502,1.9462653004631534
59503,0.7694128202372639
59504,3.9387844808076977
59505,1.7870187489696292
59506,1.7920023417721467
59507,2.630329577068686
59508,2.1840935431373936
59509,2.883987633755005
59510,2.266962390142602
59511,2.164181716770983
59512,1.0599518902401641
59513,1.9819617809077812
59514,1.5944090284829073
59515,1.0618413104801547
59516,1.6427602027950385
59517,1.8085247092901895
59518,0.8181530464476836
59519,1.8181884283479945
59520,1.4667533980589695
59521,2.3207665081912197
59522,1.8136044781967868
59523,2.203264718213532
59524,2.3124800536880556
59525,0.6525455001113016
59526,2.527674868517451
59527,1.8204609475949383
59528,1.4943723986335442
59529,1.4495963377468541
59530,1.5641166749716362
59531,1.5152791970409254
59532,2.2216703148731227
59533,4.945957174495923
59534,2.8415047549846904
59535,1.8107981289876705
59536,2.2762183584894657
59537,2.018799043549862
59538,1.3942464789720432
59539,1.771175302063071
59540,0.9614922249116802
59541,3.4558715776757367
59542,1.9196616003983777
59543,2.8631089973897232
59544,2.0599540824358513
59545,3.3763437892799004
59546,1.9936740082711637
59547,1.453114346072553
59548,2.3116588618316882
59549,1.4989322185070435
59550,2.217396320052721
59551,2.4756491253779913
59552,3.325826082885449
59553,1.0553079195310886
59554,0.8204297682277613
59555,1.6184786827518067
59556,1.1582324230216514
59557,2.1719990876238597
59558,2.2602148091233047
59559,3.3628019532335856
59560,3.0440279165297
59561,2.5099111682113033
59562,1.9782552245765146
59563,1.85491925318631
59564,1.9064920931916376
59565,1.5975343697732
59566,3.0239252679789033
59567,1.7588682054547249
59568,2.657109892028629
59569,2.4279320359407706
59570,2.5558586127168255
59571,1.8073199772596809
59572,1.174066122970423
59573,1.9572293741907743
59574,2.2213504298977256
59575,2.17862340857679
59576,1.2756070738979446
59577,1.9609315179591178
59578,2.0059892294029282
59579,2.1752150779570414
59580,2.158195053202469
59581,1.4714688480407432
59582,2.3499455534737947
59583,1.8487208195272515
59584,0.8055473158216842
59585,1.189491341251319
59586,1.768068591934309
59587,1.3585041775865108
59588,1.4982382411961979
59589,2.8028235055167983
59590,2.5193914425136725
59591,1.874996859591512
59592,1.8898385204277375
59593,1.5423007200695267
59594,3.248134168942478
59595,3.4241190608685628
59596,1.74423429181779
59597,3.1025518699212853
59598,3.2350735493564713
59599,2.0793347496481474
59600,0.611802987837649
59601,1.8136218830687483
59602,1.4851332872400604
59603,2.7220007373903314
59604,0.49916199577855735
59605,0.7898050293709815
59606,2.235262499478992
59607,2.4647503439188796
59608,1.8922246895753858
59609,0.6299792587058022
59610,1.56992077356891
59611,1.0883321294568518
59612,1.4231447732529432
59613,2.351049274175878
59614,1.5605632957110487
59615,1.653938805733425
59616,2.224874754500128
59617,2.486638762991433
59618,2.230581083729575
59619,0.9613900059431018
59620,2.1347557925195417
59621,1.135609297013204
59622,2.4466348256937778
59623,0.5270884452511098
59624,1.2002397129569573
59625,2.368607581866776
59626,1.749955374649744
59627,1.7581392548400814
59628,1.855697077542473
59629,1.5520053373304137
59630,1.7592564934796897
59631,1.8840168753860809
59632,3.2750387252508517
59633,1.618260712424707
59634,2.4093708231577935
59635,1.0337016152488516
59636,1.8956723151015566
59637,2.5995273143657016
59638,1.1892129297449046
59639,1.456645958506499
59640,2.991616871989102
59641,1.9769129919501438
59642,4.060323137809412
59643,1.413934251950792
59644,1.2118156500309354
59645,0.6191024605226687
59646,3.534312025643686
59647,1.8664427465755224
59648,1.6735309657546509
59649,2.5272908495607282
59650,1.9519000877356447
59651,1.418327891400402
59652,0.7270940191662447
59653,2.1442662693121335
59654,1.2858610528337735
59655,2.195341185405013
59656,2.196881275287822
59657,1.4380696549610903
59658,1.708977889440682
59659,1.7759841493301565
59660,2.385470879986933
59661,1.6287908600082588
59662,1.4751581797222926
59663,1.6076113655379984
59664,1.6521448080042873
59665,1.4044084358867508
59666,1.0634916896023014
59667,0.8184713099646146
59668,1.7140014061561573
59669,2.8909795080726823
59670,1.7799522794413463
59671,2.306029872589612
59672,2.2954083326986137
59673,2.595640045759346
59674,3.3003641868932476
59675,0.5006451612348854
59676,1.7410115522954612
59677,1.2024493062590693
59678,1.4620657781590651
59679,1.9922204415856513
59680,0.5163441650839005
59681,2.6751479788343744
59682,2.4859678333222135
59683,0.4356854874234415
59684,1.999771511297709
59685,2.3290917071750386
59686,2.584185621827615
59687,0.5038766066170837
59688,1.796942224414778
59689,2.7137151168131552
59690,2.4978706713408485
59691,3.3130729275573216
59692,0.7149932727795019
59693,2.225565430589917
59694,1.5287548496301966
59695,2.5470317282962753
59696,2.3317282468799405
59697,1.6346387444267307
59698,3.0256620511516488
59699,1.4254874225386232
59700,2.251032045210607
59701,4.380252679702338
59702,2.519560359025796
59703,0.7792309025382593
59704,1.9499300988620334
59705,0.9085602733775175
59706,2.1276398555542926
59707,0.9233978086365653
59708,1.2190016466847808
59709,1.651649598336867
59710,3.3106881492145988
59711,2.564274531357796
59712,1.1246932867520059
59713,3.4992882317019465
59714,2.375605429317183
59715,1.9214836440943728
59716,3.7540222380484565
59717,1.5672421660533686
59718,0.7691918407224776
59719,0.4205092652869382
59720,0.8556696252221485
59721,1.9235612336756986
59722,3.1304413041488104
59723,0.6667969196580046
59724,2.5998737980527977
59725,2.115357395497796
59726,3.126948299684699
59727,0.8767101923757821
59728,1.688830061029961
59729,1.9527004294851622
59730,1.5386203348156826
59731,2.05635747385346
59732,0.8796098660859926
59733,3.5003650920272094
59734,1.8937458431568714
59735,2.257641482468209
59736,3.036491608950655
59737,1.645636697093046
59738,1.4907624071233059
59739,2.207498940830696
59740,1.6996051375353574
59741,0.5445906626090533
59742,1.4435656779522432
59743,1.3580338933081038
59744,1.314735807837664
59745,1.4373849822839304
59746,2.9490452580568842
59747,2.9628858865964247
59748,0.7786014953612792
59749,1.4991856454324122
59750,1.573741470228299
59751,0.7142301360660497
59752,1.0556235966313139
59753,0.5131641862873337
59754,3.634624088194734
59755,1.1205576567623154
59756,4.749301182104048
59757,1.5980137993032102
59758,0.7384283113488266
59759,0.7899343472327303
59760,0.896700357890694
59761,0.6968536324355554
59762,4.723450242870413
59763,2.258356639623834
59764,2.556458904230162
59765,2.451787601357232
59766,2.119756126645072
59767,2.4573989984394515
59768,3.023409770043571
59769,0.888607238179496
59770,2.5578233122100116
59771,1.5931925974575876
59772,2.0299834437361852
59773,1.6618046792839536
59774,1.9587073342614332
59775,3.078024751421381
59776,1.7895349600564643
59777,3.710521253850011
59778,2.9975516110635567
59779,0.6181797151882122
59780,1.1563732846293746
59781,2.0558803315022587
59782,2.963188872689365
59783,2.659605001611574
59784,2.063044139242983
59785,1.0250959080084243
59786,1.0671425423427223
59787,1.7540390541513773
59788,2.8795260337828807
59789,2.3270804137351604
59790,2.9755558205689354
59791,3.4214607147724223
59792,2.9121674695460555
59793,1.6791401610590384
59794,2.2628294144431536
59795,2.603937912484426
59796,1.9649974283994425
59797,3.276474552575756
59798,2.4147733415214816
59799,1.6330375596369606
59800,2.804686757221056
59801,3.2522991018812633
59802,2.041560020677977
59803,1.4556733770297114
59804,2.7651650697154295
59805,1.9585181125460736
59806,0.004051347377902914
59807,1.759838580587953
59808,1.630836760251242
59809,1.278965962379516
59810,1.7648293688415322
59811,3.064439880961345
59812,2.118631404798087
59813,1.0687625288450775
59814,1.0305177134701964
59815,2.3052867034045974
59816,2.075542995990098
59817,1.4942762499601798
59818,1.5352705883528301
59819,1.5252171629288682
59820,1.5554737346005751
59821,2.005836030026302
59822,1.5712357488287196
59823,1.9512126981153273
59824,2.1694184959021996
59825,2.3541606674402544
59826,2.7083120354642034
59827,1.5613196946826449
59828,0.8601727453769428
59829,5.563487494911065
59830,1.6358506748062709
59831,2.630426886387177
59832,2.6521852514009012
59833,1.4810820091741022
59834,1.2722883741073403
59835,1.4616669786448782
59836,1.9803023646449063
59837,2.2426611781349663
59838,2.9249754881969636
59839,3.1500647904762715
59840,2.863358422014471
59841,1.4245839722021145
59842,2.032029924506375
59843,2.7974552689547423
59844,2.4667385787175746
59845,1.1234128137953192
59846,3.799478017642741
59847,2.2717781286299683
59848,5.878819753936881
59849,2.554621806233918
59850,1.9880910575170105
59851,2.911883913212691
59852,2.4889591914521247
59853,0.5356705603246255
59854,0.8989403028678495
59855,2.4631343347467904
59856,2.957196842331456
59857,1.9735956185954961
59858,1.9117052938531458
59859,2.60848676632326
59860,0.9572457117187483
59861,1.0594706130172469
59862,2.2145397109779594
59863,2.7243162043629994
59864,0.2407058560655173
59865,0.37495934550463517
59866,2.0519903287586914
59867,3.188048507393468
59868,1.6381201378412484
59869,2.3078432746625026
59870,3.259232679200153
59871,1.3749429342131876
59872,0.807294133524266
59873,1.9604419517571827
59874,4.104798860435082
59875,0.7482047098958517
59876,2.5727343329104784
59877,1.706633630280507
59878,1.971207057753702
59879,1.8971215458092558
59880,2.622901176346616
59881,1.9213506197409274
59882,1.7921237812322772
59883,2.7480467559947783
59884,1.0510053978929221
59885,1.6399002955798991
59886,3.855709384682939
59887,2.4146147721104114
59888,3.2625621586350633
59889,3.142066445863918
59890,3.1504043564271313
59891,2.610560788073478
59892,0.6685615183060634
59893,1.8339594240689792
59894,1.6901598795294959
59895,2.4268619622011585
59896,1.2158311863617257
59897,2.653707886362241
59898,2.0328891782154344
59899,1.8774561306665944
59900,1.5461795871527997
59901,3.189809094036903
59902,1.3192626077265004
59903,1.3587324110846168
59904,1.2268478111447365
59905,1.3188080603526373
59906,3.053216509223404
59907,2.35991916312976
59908,1.757155153519598
59909,2.228206785616223
59910,1.168797214044183
59911,3.1484044382531664
59912,2.6739428273345425
59913,1.6930962754218655
59914,2.221170904792899
59915,2.1842750965765774
59916,3.343862773653477
59917,1.8502471306191879
59918,1.8190066988186402
59919,3.453404900395043
59920,2.672869046238766
59921,1.5938609674729918
59922,1.7200439565438046
59923,2.730911725579837
59924,1.2497398179895072
59925,2.7084991317463007
59926,1.9450275938548742
59927,1.5030977062183766
59928,2.5741648302335776
59929,0.8463037508144922
59930,1.88060506437224
59931,1.8178619107746172
59932,1.1823974935441797
59933,0.7714084608999983
59934,0.8068968240170662
59935,2.8424389089532696
59936,1.80296851481301
59937,1.9551413238112119
59938,3.3608067342979666
59939,1.7047214090914125
59940,3.4328329513725464
59941,2.868558369978153
59942,1.7981221222036226
59943,1.576294633539284
59944,2.3988072425680897
59945,2.8344887988396934
59946,1.7220723211345401
59947,0.4814512123123649
59948,1.230790717378433
59949,2.190831353250587
59950,1.776661162095074
59951,1.0317822495582192
59952,1.2009028520516836
59953,1.882689550532838
59954,0.5978317227790129
59955,1.8760100976245866
59956,1.3653147547649311
59957,1.973298258657266
59958,1.9996560975940483
59959,1.9696118033923398
59960,2.7315872446965415
59961,3.580028431695837
59962,3.6318971858642257
59963,1.7745678090794357
59964,2.077978126480339
59965,2.108131029975226
59966,1.7560376500262151
59967,1.0234478375368852
59968,1.206914951351628
59969,2.481896393218449
59970,1.455386820970105
59971,2.8617135214865925
59972,1.0769604222046638
59973,1.4319826925594938
59974,1.4639045348372548
59975,2.231874664088849
59976,1.884280163870244
59977,2.953291662654408
59978,1.9264239229984312
59979,4.423495555769023
59980,1.2187226608729063
59981,1.6223278846687919
59982,1.9658486904718089
59983,4.442850679244039
59984,0.9691643968561792
59985,1.3760744976290553
59986,2.272124573860296
59987,2.1054569048776486
59988,2.2080049680922755
59989,5.1726613641972605
59990,1.617353146459827
59991,2.2440718132961166
59992,1.965807737889719
59993,1.9562875958339063
59994,2.4653224070870863
59995,3.056393326493776
59996,0.9036632185381563
59997,1.3308415201918748
59998,2.160368039703833
59999,2.4543113137187333
60000,0.724953543276321
60001,1.086864920968985
60002,1.1894045481119235
60003,0.3450437429462099
60004,0.9554352570327111
60005,1.9516597538764842
60006,1.8745794950749683
60007,2.1597587353495484
60008,3.389978396050317
60009,2.56019556921693
60010,1.4615712581375462
60011,2.917955746724587
60012,1.8571936110001346
60013,1.8705718479382867
60014,1.0340532232528545
60015,2.3338330738007187
60016,3.424113896619005
60017,2.9029296934082396
60018,2.803900605024758
60019,1.4942824426869592
60020,0.5511219690167906
60021,2.5362217429258678
60022,2.217273021280107
60023,2.0275908653358883
60024,1.069709660925426
60025,1.7812148424190468
60026,2.3145365504609003
60027,0.9828606065735883
60028,0.9408643163451629
60029,1.1755440536180544
60030,0.9105064774437253
60031,1.8691290420072448
60032,2.6127805007667604
60033,0.6763554279397397
60034,1.9561009685598876
60035,1.5635034558525405
60036,2.6058674318927615
60037,3.125016270312578
60038,3.1618884207738702
60039,2.580809361016726
60040,2.033031000297953
60041,5.2588667531453765
60042,1.9420702555435625
60043,3.4291778136340128
60044,1.713101719448872
60045,1.0989017992221903
60046,2.131622684842135
60047,3.008501117042627
60048,2.4078173524653295
60049,0.9005744640937934
60050,1.5773211014989954
60051,2.882401179003672
60052,1.2852577042742226
60053,4.049358289887046
60054,2.5106688059851194
60055,2.3794255401920736
60056,1.4639502340594177
60057,2.1241886276625124
60058,2.756471524647239
60059,1.5958226518362295
60060,2.022375421841865
60061,1.7967444154470016
60062,1.3048013298344898
60063,2.2865061301088403
60064,3.4772115091812594
60065,1.6531857291333623
60066,0.9112073121536355
60067,1.057144308725924
60068,1.1624195509018875
60069,2.194145258455684
60070,1.9520148355127986
60071,1.1402770157015425
60072,2.2149667483025794
60073,1.5827055207600367
60074,0.7879216207261237
60075,1.1036123567222234
60076,2.3347682984539233
60077,1.156556322978318
60078,1.9529144121149429
60079,2.3097273753354415
60080,1.8780514757580846
60081,1.2324265385795954
60082,1.1795253974188071
60083,1.6408696175101056
60084,1.331225771968434
60085,1.66457742797936
60086,1.4560920024379058
60087,2.0741634009018526
60088,2.068289903281034
60089,3.3322491378218047
60090,2.2148456033187145
60091,1.8596039281221692
60092,2.0874895433668073
60093,1.6716784065699102
60094,0.4094986923270483
60095,2.103891603155404
60096,2.375059755516027
60097,2.2258500926606146
60098,2.6843696113067423
60099,2.129609268598422
60100,3.036589255754258
60101,1.9209305942194561
60102,2.561356739688094
60103,1.3824606263440913
60104,2.8125616385261836
60105,1.1112590797766728
60106,1.3236205214976664
60107,1.5416190822580091
60108,2.878199408411284
60109,2.195129616952208
60110,2.7251546847895654
60111,1.454518488338536
60112,2.442909015812482
60113,2.2069786087418635
60114,2.5342779601360945
60115,1.9876013647854833
60116,2.0663605962734763
60117,2.748951263651172
60118,2.9430110144584347
60119,3.137963078433714
60120,0.7084190722773016
60121,2.439258543851473
60122,1.0774401852224216
60123,1.7416474516574638
60124,1.1436734480404667
60125,1.7560905243619445
60126,0.4622390296904939
60127,1.9230607565891304
60128,3.115734349571291
60129,2.996464689386613
60130,0.7716657873510044
60131,2.592023588820382
60132,1.751397799816715
60133,2.8104256282822675
60134,0.897019175587765
60135,0.6267046712697351
60136,1.011718591859804
60137,1.8319577159870875
60138,2.5473905137443325
60139,1.3000977184632063
60140,2.28964218999468
60141,2.663085635862828
60142,1.501825631269277
60143,2.2906842185146203
60144,2.1685650952640074
60145,3.8541300671622736
60146,2.0221104064644493
60147,1.9146297086063555
60148,2.608240487731841
60149,1.979473270695408
60150,2.6729411178436138
60151,2.0815611902706124
60152,2.9741637505246814
60153,3.8767492201349327
60154,1.6098545238411717
60155,1.9295492643348737
60156,2.8889989811709285
60157,3.202746110486885
60158,2.4209267796361047
60159,2.5794541316779345
60160,2.2053995303361873
60161,1.512796336634672
60162,1.7109779023781257
60163,2.9442878880828687
60164,1.15264890402036
60165,2.478996226916081
60166,1.7824146819123499
60167,1.5018228987033595
60168,1.928589380763789
60169,1.1879508195399708
60170,1.5344893822901327
60171,2.2071849676319886
60172,2.2951771402014103
60173,0.6018073187106765
60174,1.9499442433293765
60175,1.4467622295502878
60176,2.628032526451534
60177,2.933953303964145
60178,1.716359660894419
60179,2.09688071136587
60180,1.927199478509877
60181,2.5872067745075142
60182,1.804044499463771
60183,2.39314319491033
60184,1.7407598824046957
60185,1.9028649856523359
60186,2.4697030052758393
60187,2.6881361050346015
60188,1.066734111148655
60189,1.9651620822721725
60190,1.5826400024132568
60191,2.4062169513127216
60192,7.32865019192306
60193,0.4438266684597778
60194,1.5664845817370008
60195,1.757490850312962
60196,1.653583193662243
60197,1.1233692735450589
60198,1.0607104571794324
60199,2.7521722307440797
60200,2.08919477318274
60201,2.6451898409224555
60202,1.7644976034624307
60203,3.48209158070744
60204,1.9609205545340984
60205,2.60711405925408
60206,1.072424737744683
60207,1.7724223208304863
60208,1.9276959414219519
60209,2.2090103452178056
60210,2.0050645913847873
60211,1.791463966319533
60212,2.7812251791180103
60213,0.8071668106679226
60214,2.086662314314651
60215,2.449391670860848
60216,4.159774980234474
60217,1.9054195347573
60218,3.102293883306963
60219,1.9710973437751491
60220,2.1494665977806946
60221,4.514440096415747
60222,1.9482507043993778
60223,1.7271556782267297
60224,2.2565270188892086
60225,1.724534260997416
60226,1.5285976291231194
60227,2.1658207320415883
60228,2.540488377281953
60229,0.2544302869943138
60230,1.2174406134365938
60231,2.0882646237574036
60232,1.3071999615144279
60233,3.9859588668491526
60234,1.065458168075196
60235,3.073330969126623
60236,2.6031630434693156
60237,1.7686099134546112
60238,1.600456734701595
60239,5.0693126486710085
60240,1.2768367602986288
60241,1.9622418765364031
60242,2.23414933917244
60243,3.316003222932146
60244,1.4531281518438206
60245,1.9502065225669938
60246,1.4201733016885711
60247,-0.002291888779133444
60248,1.0346810965520206
60249,2.356517779284104
60250,2.546586650989177
60251,1.450693250099441
60252,1.2646492760112693
60253,1.225264123304079
60254,0.7547679230313591
60255,3.653303337831808
60256,1.687829418677012
60257,2.609027884645478
60258,-0.3443667910454735
60259,2.1104846298460416
60260,1.895863562911046
60261,2.546039230018387
60262,1.263000904786459
60263,0.8989656952580418
60264,2.7017336699885774
60265,1.5869765444970128
60266,1.7902009212864272
60267,1.014798718312882
60268,0.625986142537684
60269,2.1178500521894037
60270,2.023175270188162
60271,3.890073503164473
60272,2.12605120036784
60273,2.474388512780777
60274,-0.07578604577478387
60275,1.6118628577783838
60276,2.8260984011330876
60277,1.998024464404537
60278,2.332125301293374
60279,2.5507085938002945
60280,2.983870389308848
60281,2.491947797033177
60282,3.156261609391507
60283,3.327221743389856
60284,0.6738805570087223
60285,5.536579183521475
60286,2.830096132761426
60287,1.355594598682174
60288,1.3691929783608998
60289,1.940370205577878
60290,0.5008531833824961
60291,2.312383867896216
60292,1.8273406959622562
60293,2.6758837722423507
60294,2.874828222053466
60295,3.538695822917731
60296,0.8473093013456321
60297,1.3751696978878982
60298,3.734470434746477
60299,2.5301403000506184
60300,2.262464515942902
60301,2.0470474549433035
60302,1.787438709077577
60303,2.1294320096421018
60304,3.9649977837772923
60305,1.333089609231365
60306,1.7344363181341294
60307,2.5104015378198383
60308,3.2827263252375687
60309,2.392260263935313
60310,2.0660763547667216
60311,2.1309973264786493
60312,1.6212909256662797
60313,2.299868087193616
60314,0.8149777933078752
60315,3.2491659503990675
60316,1.8145550441461609
60317,4.361551833051685
60318,1.590142315711887
60319,1.9306005288328905
60320,2.7697767758305005
60321,3.74809751265137
60322,2.191275230194094
60323,0.4921147945200417
60324,2.4392795877048243
60325,2.8634972723017853
60326,1.8879134227499463
60327,2.5175707942765726
60328,1.8965419048616496
60329,2.8536259428338653
60330,0.9957828534610158
60331,1.5855952589935498
60332,2.076610238809508
60333,3.683690310749334
60334,2.9420532754578446
60335,0.9771655521001108
60336,1.9049581189951255
60337,1.3549120578562608
60338,0.17239803453710323
60339,2.4343860177756795
60340,1.91417394178184
60341,3.0405238582855105
60342,1.5203818811087828
60343,1.8895838785116652
60344,2.4758701358092523
60345,2.5185821556451486
60346,1.5383560857068517
60347,1.6399804429053901
60348,1.2158473543723858
60349,2.1477661202314664
60350,1.5324383354310953
60351,2.000763584343993
60352,1.9194407645124087
60353,2.558120657793893
60354,2.8127014024634747
60355,1.9609005473066077
60356,3.027436564955984
60357,2.3705528387596786
60358,1.5440063439957683
60359,3.0300155301781615
60360,0.6882887808947871
60361,2.498979395285616
60362,1.3968329757990077
60363,2.281111980525772
60364,1.4932419712163068
60365,2.450201291729954
60366,1.3269340138673442
60367,1.0847688410492822
60368,2.935161404060686
60369,1.774615577565143
60370,3.221609673948862
60371,3.7262558365700116
60372,3.1411949981400937
60373,1.4996197247603646
60374,2.004905737464412
60375,3.3316275220020657
60376,0.8570707771488415
60377,1.926586079049315
60378,1.8447410945028793
60379,0.9538612131873379
60380,2.035889933389633
60381,1.3804962303319428
60382,3.4656707262052464
60383,1.7558187775399858
60384,2.2142473770665347
60385,2.44387064322315
60386,2.1491054586036853
60387,1.9983030531876764
60388,2.3289661859857773
60389,4.315829730196974
60390,0.7213796493469573
60391,2.1422406311908304
60392,1.2592338349396783
60393,2.1369954939887634
60394,2.298138568855805
60395,2.1501627911898638
60396,1.3164927468974241
60397,4.28201540112439
60398,2.18393770266195
60399,0.9842570179133148
60400,2.6658681714564736
60401,2.604582488233916
60402,1.8014500409841645
60403,1.8816314932424874
60404,2.4802949650493034
60405,1.6592149602858512
60406,4.125060848776641
60407,1.970819043751078
60408,2.824926527843381
60409,2.00527908526702
60410,1.3730636606193372
60411,2.3636956915413307
60412,1.9621821962112946
60413,1.7658519552246261
60414,2.461769852367347
60415,1.9217373643665212
60416,3.5780575102109182
60417,1.4624363551911301
60418,1.5998682004602358
60419,0.5025080457567555
60420,2.3405266636171334
60421,3.020105694357312
60422,2.2792343837308167
60423,0.604247200766217
60424,1.9910516723711424
60425,1.9253193923141936
60426,0.5596088272548201
60427,1.3433532637297532
60428,0.9923189264298244
60429,2.0437119367250887
60430,1.1747968742332873
60431,1.1211861650535297
60432,1.6632470242503388
60433,0.9136327556124542
60434,1.5996413771538727
60435,1.6708941697032031
60436,1.9377731775098184
60437,1.9375731125675841
60438,1.586268921813172
60439,2.043160894508823
60440,3.7708232966803905
60441,1.7126512887036967
60442,1.2957046326586976
60443,2.537362613807808
60444,3.0437154166925495
60445,1.3277363616696505
60446,2.624768347944986
60447,1.2443330613224575
60448,0.7298133785018734
60449,1.7277818215410718
60450,2.465326498516511
60451,0.42873285152836615
60452,1.0046533269057178
60453,4.482637993639344
60454,2.156456583831954
60455,1.1670570586174094
60456,1.3745085187436743
60457,1.3734396185845839
60458,2.020775182217939
60459,2.683742088264516
60460,2.007606619175604
60461,2.4013376936992827
60462,1.684332739475039
60463,3.000055406118001
60464,2.5176953070781565
60465,2.105638189508774
60466,2.053835800082794
60467,2.1180761582538707
60468,1.8747341241590618
60469,2.3683383866010246
60470,2.273286046946261
60471,1.811357302044108
60472,0.6984376489393895
60473,0.5276667251008647
60474,2.7539801273151383
60475,2.002889235776742
60476,1.3034792860586535
60477,1.2483694397739882
60478,2.312896028633517
60479,2.140310076984136
60480,2.6449181194986977
60481,2.6697655616791067
60482,1.940162044969398
60483,1.7460590129591083
60484,2.766762223173295
60485,2.233413013878767
60486,1.66744436722
60487,1.5326751563439984
60488,2.1648979252855725
60489,0.32057139971177406
60490,1.7337086582090109
60491,3.1305198981599958
60492,2.2900783142186043
60493,2.2078865612673013
60494,2.3809495889059917
60495,1.7490631803327261
60496,2.6097667564391998
60497,1.7475818802544154
60498,3.2851079540573167
60499,2.400736488251347
60500,3.7203565236318994
60501,2.967549724128112
60502,2.134776374655857
60503,2.77554490784901
60504,2.1860226702204812
60505,2.0304255446561967
60506,2.7175546942789595
60507,1.25383575214844
60508,6.833808987214383
60509,1.8483801271451483
60510,1.549410086327896
60511,0.966877137805426
60512,1.0716517299507018
60513,3.0594267482285957
60514,2.9916084788121395
60515,1.3439543155119011
60516,0.19222619249636352
60517,1.0877490191654218
60518,1.6357190492311346
60519,2.5060887908063947
60520,1.9086734444412912
60521,0.7110449079854746
60522,2.438653016916291
60523,2.5019106441481043
60524,1.1638174476468635
60525,3.842487483131592
60526,0.9736516701205318
60527,1.4028180315718473
60528,1.0440658728113164
60529,1.1049914368841343
60530,2.077784208670593
60531,1.751107154796813
60532,2.231859636527112
60533,1.0047713258522037
60534,2.042014254833717
60535,1.8279592565906668
60536,2.4368611611329314
60537,1.2877455555185406
60538,1.453840966522435
60539,1.877575728786546
60540,2.080412996073356
60541,0.42744354832122156
60542,3.2811514286014116
60543,2.3114069455900363
60544,2.271172494429514
60545,2.1172449561624234
60546,2.361275745492321
60547,2.500791754154399
60548,1.7440454308268443
60549,0.7163163892577984
60550,2.5782894445510465
60551,1.7674635513734245
60552,3.573612814538407
60553,1.5723820369169985
60554,2.0122618955025473
60555,2.52144197828153
60556,1.878626441083405
60557,1.709347306973676
60558,0.5713477415201709
60559,0.8546343280244599
60560,2.414570192082614
60561,0.8967831027511579
60562,2.278357165113725
60563,1.0267361991048531
60564,3.0324805439200233
60565,1.4202998622512695
60566,2.8189588508053447
60567,2.0916828016566384
60568,2.834730008426831
60569,1.4781694956533187
60570,1.8758763297846812
60571,1.8049558036237485
60572,2.215824479906722
60573,2.2487608384099502
60574,2.4665611673582433
60575,1.6012487975040344
60576,2.40319115729622
60577,1.5006850839247363
60578,2.3966244649707207
60579,2.335150492524434
60580,0.7698840896205041
60581,2.6647008487248485
60582,2.4076021851611316
60583,1.7405539740102185
60584,3.4238689965552425
60585,2.815324964625546
60586,2.6134514553613712
60587,3.1533600562559627
60588,2.3887102034461023
60589,0.7411694827860913
60590,1.5469379377890107
60591,1.476844255901966
60592,2.385592436715278
60593,2.3998013718209137
60594,2.2885648487926247
60595,1.553284753967013
60596,1.3271161611721922
60597,1.6866111034916003
60598,2.04652467243082
60599,2.954211274929399
60600,1.440778605662885
60601,2.849667387546333
60602,0.5728638059607434
60603,2.308917871199043
60604,2.3170671992953586
60605,0.957744882511669
60606,1.6364808010162548
60607,1.9144150059119838
60608,2.168615543809487
60609,0.0781248444185394
60610,1.581697662051127
60611,1.1826110731129376
60612,2.5357784242488464
60613,2.6673307561250184
60614,1.3208652771520306
60615,3.1614504651330506
60616,2.232589712612544
60617,1.5988483072385975
60618,1.789629910593618
60619,2.4603421327029906
60620,2.9635749313359767
60621,2.281826668693917
60622,2.785956948499553
60623,1.8664355537916535
60624,1.7475547524576456
60625,2.6967691599213666
60626,2.5200235047726594
60627,0.7140047890483174
60628,2.879429509970187
60629,2.677620409308929
60630,1.598014299871437
60631,2.1259477669045452
60632,3.319142928279703
60633,1.6868198392812275
60634,1.6815891148295776
60635,2.379187314288437
60636,1.7370739201142484
60637,1.0361241495488684
60638,2.978502241078928
60639,2.3015061617141086
60640,1.7455282193757782
60641,1.5130124817010824
60642,2.4973538133666224
60643,2.2669775051733225
60644,1.4638465699533896
60645,2.1421676145222293
60646,1.6892055574484814
60647,1.2240793391351161
60648,3.705944143995019
60649,1.6085568299821844
60650,2.004190997956975
60651,2.1171770833758004
60652,2.953554812083837
60653,1.9414587993746508
60654,2.4734129842748587
60655,2.322805349796127
60656,1.7060607282235694
60657,1.9295936659530284
60658,2.441907400062675
60659,2.0395765797327385
60660,2.7504473148001978
60661,2.620788366156951
60662,2.156731711472027
60663,3.076138791952765
60664,2.873832852078337
60665,1.8277323124464573
60666,2.3202487701906094
60667,1.9134556006469623
60668,1.4933299925338943
60669,2.566670830318813
60670,3.487140254640444
60671,2.7807058592173277
60672,2.286698209754306
60673,2.4769846279839243
60674,2.5597839257142425
60675,1.4236767145090568
60676,2.1492329818311546
60677,2.1292466362860125
60678,2.089827063035621
60679,3.026815929698806
60680,2.019382928933041
60681,2.00836724125665
60682,1.7101722841694382
60683,1.1234515485603325
60684,0.9767166855236553
60685,2.162142292033799
60686,2.217236983194276
60687,2.041991227347779
60688,1.3203302994192825
60689,3.206190591254959
60690,4.902317829660788
60691,2.035814629826355
60692,2.672677542392691
60693,2.0641781946214266
60694,2.6599078952123065
60695,0.5346328556850537
60696,1.0693936367852075
60697,1.3822157428766104
60698,1.7783746732709318
60699,2.1548895005454725
60700,1.8338728973923395
60701,2.9835934799232646
60702,2.149319396920049
60703,1.8333070174618697
60704,2.2353494812759536
60705,2.7705569615083547
60706,2.3020626879017883
60707,1.629274934572166
60708,2.425844228136029
60709,1.670208384444301
60710,1.7423352052505905
60711,0.8877448573468172
60712,2.370640669337199
60713,0.6952600279469436
60714,1.7679739913692885
60715,3.458736029199585
60716,1.0102588063507554
60717,3.596321234757596
60718,2.400716128698413
60719,1.1768957674348997
60720,0.8039324413999793
60721,1.7909964760210428
60722,2.52232576717401
60723,3.629456023622083
60724,2.8486496561514514
60725,2.284615889750114
60726,1.1352234263679364
60727,2.1712569449720505
60728,2.3203534872027802
60729,0.6230021818309481
60730,2.3574298884859886
60731,2.002906900614846
60732,2.786894931909096
60733,2.745467258562094
60734,3.111473249101607
60735,2.3224050045438815
60736,2.7886537745878925
60737,2.0553263893508955
60738,1.7994843686135766
60739,1.3596266987840124
60740,3.220516644316511
60741,2.8894527406124837
60742,3.7873816300676353
60743,2.9045141371713115
60744,2.314288407995349
60745,1.5894127136013196
60746,2.538965916156286
60747,2.220725505644225
60748,1.8684257575649923
60749,1.2800166349991713
60750,5.4848556992307635
60751,2.262623041547428
60752,2.6254048957345972
60753,3.1432806491440815
60754,3.3523710868625614
60755,2.8198803269667394
60756,2.9260149533815323
60757,5.295914616209686
60758,1.3091498455404036
60759,2.6346133613029252
60760,3.3010796612946507
60761,1.8616487576287497
60762,1.413367633099135
60763,2.025991784021784
60764,2.068524672013183
60765,1.9978239710326093
60766,2.6958450392340083
60767,2.945899906532894
60768,2.4755503077580414
60769,2.9290011244549703
60770,2.6270200152814525
60771,2.316169643934103
60772,0.7294458426193202
60773,1.8321165476279404
60774,1.7537430216341576
60775,1.4950817628048583
60776,1.5226992660146408
60777,4.2475602868773805
60778,1.7192423008659148
60779,4.065637057266329
60780,1.7201608782392626
60781,2.4434265026917927
60782,1.1355451765609033
60783,2.17679693152607
60784,2.15102531216143
60785,1.5712566489067825
60786,1.7576588431690823
60787,1.4390547804575888
60788,3.0760626922639887
60789,4.466347350235807
60790,1.8650030612276396
60791,1.817348400549129
60792,2.7143406500994516
60793,1.4035404794274982
60794,4.802017017588376
60795,2.6555285558144917
60796,2.461041009568298
60797,1.0783394203568264
60798,0.6040745448698175
60799,1.0801842466542269
60800,1.7273849004974977
60801,1.7425835453621161
60802,4.008747523655806
60803,1.4114553485203771
60804,1.4744104591010654
60805,1.01314238559101
60806,3.784812557422228
60807,1.825285883867764
60808,2.0496986211182744
60809,1.5374606241933861
60810,1.2445151505228154
60811,1.9457367691275778
60812,2.5173238676114593
60813,2.693105820663895
60814,1.5079799478372493
60815,1.6065843389325565
60816,3.0504513119533385
60817,1.7521195907973208
60818,2.2143516410930886
60819,1.6794819187631163
60820,3.4513529607813496
60821,2.2138983697238075
60822,0.8146032121294553
60823,1.5878955120020706
60824,2.690769977211893
60825,2.228101556612799
60826,1.8932367668356633
60827,0.9938822061725858
60828,3.229664491727071
60829,1.481209826576361
60830,2.090962674720899
60831,1.7550315177878986
60832,1.3682364694997347
60833,1.0027157463980316
60834,1.6763153447088186
60835,3.511464570121042
60836,3.1461305557400934
60837,2.658842223887092
60838,0.9894413993023576
60839,2.634239018705557
60840,2.7665615550124656
60841,0.9987407679928424
60842,1.0578267656940383
60843,1.7812755329654948
60844,1.497229230142345
60845,2.8772955211789224
60846,1.8137559164975556
60847,1.5452954267073622
60848,2.4605509184020704
60849,3.679407221554804
60850,3.0682970758741064
60851,2.4304459898896695
60852,1.8260069209928815
60853,1.7721883975419672
60854,1.4005554130961286
60855,1.7080360878818865
60856,2.662388732556167
60857,1.4886603974866404
60858,2.5441121231618737
60859,2.1077960148036965
60860,2.7354285155148332
60861,2.398940121936967
60862,1.791959251836218
60863,2.1599602863600538
60864,2.3137276620789464
60865,1.7696684755249876
60866,2.0465452312452044
60867,2.883005882969215
60868,1.9112924830123816
60869,2.0985538508209913
60870,0.8668696620083125
60871,1.150085459544826
60872,1.183846668084037
60873,1.3388804359438993
60874,2.1675689810455907
60875,1.526516839140605
60876,2.606634810364227
60877,2.461157300938659
60878,0.8771753124359947
60879,2.5912533623629486
60880,2.9236485054803723
60881,1.6510360953826435
60882,2.05718990885201
60883,1.687430443619661
60884,3.03253029789483
60885,3.839166549586416
60886,1.633741494710243
60887,1.187847130593454
60888,1.9236584895152546
60889,2.785297017507901
60890,5.125059721362462
60891,2.0087670796994104
60892,1.8954500175951878
60893,2.1219196501278432
60894,-0.10967412368975005
60895,2.6895580265872567
60896,0.7636663945084692
60897,2.836825689475077
60898,1.4383566055692185
60899,2.2005397889034555
60900,2.6862378841965437
60901,3.550093794349081
60902,2.15179235145812
60903,1.998280868996396
60904,0.5914413753785723
60905,5.018549119427753
60906,2.0444197598108573
60907,2.698713586772861
60908,2.148582123645191
60909,0.8680859083477799
60910,0.7866095410980734
60911,2.3609041913595803
60912,1.433240466590206
60913,3.044221219776013
60914,1.526928273056619
60915,1.2990613823238704
60916,2.2192402612847673
60917,1.8860569208456042
60918,1.448011962434066
60919,3.3090965544399893
60920,1.1881702205185007
60921,1.5939024044233463
60922,1.3659166453645426
60923,1.9690280041280985
60924,2.001061698984131
60925,1.456676093441601
60926,1.7734859011486819
60927,2.4752635032889714
60928,1.9362737477515637
60929,1.4408223165514684
60930,1.4475528533293982
60931,1.2541875028056637
60932,5.597695132048109
60933,2.719025299728436
60934,3.031352746292228
60935,2.141363457586195
60936,2.7944432324908988
60937,-0.1797534557873135
60938,1.6667338084141932
60939,1.7077778841727493
60940,2.0839290855207295
60941,2.0814831539243457
60942,1.9805933222603542
60943,1.315125753315101
60944,2.233261695801666
60945,2.0093540454256384
60946,1.0039054377710173
60947,1.2136559285785253
60948,6.940836943660678
60949,2.117437183691777
60950,3.0008197565231427
60951,1.9919371340962115
60952,2.588599204296024
60953,2.1824981158787864
60954,1.6751832375890032
60955,2.6124042230372737
60956,0.8501975217003661
60957,2.0173164455738117
60958,2.975717045959769
60959,2.0511188339685447
60960,3.145914406550297
60961,0.9974809930953654
60962,2.2880380383863113
60963,2.7354779440478936
60964,2.6931419783180814
60965,1.9965496555350484
60966,3.815677047422028
60967,2.592798108189996
60968,1.7538500701262763
60969,1.772541558721926
60970,2.3616463862788564
60971,2.386190860452338
60972,1.024288289033052
60973,1.6460663383064045
60974,1.565821044990713
60975,2.543134867132892
60976,3.6331925413899526
60977,3.4480617634408333
60978,1.4555677454945197
60979,2.4337155935490884
60980,3.0352786904071394
60981,1.558401731334314
60982,2.363214285690603
60983,0.21018650100334924
60984,2.835087588672714
60985,4.8964812437900065
60986,2.5214942579840454
60987,1.4008227086897307
60988,0.5632386306965103
60989,0.7482493013510307
60990,2.2337270765949526
60991,1.8774095485407685
60992,0.4896688855755116
60993,0.7212070637354913
60994,2.6696360704723787
60995,2.5685438583282973
60996,1.7473196209695914
60997,1.1996424850498144
60998,1.4317826139877283
60999,2.035449624417609
61000,1.3276017427520372
61001,1.3292198780079332
61002,4.574415791261487
61003,2.1263227880106825
61004,3.832780833064014
61005,2.255945153551025
61006,0.6609851669911464
61007,5.1194800943121805
61008,0.7066233253336733
61009,2.2047558486373333
61010,2.3531266387566774
61011,1.3134096323835394
61012,2.601805092868318
61013,0.3110414901653442
61014,1.126020508072557
61015,3.404935104817291
61016,5.16468832737921
61017,1.7254110225387294
61018,3.0209418965174706
61019,2.1165852053188274
61020,3.0538807796761276
61021,2.1235127051750595
61022,1.9838885074353314
61023,0.572433476198178
61024,3.153738498755608
61025,2.287069222580918
61026,1.7580091011381214
61027,2.0973466694648906
61028,3.7728539126542344
61029,2.6599867790656546
61030,2.5399662978535815
61031,2.3479577749452147
61032,2.7418246051049735
61033,0.7695500839914828
61034,3.147537294001488
61035,2.038895447354527
61036,2.5323382812865276
61037,0.8028075912583361
61038,2.9260002604385846
61039,1.3582842271090882
61040,1.8460834687683203
61041,2.860913561732616
61042,1.5935861331514474
61043,2.187053138377692
61044,2.9313330873594126
61045,3.2527882512092106
61046,1.3205381967190348
61047,1.3620416508413626
61048,2.57923595118163
61049,1.3541846240232758
61050,2.5918341120229016
61051,1.6032632297290306
61052,3.056138021662072
61053,1.9064184638023605
61054,3.25870793703762
61055,3.3730794181229626
61056,0.8384334416745673
61057,0.8272967411487997
61058,2.73106554743849
61059,1.7449003645056536
61060,1.826374406533958
61061,2.879448406283629
61062,1.6578250422345988
61063,0.8766099549458843
61064,0.5650973422289383
61065,3.090883080959088
61066,2.193632964918379
61067,2.125373424250988
61068,2.901584848661237
61069,2.7003092797789776
61070,2.2511258772667304
61071,0.9773382083690052
61072,2.110734757380115
61073,3.385844384138032
61074,2.237708554126378
61075,1.6645148561773695
61076,3.3852226389469706
61077,2.193501072051589
61078,1.424998121832985
61079,0.5788594582238744
61080,0.9395686488685797
61081,1.9674826403339125
61082,1.9755499851320977
61083,1.0348442066213295
61084,1.2652568035414404
61085,2.5536238328773564
61086,2.29417074761178
61087,1.1322526300084448
61088,1.8472479838612728
61089,1.9184685403613813
61090,2.317483218665032
61091,1.8899617549283718
61092,2.670293578799459
61093,3.874793652655434
61094,2.077413107760009
61095,1.0247011878172358
61096,1.4316995723580916
61097,2.3761706487186487
61098,1.3447144272175962
61099,2.043319502848547
61100,1.8830766177067204
61101,2.509144083449229
61102,2.0917207086762843
61103,1.8651814492378236
61104,2.2080243751199617
61105,0.4531548138883821
61106,2.0835925665916335
61107,1.1474459971485373
61108,1.4706340027148528
61109,2.792141552525429
61110,2.1879243557315746
61111,1.1258523673218477
61112,1.4209303713922452
61113,0.9909149580381253
61114,3.0148349313220706
61115,1.8068541511821508
61116,3.140145888760138
61117,1.3786338206050175
61118,2.393058657996143
61119,1.8696612371605212
61120,1.7120477999594428
61121,1.5814687472843403
61122,3.9131948924546194
61123,2.021242140618533
61124,1.8281362664986816
61125,2.4170912204527824
61126,2.569206728082129
61127,2.558577330348612
61128,1.5124712332939794
61129,2.0112662495239775
61130,2.0628595749473035
61131,1.891241908584874
61132,1.424983461054886
61133,0.9112726289755599
61134,1.7759080105339038
61135,3.432316848160653
61136,1.8876409989070098
61137,2.8288934556874494
61138,2.181183645296265
61139,0.9837488152196556
61140,2.028598291746654
61141,2.8456218364687444
61142,2.194026893157897
61143,2.243039524265974
61144,1.490834804404436
61145,0.8505290930409757
61146,4.361036141053553
61147,2.7881173293341135
61148,1.2826549898273356
61149,2.276193979818821
61150,2.961804885191171
61151,3.089153136298897
61152,1.7654879458856811
61153,2.2967790570755326
61154,2.0623227434346347
61155,2.296684412093775
61156,1.904345973461922
61157,2.4886138518252423
61158,1.6191743919795627
61159,1.5223886673581575
61160,2.5031764636510303
61161,1.2370859880810912
61162,2.2932431225962873
61163,2.581680133801939
61164,1.8605034327990921
61165,1.9842133899507104
61166,2.403130265395049
61167,1.0015781263213057
61168,2.6590074039535168
61169,1.910266478166612
61170,2.1221237047220427
61171,2.4069010896705336
61172,5.249397697217056
61173,3.1343230977175267
61174,2.147166681295218
61175,1.7303492093874482
61176,1.7039499630226516
61177,1.9352764782311809
61178,1.9212088858293725
61179,2.3943028263884614
61180,1.5336880788326823
61181,3.284537974997704
61182,2.5999839716899587
61183,2.3702898192230464
61184,2.197389050835909
61185,1.4119429983838074
61186,1.7158805743009111
61187,1.5585533685493047
61188,5.9079246720232845
61189,3.1633178008126137
61190,1.8123277345610447
61191,1.4423189424028138
61192,3.862984593996252
61193,1.3140957957024213
61194,1.3609484333851114
61195,3.525157449269763
61196,2.7249784673772766
61197,0.20807950088165938
61198,1.4321589763361402
61199,2.7344354740684906
61200,3.10486614588838
61201,2.2038591362997053
61202,2.246493528541791
61203,3.067955024862883
61204,1.205545929434983
61205,5.760151229309663
61206,1.7134416759679851
61207,2.0639415137599855
61208,1.2354288050183868
61209,2.645371217148309
61210,2.603761265267323
61211,2.0356262510782415
61212,3.934630631021186
61213,1.4882284416758793
61214,2.3434841704682157
61215,1.8281911163231754
61216,3.352161285681653
61217,1.8728353574660517
61218,2.7884292424738604
61219,2.703170594870919
61220,3.3525263559673846
61221,2.08166559478493
61222,4.899700052917119
61223,2.2973372202733344
61224,2.2125757118771503
61225,1.6554119580201814
61226,2.8201798776819373
61227,0.8959149681053731
61228,1.588931181777781
61229,0.7766217307483672
61230,3.157007362248933
61231,2.1236823038298525
61232,0.8834258780126945
61233,3.6346377051535654
61234,0.7352226917083016
61235,0.6139580252667329
61236,1.717684393407744
61237,1.726338521173659
61238,1.7143265808081978
61239,3.765340004572714
61240,2.6459713654982835
61241,2.487592820682721
61242,-0.22467248263928496
61243,1.6421805771723896
61244,3.0179067150329786
61245,1.7810488910777948
61246,1.1716524459819695
61247,4.454211870656735
61248,2.526548111303782
61249,0.9207095134145646
61250,2.374276697160049
61251,2.6397918388973736
61252,0.961529123536593
61253,2.1554664628893505
61254,1.6634776222255994
61255,2.9523823194383354
61256,2.2734916452535145
61257,1.4253284189315991
61258,1.5401557692638832
61259,3.7733489571541554
61260,1.8106501064044664
61261,1.7478779482084619
61262,1.9912630626093843
61263,2.384566206564415
61264,1.8244117698140627
61265,1.229156258383611
61266,3.724984291061162
61267,2.9909928306191134
61268,1.829288303590836
61269,0.9456057087511596
61270,1.8442420017712422
61271,3.6757004492190006
61272,2.3786420231157663
61273,1.4690296240977858
61274,1.7835830099010224
61275,3.7770292171705435
61276,2.2123861457258727
61277,3.1355329509202363
61278,1.951534314287393
61279,2.3018970357898425
61280,2.0887953616148707
61281,2.093973448118163
61282,4.130520927756194
61283,1.8959824710494502
61284,2.336622226982442
61285,2.167541773981327
61286,2.144423395453252
61287,0.73551955176805
61288,0.6222123674340949
61289,2.470947311303945
61290,-0.20385744175457887
61291,0.8214037465191595
61292,1.9396109819145053
61293,2.4708330243348584
61294,2.3485675037467146
61295,2.249434583533265
61296,1.8308563970593994
61297,3.276081867526706
61298,1.4683316024803617
61299,1.8586336357219793
61300,2.941417283267562
61301,2.1746409833889118
61302,2.706182630560008
61303,3.2911037868495185
61304,1.980292469271454
61305,1.3053767984637688
61306,2.041752950754308
61307,0.8607066500076499
61308,1.6624396880821237
61309,2.621852676681179
61310,2.1534023943690457
61311,2.186227033216298
61312,2.3444837025817904
61313,1.7047887203083647
61314,2.445753513679371
61315,1.1726974973884126
61316,1.8780195185462603
61317,3.2779255932913927
61318,2.168800772619889
61319,1.2262670903337778
61320,1.148563915492666
61321,3.145758377038021
61322,1.791369257838511
61323,2.715382596490535
61324,1.6457612107776782
61325,2.844188137003286
61326,2.120698137322293
61327,1.699175034573031
61328,1.981122245045043
61329,1.367034420637978
61330,2.114236739138299
61331,1.4651212793510524
61332,1.0335964956063464
61333,1.778542357766753
61334,1.5661651872616105
61335,1.7563904223556506
61336,2.4085059124014805
61337,3.723861463827866
61338,1.6768557752284465
61339,1.980426003948729
61340,3.5279973421184465
61341,0.8941895471236379
61342,0.8817963249898995
61343,2.3491426986763884
61344,3.9789647539279898
61345,2.9524455771191853
61346,4.80954184898588
61347,0.8604604574819916
61348,1.4474681757265984
61349,1.3297293307850921
61350,1.7105738420004428
61351,1.8428295564361719
61352,3.937756054752356
61353,1.9413179755888805
61354,2.9309019783124484
61355,2.282605411864317
61356,3.07088068542528
61357,2.118894571876247
61358,1.326292746333806
61359,0.8833641141073016
61360,3.476720995362321
61361,1.53827681725938
61362,2.6691004937794602
61363,2.0884448761305947
61364,2.4841259434455623
61365,1.4924628164171239
61366,3.0615760976056805
61367,1.7960610488350852
61368,2.0877747529002093
61369,2.0773426246387103
61370,1.0637988845734228
61371,1.5200277790003014
61372,1.5431186599980862
61373,0.8145607046353547
61374,1.707611879749237
61375,2.002000600493467
61376,0.7994079839289228
61377,0.5176347678781283
61378,1.8836122404224795
61379,2.056404447118524
61380,1.52019290348467
61381,1.7312416322922317
61382,1.6792340155144387
61383,0.7758496028961233
61384,2.670492633186541
61385,2.2204323714894016
61386,2.5154491452054373
61387,1.2699041484796467
61388,2.293233539056814
61389,3.6739328710412806
61390,1.028035777797058
61391,1.0672322612125171
61392,2.3557667480425266
61393,2.345034871799612
61394,2.2065431306188046
61395,2.540435346495997
61396,1.4796288073389903
61397,0.7546950169148303
61398,3.4950765045952252
61399,4.174726534452184
61400,3.1024610533940304
61401,2.310970428369849
61402,1.6559576051562814
61403,2.4321921304138314
61404,1.8038991289737965
61405,1.7035096642433416
61406,2.5854912210430356
61407,2.826563836187809
61408,2.176601261887164
61409,1.5173263333388718
61410,1.8284201777645634
61411,1.9405395594273926
61412,1.8076581118136446
61413,0.8106435372241734
61414,3.5926227322782083
61415,0.6119822972330269
61416,2.609666324154311
61417,1.4262692087337498
61418,1.0376526289711094
61419,2.5541674294486185
61420,2.0879325401710247
61421,3.2632899110735565
61422,2.2878759687318606
61423,2.28561614538733
61424,1.4200455106517822
61425,1.2028239419266384
61426,2.0750893051356556
61427,2.7656226790840677
61428,1.9105944323122799
61429,1.0144509141305207
61430,1.9914610702090059
61431,7.367758166821133
61432,1.6729930398577508
61433,1.9432941895280038
61434,3.6049311369603956
61435,1.5848005835856327
61436,2.086529799683092
61437,1.9881154352558355
61438,1.0994843952477495
61439,1.7454292510692682
61440,1.6488319147121118
61441,3.5134479659442945
61442,1.1831867033521064
61443,3.052067221243483
61444,1.4893650763672994
61445,1.4400050529541346
61446,1.7792320449956094
61447,0.8138549627995744
61448,2.181527396976435
61449,2.5588122901743233
61450,1.9667787284387046
61451,5.138479332050203
61452,2.4624539774402976
61453,0.8568862816386158
61454,2.5270542578825044
61455,2.4691823956131316
61456,1.2675262060919437
61457,0.765647400185749
61458,1.6923557688412814
61459,0.8755596938081922
61460,2.1878678449545106
61461,1.2270982888644255
61462,1.5597060583387474
61463,1.3556573649758832
61464,-0.03519106572039732
61465,2.9201128115461756
61466,2.058135409473742
61467,1.6579523032701218
61468,2.72200692250275
61469,1.7752473736224559
61470,2.8408322920935447
61471,1.681145055827109
61472,3.2374485896822733
61473,2.007400639639066
61474,2.870822292417188
61475,2.699312531573497
61476,1.9331196149896215
61477,0.8180557391052758
61478,2.1810883837848536
61479,2.5512018796262197
61480,2.9975796699235815
61481,1.3166460005807252
61482,0.4426601292017196
61483,1.7373633066287866
61484,1.6221079763249548
61485,2.290712046609727
61486,1.46372339650555
61487,2.4797225095583926
61488,2.5263777349455694
61489,0.7689675471179243
61490,2.353520522700009
61491,2.2477494415818313
61492,2.1478325150448114
61493,2.1050856824393662
61494,2.500246832253147
61495,3.1749806733520813
61496,1.1965799130018056
61497,2.184870220736485
61498,3.0671872771693813
61499,1.2349811340248777
61500,1.8767099770008997
61501,1.4891011018454279
61502,1.6326219083594253
61503,1.099617792468642
61504,2.4308619137633443
61505,1.8642259040483893
61506,1.9885320820454808
61507,3.2368144951249107
61508,0.7812776047353225
61509,1.5161479520811838
61510,1.635767556608883
61511,1.7594819060689275
61512,1.7760991505823114
61513,1.679215298140413
61514,1.9270942804713016
61515,2.8222991183902195
61516,1.884864839188829
61517,2.686252000758458
61518,3.088391361793633
61519,2.0414238519020316
61520,2.750713629662407
61521,0.6862721974419941
61522,3.7808648485892036
61523,1.9992343829646302
61524,3.086107824027664
61525,2.2501874682694805
61526,0.7195517249627983
61527,1.3401121836503336
61528,1.5488721708282043
61529,2.4639859551684395
61530,1.412348414079382
61531,0.6069333518497828
61532,1.634315563766208
61533,2.390472857944559
61534,2.007343898563576
61535,1.2804534759771258
61536,1.916711878818191
61537,2.211647073660764
61538,2.5864757036004136
61539,2.579094281369798
61540,2.8849935733211183
61541,2.943651633483661
61542,1.9632719001912378
61543,1.8279263152877903
61544,1.5834344104808338
61545,1.9973135118538394
61546,2.000705429718394
61547,2.528000382637657
61548,1.9445263830590278
61549,2.791013771845236
61550,2.3007726780814863
61551,1.888725576361118
61552,1.1775072856680069
61553,1.4136261915964
61554,1.5294229699984356
61555,1.9371193542909566
61556,1.5292286334988816
61557,3.5705364977264153
61558,1.942124359144131
61559,4.292440225318558
61560,2.7482586226951753
61561,2.5810446177335677
61562,3.1371080892953884
61563,2.073106544934994
61564,1.8593232894114777
61565,1.6917628361063564
61566,2.1375005891127046
61567,0.42546748983485116
61568,1.949672312185072
61569,2.6603072206008704
61570,1.9996470118525806
61571,0.7789428794391995
61572,1.9604524967670969
61573,1.5846274406110155
61574,1.572254310384885
61575,0.6434824689788599
61576,0.2636201698419356
61577,2.7479415098142823
61578,-0.14596269649155857
61579,1.8374040785234058
61580,1.7119577690058136
61581,2.032217298792105
61582,1.8324835738355105
61583,1.7037409430637709
61584,1.8913756414302938
61585,2.112522462882147
61586,2.1210209690818687
61587,2.187563873884457
61588,3.010999314974349
61589,1.0551261908156917
61590,2.03407832432778
61591,1.9667143349551637
61592,1.540266824138726
61593,2.134546692771778
61594,2.0852861048878566
61595,1.5065475317417736
61596,2.21450647094251
61597,3.1204823549965894
61598,1.7286026393137561
61599,0.5289030846558234
61600,1.859599265109189
61601,1.0603604856043987
61602,2.121222378737478
61603,0.9225236014402753
61604,0.6821602551140487
61605,2.7275179144556176
61606,1.183883111911591
61607,1.6414528242377173
61608,0.5033676107699634
61609,3.0328671768649684
61610,1.190835282793131
61611,1.003657851717577
61612,3.2980946509518674
61613,0.8802016055828688
61614,2.5782416883678465
61615,1.8977986589946667
61616,1.4217899582124431
61617,2.8539904600338204
61618,1.9285433710694093
61619,2.4438612649464204
61620,1.0768580221259754
61621,1.498140814655443
61622,2.8860489373747242
61623,1.8005014880988242
61624,1.4746093603987376
61625,2.7557415624410524
61626,2.3716847248854265
61627,3.0767452801471293
61628,1.6192363412153838
61629,1.7911952496311798
61630,4.117133522076713
61631,2.5629628093985843
61632,0.9678311602015413
61633,2.8192379427721903
61634,1.5239987257376342
61635,1.977451191383608
61636,2.1106449404358756
61637,2.4587487016990934
61638,2.239605029734058
61639,2.2154946410658667
61640,2.645781230004758
61641,2.0055870736899166
61642,2.6045336326754693
61643,2.187797261490438
61644,1.777383881478407
61645,3.691075875349867
61646,2.7472274842491586
61647,2.5400624577861137
61648,3.151211257719595
61649,2.0174746589413175
61650,2.5855737486927026
61651,3.0526091546605656
61652,1.6724278604682965
61653,1.8980580460303855
61654,2.830277818668094
61655,1.4223670387222995
61656,1.9235451390784206
61657,1.9495636633609479
61658,1.743849336352497
61659,1.030356921862861
61660,1.9470918243177735
61661,2.124240742329299
61662,1.6155321889478245
61663,1.8433103848158297
61664,1.5339733080605242
61665,2.297718293796372
61666,2.4437045076955997
61667,2.1371212165718774
61668,1.9000889285034788
61669,1.6441675683256278
61670,2.46370036745855
61671,1.1462231831050076
61672,2.2092896959785193
61673,1.491120642688955
61674,2.1261402947543004
61675,2.4822266262695294
61676,1.8905648496442211
61677,5.7419348167224555
61678,0.5269316521820144
61679,1.146256968188922
61680,3.183289315427885
61681,1.7235906295089336
61682,5.1536872238381335
61683,1.6320203957205095
61684,1.8297573586653613
61685,0.4037373079301858
61686,0.005537395819764868
61687,1.3439636391688907
61688,1.1839159726447974
61689,2.920828168688331
61690,4.197143466049113
61691,1.4354326576906473
61692,2.326169326700736
61693,0.7540210822201203
61694,0.9854550322605391
61695,2.8064525734875403
61696,2.7884177341543435
61697,1.9451692792231938
61698,2.2845828501484107
61699,1.628771430904564
61700,1.9556425176205536
61701,2.0897284672960694
61702,3.2744889147670193
61703,1.7294001426197383
61704,2.6476614852800324
61705,1.0793609826708277
61706,2.045963575279572
61707,2.2976922239082427
61708,1.2059106310128627
61709,0.6789831904397445
61710,0.5791162670886649
61711,1.296140025631793
61712,1.9838180858037475
61713,2.412509166774413
61714,2.080259728437184
61715,3.3537604724508654
61716,0.9256600298411612
61717,2.067638882448044
61718,2.637282729969165
61719,1.7621798027530176
61720,0.41751479154466153
61721,2.609286335369866
61722,2.4037659826028417
61723,1.9805131759845338
61724,1.7763493521481166
61725,2.789212676229795
61726,1.222482621938326
61727,1.5710464565278315
61728,0.8530327468752503
61729,2.378930620594261
61730,1.251184505823268
61731,2.1727436088555123
61732,1.62670179866398
61733,0.3303936224322257
61734,3.259026766250919
61735,1.9120134577148065
61736,2.484061707011705
61737,2.4835592374249345
61738,3.3368981975035084
61739,1.5007972682516524
61740,2.027152729074608
61741,2.0763475136613465
61742,1.9707252054373825
61743,0.5080333341531329
61744,2.323210358142312
61745,0.5322339589747571
61746,2.7454906741571747
61747,1.9672383285944335
61748,2.044684645241631
61749,1.911949858136417
61750,1.8679029298924803
61751,2.6172882295796356
61752,1.5367220595796027
61753,2.4272555890449965
61754,0.4334504590991628
61755,2.051417456604163
61756,0.49776563649831473
61757,0.6407271771458625
61758,2.3279061579958196
61759,2.560676435055541
61760,2.766091470977429
61761,2.6093471666565975
61762,3.5336119139229396
61763,1.7862424213892965
61764,1.478630102880281
61765,1.7321402449363177
61766,2.655993300696359
61767,2.1101633114914122
61768,2.2816764914306304
61769,1.968790100357019
61770,2.894357718828118
61771,3.4431656627731044
61772,2.687805208020528
61773,1.8466040574175224
61774,3.1275664168127832
61775,2.5206832959431082
61776,1.0583377840159898
61777,3.1726646780509498
61778,1.438992534079226
61779,2.080098362917724
61780,2.6750420311025067
61781,2.491403786778257
61782,2.1425866228733312
61783,1.6807315447789861
61784,2.700870587266891
61785,1.4893730128373122
61786,1.3272262304417026
61787,0.9790397105685003
61788,1.6265837708456985
61789,2.3229869082486303
61790,1.6817668327748052
61791,1.1272096087357824
61792,1.793400928259672
61793,3.5490661855181003
61794,3.0477730985207288
61795,2.4841004885858737
61796,1.8746012326241441
61797,1.059608402397778
61798,2.4063925816031144
61799,1.0382659983410036
61800,1.8811676726529925
61801,1.6884460796578793
61802,0.7588968128772393
61803,1.5651151689525733
61804,4.281645360997082
61805,2.834673516874936
61806,2.4387374634293835
61807,1.8127951647362082
61808,7.260140909611309
61809,1.0637865334698446
61810,1.525153384623728
61811,1.643796642167402
61812,2.25417326256796
61813,2.712929538784266
61814,1.8925923748101852
61815,1.6304391496527941
61816,1.398047659379344
61817,2.8148335136085265
61818,3.308814985973669
61819,3.1446101771279444
61820,2.4522003845934393
61821,2.2671166882974987
61822,2.527945396463501
61823,1.7905979375234153
61824,1.494444127671919
61825,2.4999118938130636
61826,2.437229429657563
61827,1.7473124212802063
61828,1.4641504989203966
61829,3.3589536127497936
61830,1.36723587020753
61831,3.618599749269535
61832,1.3090100807791671
61833,2.35148710794644
61834,2.3810515055822776
61835,1.7623104516169832
61836,4.046567411206759
61837,3.1396684759906606
61838,2.204013000235122
61839,3.462330811538287
61840,1.5405764809414109
61841,3.6387481430509325
61842,1.9374285686170154
61843,2.333015375149529
61844,2.2175821575411305
61845,1.7091827795994163
61846,2.637585925639705
61847,3.048210951362293
61848,2.109710103481177
61849,2.19278172030031
61850,3.9098255476935435
61851,2.487319910541011
61852,2.046718148069118
61853,1.9031211987202568
61854,2.10628416516267
61855,3.1274899183901255
61856,1.5212826178556682
61857,1.9677660665876715
61858,3.04042570617694
61859,1.1665745154584215
61860,2.4694184723815837
61861,1.7791912277663613
61862,0.8951195444529034
61863,1.73411152942505
61864,2.083104105193698
61865,1.8274420032959497
61866,0.8238229406244102
61867,2.1028759823303886
61868,1.8690097026804366
61869,2.588193937647027
61870,2.1675428780025996
61871,2.1866069367914562
61872,4.081570370877266
61873,2.479249132515733
61874,2.0028178262289273
61875,2.6346688859754863
61876,2.3694992219864375
61877,2.2046599793453083
61878,2.1378888611653863
61879,4.46235485780219
61880,3.7450811794843233
61881,2.990973029210174
61882,1.1815421314357764
61883,2.036365147455193
61884,1.9315753736523718
61885,1.7142321676008976
61886,1.517994651914563
61887,2.0861814233388145
61888,2.894997579009164
61889,1.135720000096228
61890,1.9368490719931941
61891,2.1600679887211314
61892,1.7297215344712313
61893,1.2976057571364095
61894,3.26591912401134
61895,3.0890185186539227
